ISO-10303-21;
HEADER;
FILE_DESCRIPTION(('FreeCAD Model'),'2;1');
FILE_NAME('Open CASCADE Shape Model','2026-05-11T14:45:49',('Author'),(
    ''),'Open CASCADE STEP processor 7.8','FreeCAD','Unknown');
FILE_SCHEMA(('AUTOMOTIVE_DESIGN { 1 0 10303 214 1 1 1 1 }'));
ENDSEC;
DATA;
#1 = APPLICATION_PROTOCOL_DEFINITION('international standard',
  'automotive_design',2000,#2);
#2 = APPLICATION_CONTEXT(
  'core data for automotive mechanical design processes');
#3 = SHAPE_DEFINITION_REPRESENTATION(#4,#10);
#4 = PRODUCT_DEFINITION_SHAPE('','',#5);
#5 = PRODUCT_DEFINITION('design','',#6,#9);
#6 = PRODUCT_DEFINITION_FORMATION('','',#7);
#7 = PRODUCT('Bed','Bed','',(#8));
#8 = PRODUCT_CONTEXT('',#2,'mechanical');
#9 = PRODUCT_DEFINITION_CONTEXT('part definition',#2,'design');
#10 = ADVANCED_BREP_SHAPE_REPRESENTATION('',(#11,#15),#6752);
#11 = AXIS2_PLACEMENT_3D('',#12,#13,#14);
#12 = CARTESIAN_POINT('',(0.,0.,0.));
#13 = DIRECTION('',(0.,0.,1.));
#14 = DIRECTION('',(1.,0.,-0.));
#15 = MANIFOLD_SOLID_BREP('',#16);
#16 = CLOSED_SHELL('',(#17,#57,#90,#121,#1388,#2435,#2452,#2469,#2486,
    #2526,#2543,#2567,#2584,#2608,#2625,#2649,#2746,#2770,#2787,#2804,
    #2821,#2838,#2855,#2872,#2889,#2906,#2923,#2940,#2957,#2974,#2991,
    #3008,#3048,#3065,#3089,#3186,#3210,#3227,#3251,#3268,#3292,#3304,
    #3321,#3343,#3360,#3377,#3394,#3411,#3428,#3445,#3457,#3556,#3580,
    #3679,#3710,#3734,#3758,#3782,#3806,#3823,#3845,#3862,#3879,#3896,
    #3913,#3930,#3947,#3959,#3990,#4014,#4038,#4062,#4086,#4103,#4125,
    #4142,#4159,#4176,#4193,#4210,#4227,#4239,#4261,#4278,#4295,#4312,
    #4329,#4346,#4363,#4375,#4406,#4430,#4454,#4478,#4502,#4519,#4543,
    #4574,#4598,#4622,#4646,#4670,#4687,#4786,#4808,#4825,#4842,#4859,
    #4876,#4893,#4910,#4922,#4953,#4977,#5001,#5025,#5049,#5066,#5088,
    #5105,#5122,#5139,#5156,#5173,#5190,#5202,#5224,#5241,#5258,#5275,
    #5292,#5309,#5326,#5338,#5369,#5393,#5417,#5441,#5465,#5482,#5504,
    #5521,#5538,#5555,#5572,#5589,#5606,#5618,#5717,#5741,#5765,#5790,
    #5807,#5831,#5856,#5873,#5897,#5922,#5939,#5963,#5988,#6005,#6022,
    #6047,#6072,#6097,#6122,#6147,#6164,#6189,#6214,#6239,#6256,#6273,
    #6323,#6335,#6385,#6397,#6414,#6464,#6476,#6526,#6538,#6556,#6574,
    #6591,#6608,#6625,#6642,#6660,#6677,#6694,#6712,#6722,#6732,#6742));
#17 = ADVANCED_FACE('',(#18),#52,.T.);
#18 = FACE_BOUND('',#19,.T.);
#19 = EDGE_LOOP('',(#20,#30,#38,#46));
#20 = ORIENTED_EDGE('',*,*,#21,.T.);
#21 = EDGE_CURVE('',#22,#24,#26,.T.);
#22 = VERTEX_POINT('',#23);
#23 = CARTESIAN_POINT('',(-78.,33.464101615138,0.));
#24 = VERTEX_POINT('',#25);
#25 = CARTESIAN_POINT('',(-78.,33.464101615138,4.));
#26 = LINE('',#27,#28);
#27 = CARTESIAN_POINT('',(-78.,33.464101615138,0.));
#28 = VECTOR('',#29,1.);
#29 = DIRECTION('',(0.,0.,1.));
#30 = ORIENTED_EDGE('',*,*,#31,.T.);
#31 = EDGE_CURVE('',#24,#32,#34,.T.);
#32 = VERTEX_POINT('',#33);
#33 = CARTESIAN_POINT('',(-67.08587988004,39.76537180436,4.));
#34 = LINE('',#35,#36);
#35 = CARTESIAN_POINT('',(-78.,33.464101615138,4.));
#36 = VECTOR('',#37,1.);
#37 = DIRECTION('',(0.866025403784,0.5,0.));
#38 = ORIENTED_EDGE('',*,*,#39,.F.);
#39 = EDGE_CURVE('',#40,#32,#42,.T.);
#40 = VERTEX_POINT('',#41);
#41 = CARTESIAN_POINT('',(-67.08587988004,39.76537180436,0.));
#42 = LINE('',#43,#44);
#43 = CARTESIAN_POINT('',(-67.08587988004,39.76537180436,0.));
#44 = VECTOR('',#45,1.);
#45 = DIRECTION('',(0.,0.,1.));
#46 = ORIENTED_EDGE('',*,*,#47,.F.);
#47 = EDGE_CURVE('',#22,#40,#48,.T.);
#48 = LINE('',#49,#50);
#49 = CARTESIAN_POINT('',(-78.,33.464101615138,0.));
#50 = VECTOR('',#51,1.);
#51 = DIRECTION('',(0.866025403784,0.5,0.));
#52 = PLANE('',#53);
#53 = AXIS2_PLACEMENT_3D('',#54,#55,#56);
#54 = CARTESIAN_POINT('',(-78.,33.464101615138,0.));
#55 = DIRECTION('',(-0.5,0.866025403784,0.));
#56 = DIRECTION('',(0.866025403784,0.5,0.));
#57 = ADVANCED_FACE('',(#58),#85,.T.);
#58 = FACE_BOUND('',#59,.F.);
#59 = EDGE_LOOP('',(#60,#61,#70,#78));
#60 = ORIENTED_EDGE('',*,*,#21,.T.);
#61 = ORIENTED_EDGE('',*,*,#62,.T.);
#62 = EDGE_CURVE('',#24,#63,#65,.T.);
#63 = VERTEX_POINT('',#64);
#64 = CARTESIAN_POINT('',(-80.,30.,4.));
#65 = CIRCLE('',#66,4.);
#66 = AXIS2_PLACEMENT_3D('',#67,#68,#69);
#67 = CARTESIAN_POINT('',(-76.,30.,4.));
#68 = DIRECTION('',(0.,0.,1.));
#69 = DIRECTION('',(1.,0.,0.));
#70 = ORIENTED_EDGE('',*,*,#71,.F.);
#71 = EDGE_CURVE('',#72,#63,#74,.T.);
#72 = VERTEX_POINT('',#73);
#73 = CARTESIAN_POINT('',(-80.,30.,0.));
#74 = LINE('',#75,#76);
#75 = CARTESIAN_POINT('',(-80.,30.,0.));
#76 = VECTOR('',#77,1.);
#77 = DIRECTION('',(0.,0.,1.));
#78 = ORIENTED_EDGE('',*,*,#79,.F.);
#79 = EDGE_CURVE('',#22,#72,#80,.T.);
#80 = CIRCLE('',#81,4.);
#81 = AXIS2_PLACEMENT_3D('',#82,#83,#84);
#82 = CARTESIAN_POINT('',(-76.,30.,0.));
#83 = DIRECTION('',(0.,0.,1.));
#84 = DIRECTION('',(1.,0.,0.));
#85 = CYLINDRICAL_SURFACE('',#86,4.);
#86 = AXIS2_PLACEMENT_3D('',#87,#88,#89);
#87 = CARTESIAN_POINT('',(-76.,30.,0.));
#88 = DIRECTION('',(-0.,-0.,-1.));
#89 = DIRECTION('',(1.,0.,0.));
#90 = ADVANCED_FACE('',(#91),#116,.T.);
#91 = FACE_BOUND('',#92,.T.);
#92 = EDGE_LOOP('',(#93,#101,#102,#110));
#93 = ORIENTED_EDGE('',*,*,#94,.F.);
#94 = EDGE_CURVE('',#40,#95,#97,.T.);
#95 = VERTEX_POINT('',#96);
#96 = CARTESIAN_POINT('',(-63.08587988004,46.693575034635,0.));
#97 = LINE('',#98,#99);
#98 = CARTESIAN_POINT('',(-67.08587988004,39.76537180436,0.));
#99 = VECTOR('',#100,1.);
#100 = DIRECTION('',(0.5,0.866025403784,0.));
#101 = ORIENTED_EDGE('',*,*,#39,.T.);
#102 = ORIENTED_EDGE('',*,*,#103,.T.);
#103 = EDGE_CURVE('',#32,#104,#106,.T.);
#104 = VERTEX_POINT('',#105);
#105 = CARTESIAN_POINT('',(-63.08587988004,46.693575034635,4.));
#106 = LINE('',#107,#108);
#107 = CARTESIAN_POINT('',(-67.08587988004,39.76537180436,4.));
#108 = VECTOR('',#109,1.);
#109 = DIRECTION('',(0.5,0.866025403784,0.));
#110 = ORIENTED_EDGE('',*,*,#111,.T.);
#111 = EDGE_CURVE('',#104,#95,#112,.T.);
#112 = LINE('',#113,#114);
#113 = CARTESIAN_POINT('',(-63.08587988004,46.693575034635,4.));
#114 = VECTOR('',#115,1.);
#115 = DIRECTION('',(-0.,-0.,-1.));
#116 = PLANE('',#117);
#117 = AXIS2_PLACEMENT_3D('',#118,#119,#120);
#118 = CARTESIAN_POINT('',(-67.08587988004,39.76537180436,0.));
#119 = DIRECTION('',(-0.866025403784,0.5,0.));
#120 = DIRECTION('',(0.5,0.866025403784,0.));
#121 = ADVANCED_FACE('',(#122,#446,#516,#527,#538,#549,#599,#669,#719,
    #789,#859,#909,#920,#970,#981,#1051,#1101,#1171,#1241,#1291,#1361,
    #1372),#1383,.F.);
#122 = FACE_BOUND('',#123,.F.);
#123 = EDGE_LOOP('',(#124,#125,#126,#134,#143,#151,#159,#168,#176,#185,
    #193,#201,#210,#218,#227,#235,#243,#252,#260,#269,#277,#285,#293,
    #301,#309,#317,#325,#333,#341,#349,#358,#366,#375,#383,#391,#399,
    #407,#415,#423,#431,#439,#445));
#124 = ORIENTED_EDGE('',*,*,#47,.F.);
#125 = ORIENTED_EDGE('',*,*,#79,.T.);
#126 = ORIENTED_EDGE('',*,*,#127,.F.);
#127 = EDGE_CURVE('',#128,#72,#130,.T.);
#128 = VERTEX_POINT('',#129);
#129 = CARTESIAN_POINT('',(-80.,-30.,0.));
#130 = LINE('',#131,#132);
#131 = CARTESIAN_POINT('',(-80.,-30.,0.));
#132 = VECTOR('',#133,1.);
#133 = DIRECTION('',(0.,1.,0.));
#134 = ORIENTED_EDGE('',*,*,#135,.T.);
#135 = EDGE_CURVE('',#128,#136,#138,.T.);
#136 = VERTEX_POINT('',#137);
#137 = CARTESIAN_POINT('',(-78.,-33.46410161513,0.));
#138 = CIRCLE('',#139,4.);
#139 = AXIS2_PLACEMENT_3D('',#140,#141,#142);
#140 = CARTESIAN_POINT('',(-76.,-30.,0.));
#141 = DIRECTION('',(0.,0.,1.));
#142 = DIRECTION('',(1.,0.,0.));
#143 = ORIENTED_EDGE('',*,*,#144,.F.);
#144 = EDGE_CURVE('',#145,#136,#147,.T.);
#145 = VERTEX_POINT('',#146);
#146 = CARTESIAN_POINT('',(-67.08587988004,-39.76537180436,0.));
#147 = LINE('',#148,#149);
#148 = CARTESIAN_POINT('',(-67.08587988004,-39.76537180436,0.));
#149 = VECTOR('',#150,1.);
#150 = DIRECTION('',(-0.866025403784,0.5,0.));
#151 = ORIENTED_EDGE('',*,*,#152,.F.);
#152 = EDGE_CURVE('',#153,#145,#155,.T.);
#153 = VERTEX_POINT('',#154);
#154 = CARTESIAN_POINT('',(-33.46410161513,-98.,0.));
#155 = LINE('',#156,#157);
#156 = CARTESIAN_POINT('',(-33.46410161513,-98.,0.));
#157 = VECTOR('',#158,1.);
#158 = DIRECTION('',(-0.5,0.866025403784,0.));
#159 = ORIENTED_EDGE('',*,*,#160,.T.);
#160 = EDGE_CURVE('',#153,#161,#163,.T.);
#161 = VERTEX_POINT('',#162);
#162 = CARTESIAN_POINT('',(-30.,-100.,0.));
#163 = CIRCLE('',#164,4.);
#164 = AXIS2_PLACEMENT_3D('',#165,#166,#167);
#165 = CARTESIAN_POINT('',(-30.,-96.,0.));
#166 = DIRECTION('',(0.,0.,1.));
#167 = DIRECTION('',(1.,0.,0.));
#168 = ORIENTED_EDGE('',*,*,#169,.F.);
#169 = EDGE_CURVE('',#170,#161,#172,.T.);
#170 = VERTEX_POINT('',#171);
#171 = CARTESIAN_POINT('',(30.,-100.,0.));
#172 = LINE('',#173,#174);
#173 = CARTESIAN_POINT('',(30.,-100.,0.));
#174 = VECTOR('',#175,1.);
#175 = DIRECTION('',(-1.,0.,0.));
#176 = ORIENTED_EDGE('',*,*,#177,.T.);
#177 = EDGE_CURVE('',#170,#178,#180,.T.);
#178 = VERTEX_POINT('',#179);
#179 = CARTESIAN_POINT('',(33.464101615138,-98.,0.));
#180 = CIRCLE('',#181,4.);
#181 = AXIS2_PLACEMENT_3D('',#182,#183,#184);
#182 = CARTESIAN_POINT('',(30.,-96.,0.));
#183 = DIRECTION('',(0.,0.,1.));
#184 = DIRECTION('',(1.,0.,0.));
#185 = ORIENTED_EDGE('',*,*,#186,.F.);
#186 = EDGE_CURVE('',#187,#178,#189,.T.);
#187 = VERTEX_POINT('',#188);
#188 = CARTESIAN_POINT('',(67.085879880048,-39.76537180436,0.));
#189 = LINE('',#190,#191);
#190 = CARTESIAN_POINT('',(67.085879880048,-39.76537180436,0.));
#191 = VECTOR('',#192,1.);
#192 = DIRECTION('',(-0.5,-0.866025403784,0.));
#193 = ORIENTED_EDGE('',*,*,#194,.F.);
#194 = EDGE_CURVE('',#195,#187,#197,.T.);
#195 = VERTEX_POINT('',#196);
#196 = CARTESIAN_POINT('',(78.,-33.46410161513,0.));
#197 = LINE('',#198,#199);
#198 = CARTESIAN_POINT('',(78.,-33.46410161513,0.));
#199 = VECTOR('',#200,1.);
#200 = DIRECTION('',(-0.866025403784,-0.5,0.));
#201 = ORIENTED_EDGE('',*,*,#202,.T.);
#202 = EDGE_CURVE('',#195,#203,#205,.T.);
#203 = VERTEX_POINT('',#204);
#204 = CARTESIAN_POINT('',(80.,-30.,0.));
#205 = CIRCLE('',#206,4.);
#206 = AXIS2_PLACEMENT_3D('',#207,#208,#209);
#207 = CARTESIAN_POINT('',(76.,-30.,0.));
#208 = DIRECTION('',(0.,0.,1.));
#209 = DIRECTION('',(1.,0.,0.));
#210 = ORIENTED_EDGE('',*,*,#211,.F.);
#211 = EDGE_CURVE('',#212,#203,#214,.T.);
#212 = VERTEX_POINT('',#213);
#213 = CARTESIAN_POINT('',(80.,30.,0.));
#214 = LINE('',#215,#216);
#215 = CARTESIAN_POINT('',(80.,30.,0.));
#216 = VECTOR('',#217,1.);
#217 = DIRECTION('',(0.,-1.,0.));
#218 = ORIENTED_EDGE('',*,*,#219,.T.);
#219 = EDGE_CURVE('',#212,#220,#222,.T.);
#220 = VERTEX_POINT('',#221);
#221 = CARTESIAN_POINT('',(78.,33.464101615138,0.));
#222 = CIRCLE('',#223,4.);
#223 = AXIS2_PLACEMENT_3D('',#224,#225,#226);
#224 = CARTESIAN_POINT('',(76.,30.,0.));
#225 = DIRECTION('',(0.,0.,1.));
#226 = DIRECTION('',(1.,0.,0.));
#227 = ORIENTED_EDGE('',*,*,#228,.F.);
#228 = EDGE_CURVE('',#229,#220,#231,.T.);
#229 = VERTEX_POINT('',#230);
#230 = CARTESIAN_POINT('',(67.085879880048,39.76537180436,0.));
#231 = LINE('',#232,#233);
#232 = CARTESIAN_POINT('',(67.085879880048,39.76537180436,0.));
#233 = VECTOR('',#234,1.);
#234 = DIRECTION('',(0.866025403784,-0.5,0.));
#235 = ORIENTED_EDGE('',*,*,#236,.F.);
#236 = EDGE_CURVE('',#237,#229,#239,.T.);
#237 = VERTEX_POINT('',#238);
#238 = CARTESIAN_POINT('',(33.464101615138,98.,0.));
#239 = LINE('',#240,#241);
#240 = CARTESIAN_POINT('',(33.464101615138,98.,0.));
#241 = VECTOR('',#242,1.);
#242 = DIRECTION('',(0.5,-0.866025403784,0.));
#243 = ORIENTED_EDGE('',*,*,#244,.T.);
#244 = EDGE_CURVE('',#237,#245,#247,.T.);
#245 = VERTEX_POINT('',#246);
#246 = CARTESIAN_POINT('',(30.,100.,0.));
#247 = CIRCLE('',#248,4.);
#248 = AXIS2_PLACEMENT_3D('',#249,#250,#251);
#249 = CARTESIAN_POINT('',(30.,96.,0.));
#250 = DIRECTION('',(0.,0.,1.));
#251 = DIRECTION('',(1.,0.,0.));
#252 = ORIENTED_EDGE('',*,*,#253,.F.);
#253 = EDGE_CURVE('',#254,#245,#256,.T.);
#254 = VERTEX_POINT('',#255);
#255 = CARTESIAN_POINT('',(-30.,100.,0.));
#256 = LINE('',#257,#258);
#257 = CARTESIAN_POINT('',(-30.,100.,0.));
#258 = VECTOR('',#259,1.);
#259 = DIRECTION('',(1.,0.,0.));
#260 = ORIENTED_EDGE('',*,*,#261,.T.);
#261 = EDGE_CURVE('',#254,#262,#264,.T.);
#262 = VERTEX_POINT('',#263);
#263 = CARTESIAN_POINT('',(-33.46410161513,98.,0.));
#264 = CIRCLE('',#265,4.);
#265 = AXIS2_PLACEMENT_3D('',#266,#267,#268);
#266 = CARTESIAN_POINT('',(-30.,96.,0.));
#267 = DIRECTION('',(0.,0.,1.));
#268 = DIRECTION('',(1.,0.,0.));
#269 = ORIENTED_EDGE('',*,*,#270,.F.);
#270 = EDGE_CURVE('',#271,#262,#273,.T.);
#271 = VERTEX_POINT('',#272);
#272 = CARTESIAN_POINT('',(-55.58587988004,59.683956091402,0.));
#273 = LINE('',#274,#275);
#274 = CARTESIAN_POINT('',(-67.08587988004,39.76537180436,0.));
#275 = VECTOR('',#276,1.);
#276 = DIRECTION('',(0.5,0.866025403784,0.));
#277 = ORIENTED_EDGE('',*,*,#278,.F.);
#278 = EDGE_CURVE('',#279,#271,#281,.T.);
#279 = VERTEX_POINT('',#280);
#280 = CARTESIAN_POINT('',(-49.52370205355,56.183956091402,0.));
#281 = LINE('',#282,#283);
#282 = CARTESIAN_POINT('',(-22.12066707897,40.362806472212,0.));
#283 = VECTOR('',#284,1.);
#284 = DIRECTION('',(-0.866025403784,0.5,0.));
#285 = ORIENTED_EDGE('',*,*,#286,.F.);
#286 = EDGE_CURVE('',#287,#279,#289,.T.);
#287 = VERTEX_POINT('',#288);
#288 = CARTESIAN_POINT('',(-48.63200911333,54.490493053614,0.));
#289 = LINE('',#290,#291);
#290 = CARTESIAN_POINT('',(-32.85466429605,24.52687096221,0.));
#291 = VECTOR('',#292,1.);
#292 = DIRECTION('',(-0.465908699195,0.884832800033,0.));
#293 = ORIENTED_EDGE('',*,*,#294,.T.);
#294 = EDGE_CURVE('',#287,#295,#297,.T.);
#295 = VERTEX_POINT('',#296);
#296 = CARTESIAN_POINT('',(-47.3755533611,56.483322583395,0.));
#297 = LINE('',#298,#299);
#298 = CARTESIAN_POINT('',(-48.70888669444,54.368559659987,0.));
#299 = VECTOR('',#300,1.);
#300 = DIRECTION('',(0.533333333333,0.845905169363,0.));
#301 = ORIENTED_EDGE('',*,*,#302,.T.);
#302 = EDGE_CURVE('',#295,#303,#305,.T.);
#303 = VERTEX_POINT('',#304);
#304 = CARTESIAN_POINT('',(-44.87744827978,56.38600350672,0.));
#305 = LINE('',#306,#307);
#306 = CARTESIAN_POINT('',(-47.3755533611,56.483322583395,0.));
#307 = VECTOR('',#308,1.);
#308 = DIRECTION('',(0.999242032528,-3.892763067005E-02,0.));
#309 = ORIENTED_EDGE('',*,*,#310,.T.);
#310 = EDGE_CURVE('',#303,#311,#313,.T.);
#311 = VERTEX_POINT('',#312);
#312 = CARTESIAN_POINT('',(-43.7126765318,54.173921506637,0.));
#313 = LINE('',#314,#315);
#314 = CARTESIAN_POINT('',(-44.87744827978,56.38600350672,0.));
#315 = VECTOR('',#316,1.);
#316 = DIRECTION('',(0.465908699195,-0.884832800033,0.));
#317 = ORIENTED_EDGE('',*,*,#318,.T.);
#318 = EDGE_CURVE('',#311,#319,#321,.T.);
#319 = VERTEX_POINT('',#320);
#320 = CARTESIAN_POINT('',(-45.04600986513,52.059158583229,0.));
#321 = LINE('',#322,#323);
#322 = CARTESIAN_POINT('',(-43.7126765318,54.173921506637,0.));
#323 = VECTOR('',#324,1.);
#324 = DIRECTION('',(-0.533333333333,-0.845905169363,0.));
#325 = ORIENTED_EDGE('',*,*,#326,.T.);
#326 = EDGE_CURVE('',#319,#327,#329,.T.);
#327 = VERTEX_POINT('',#328);
#328 = CARTESIAN_POINT('',(-47.40007873944,52.150866418496,0.));
#329 = LINE('',#330,#331);
#330 = CARTESIAN_POINT('',(-45.04600986513,52.059158583229,0.));
#331 = VECTOR('',#332,1.);
#332 = DIRECTION('',(-0.999242032528,3.892763067005E-02,-0.));
#333 = ORIENTED_EDGE('',*,*,#334,.F.);
#334 = EDGE_CURVE('',#335,#327,#337,.T.);
#335 = VERTEX_POINT('',#336);
#336 = CARTESIAN_POINT('',(-46.72824985839,50.874959291202,0.));
#337 = LINE('',#338,#339);
#338 = CARTESIAN_POINT('',(-32.85466429605,24.52687096221,0.));
#339 = VECTOR('',#340,1.);
#340 = DIRECTION('',(-0.465908699195,0.884832800033,0.));
#341 = ORIENTED_EDGE('',*,*,#342,.F.);
#342 = EDGE_CURVE('',#343,#335,#345,.T.);
#343 = VERTEX_POINT('',#344);
#344 = CARTESIAN_POINT('',(-41.53209743568,47.874959291202,0.));
#345 = LINE('',#346,#347);
#346 = CARTESIAN_POINT('',(-18.49185206814,34.572667426057,0.));
#347 = VECTOR('',#348,1.);
#348 = DIRECTION('',(-0.866025403784,0.5,0.));
#349 = ORIENTED_EDGE('',*,*,#350,.F.);
#350 = EDGE_CURVE('',#351,#343,#353,.T.);
#351 = VERTEX_POINT('',#352);
#352 = CARTESIAN_POINT('',(-41.16607203189,46.508933887417,0.));
#353 = CIRCLE('',#354,1.);
#354 = AXIS2_PLACEMENT_3D('',#355,#356,#357);
#355 = CARTESIAN_POINT('',(-42.03209743568,47.008933887417,0.));
#356 = DIRECTION('',(0.,0.,1.));
#357 = DIRECTION('',(1.,0.,0.));
#358 = ORIENTED_EDGE('',*,*,#359,.F.);
#359 = EDGE_CURVE('',#360,#351,#362,.T.);
#360 = VERTEX_POINT('',#361);
#361 = CARTESIAN_POINT('',(-44.46607203189,40.79316622244,0.));
#362 = LINE('',#363,#364);
#363 = CARTESIAN_POINT('',(-45.78834489295,38.502922445628,0.));
#364 = VECTOR('',#365,1.);
#365 = DIRECTION('',(0.5,0.866025403784,0.));
#366 = ORIENTED_EDGE('',*,*,#367,.F.);
#367 = EDGE_CURVE('',#368,#360,#370,.T.);
#368 = VERTEX_POINT('',#369);
#369 = CARTESIAN_POINT('',(-45.83209743568,40.427140818656,0.));
#370 = CIRCLE('',#371,1.);
#371 = AXIS2_PLACEMENT_3D('',#372,#373,#374);
#372 = CARTESIAN_POINT('',(-45.33209743568,41.29316622244,0.));
#373 = DIRECTION('',(0.,0.,1.));
#374 = DIRECTION('',(1.,0.,0.));
#375 = ORIENTED_EDGE('',*,*,#376,.F.);
#376 = EDGE_CURVE('',#377,#368,#379,.T.);
#377 = VERTEX_POINT('',#378);
#378 = CARTESIAN_POINT('',(-51.02824985839,43.427140818656,0.));
#379 = LINE('',#380,#381);
#380 = CARTESIAN_POINT('',(-20.19377585679,25.624848953511,0.));
#381 = VECTOR('',#382,1.);
#382 = DIRECTION('',(0.866025403784,-0.5,0.));
#383 = ORIENTED_EDGE('',*,*,#384,.F.);
#384 = EDGE_CURVE('',#385,#377,#387,.T.);
#385 = VERTEX_POINT('',#386);
#386 = CARTESIAN_POINT('',(-52.46913228402,43.371008133002,
    -2.22044604925E-16));
#387 = LINE('',#388,#389);
#388 = CARTESIAN_POINT('',(-26.37032573595,44.387743487561,
    -4.440892098501E-16));
#389 = VECTOR('',#390,1.);
#390 = DIRECTION('',(0.999242032528,3.892763067005E-02,0.));
#391 = ORIENTED_EDGE('',*,*,#392,.T.);
#392 = EDGE_CURVE('',#385,#393,#395,.T.);
#393 = VERTEX_POINT('',#394);
#394 = CARTESIAN_POINT('',(-51.2126765318,41.37817860322,0.));
#395 = LINE('',#396,#397);
#396 = CARTESIAN_POINT('',(-52.54600986513,43.492941526629,0.));
#397 = VECTOR('',#398,1.);
#398 = DIRECTION('',(0.533333333333,-0.845905169363,0.));
#399 = ORIENTED_EDGE('',*,*,#400,.T.);
#400 = EDGE_CURVE('',#393,#401,#403,.T.);
#401 = VERTEX_POINT('',#402);
#402 = CARTESIAN_POINT('',(-52.37744827978,39.166096603137,0.));
#403 = LINE('',#404,#405);
#404 = CARTESIAN_POINT('',(-51.2126765318,41.37817860322,0.));
#405 = VECTOR('',#406,1.);
#406 = DIRECTION('',(-0.465908699195,-0.884832800033,0.));
#407 = ORIENTED_EDGE('',*,*,#408,.T.);
#408 = EDGE_CURVE('',#401,#409,#411,.T.);
#409 = VERTEX_POINT('',#410);
#410 = CARTESIAN_POINT('',(-54.8755533611,39.068777526462,0.));
#411 = LINE('',#412,#413);
#412 = CARTESIAN_POINT('',(-52.37744827978,39.166096603137,0.));
#413 = VECTOR('',#414,1.);
#414 = DIRECTION('',(-0.999242032528,-3.892763067005E-02,0.));
#415 = ORIENTED_EDGE('',*,*,#416,.T.);
#416 = EDGE_CURVE('',#409,#417,#419,.T.);
#417 = VERTEX_POINT('',#418);
#418 = CARTESIAN_POINT('',(-56.20888669444,41.18354044987,0.));
#419 = LINE('',#420,#421);
#420 = CARTESIAN_POINT('',(-54.8755533611,39.068777526462,0.));
#421 = VECTOR('',#422,1.);
#422 = DIRECTION('',(-0.533333333333,0.845905169363,-0.));
#423 = ORIENTED_EDGE('',*,*,#424,.T.);
#424 = EDGE_CURVE('',#417,#425,#427,.T.);
#425 = VERTEX_POINT('',#426);
#426 = CARTESIAN_POINT('',(-55.11127357235,43.268077814919,
    -2.22044604925E-16));
#427 = LINE('',#428,#429);
#428 = CARTESIAN_POINT('',(-56.20888669444,41.18354044987,0.));
#429 = VECTOR('',#430,1.);
#430 = DIRECTION('',(0.465908699195,0.884832800033,0.));
#431 = ORIENTED_EDGE('',*,*,#432,.F.);
#432 = EDGE_CURVE('',#433,#425,#435,.T.);
#433 = VERTEX_POINT('',#434);
#434 = CARTESIAN_POINT('',(-57.02370205355,43.193575034635,0.));
#435 = LINE('',#436,#437);
#436 = CARTESIAN_POINT('',(-26.37032573595,44.387743487561,
    -4.440892098501E-16));
#437 = VECTOR('',#438,1.);
#438 = DIRECTION('',(0.999242032528,3.892763067005E-02,0.));
#439 = ORIENTED_EDGE('',*,*,#440,.F.);
#440 = EDGE_CURVE('',#95,#433,#441,.T.);
#441 = LINE('',#442,#443);
#442 = CARTESIAN_POINT('',(-26.58957816572,25.622425415446,0.));
#443 = VECTOR('',#444,1.);
#444 = DIRECTION('',(0.866025403784,-0.5,0.));
#445 = ORIENTED_EDGE('',*,*,#94,.F.);
#446 = FACE_BOUND('',#447,.F.);
#447 = EDGE_LOOP('',(#448,#459,#467,#476,#484,#493,#501,#510));
#448 = ORIENTED_EDGE('',*,*,#449,.F.);
#449 = EDGE_CURVE('',#450,#452,#454,.T.);
#450 = VERTEX_POINT('',#451);
#451 = CARTESIAN_POINT('',(-50.,-60.,0.));
#452 = VERTEX_POINT('',#453);
#453 = CARTESIAN_POINT('',(-46.5,-63.5,0.));
#454 = CIRCLE('',#455,3.5);
#455 = AXIS2_PLACEMENT_3D('',#456,#457,#458);
#456 = CARTESIAN_POINT('',(-46.5,-60.,0.));
#457 = DIRECTION('',(0.,0.,1.));
#458 = DIRECTION('',(1.,0.,0.));
#459 = ORIENTED_EDGE('',*,*,#460,.T.);
#460 = EDGE_CURVE('',#450,#461,#463,.T.);
#461 = VERTEX_POINT('',#462);
#462 = CARTESIAN_POINT('',(-50.,-40.,0.));
#463 = LINE('',#464,#465);
#464 = CARTESIAN_POINT('',(-50.,-19.30383636322,0.));
#465 = VECTOR('',#466,1.);
#466 = DIRECTION('',(0.,1.,0.));
#467 = ORIENTED_EDGE('',*,*,#468,.F.);
#468 = EDGE_CURVE('',#469,#461,#471,.T.);
#469 = VERTEX_POINT('',#470);
#470 = CARTESIAN_POINT('',(-46.5,-36.5,0.));
#471 = CIRCLE('',#472,3.5);
#472 = AXIS2_PLACEMENT_3D('',#473,#474,#475);
#473 = CARTESIAN_POINT('',(-46.5,-40.,0.));
#474 = DIRECTION('',(0.,0.,1.));
#475 = DIRECTION('',(1.,0.,0.));
#476 = ORIENTED_EDGE('',*,*,#477,.T.);
#477 = EDGE_CURVE('',#469,#478,#480,.T.);
#478 = VERTEX_POINT('',#479);
#479 = CARTESIAN_POINT('',(-31.5,-36.5,0.));
#480 = LINE('',#481,#482);
#481 = CARTESIAN_POINT('',(-15.75,-36.5,0.));
#482 = VECTOR('',#483,1.);
#483 = DIRECTION('',(1.,0.,0.));
#484 = ORIENTED_EDGE('',*,*,#485,.F.);
#485 = EDGE_CURVE('',#486,#478,#488,.T.);
#486 = VERTEX_POINT('',#487);
#487 = CARTESIAN_POINT('',(-28.,-40.,0.));
#488 = CIRCLE('',#489,3.5);
#489 = AXIS2_PLACEMENT_3D('',#490,#491,#492);
#490 = CARTESIAN_POINT('',(-31.5,-40.,0.));
#491 = DIRECTION('',(0.,0.,1.));
#492 = DIRECTION('',(1.,0.,0.));
#493 = ORIENTED_EDGE('',*,*,#494,.T.);
#494 = EDGE_CURVE('',#486,#495,#497,.T.);
#495 = VERTEX_POINT('',#496);
#496 = CARTESIAN_POINT('',(-28.,-60.,0.));
#497 = LINE('',#498,#499);
#498 = CARTESIAN_POINT('',(-28.,-29.30383636322,0.));
#499 = VECTOR('',#500,1.);
#500 = DIRECTION('',(0.,-1.,0.));
#501 = ORIENTED_EDGE('',*,*,#502,.F.);
#502 = EDGE_CURVE('',#503,#495,#505,.T.);
#503 = VERTEX_POINT('',#504);
#504 = CARTESIAN_POINT('',(-31.5,-63.5,0.));
#505 = CIRCLE('',#506,3.5);
#506 = AXIS2_PLACEMENT_3D('',#507,#508,#509);
#507 = CARTESIAN_POINT('',(-31.5,-60.,0.));
#508 = DIRECTION('',(0.,0.,1.));
#509 = DIRECTION('',(1.,0.,0.));
#510 = ORIENTED_EDGE('',*,*,#511,.T.);
#511 = EDGE_CURVE('',#503,#452,#512,.T.);
#512 = LINE('',#513,#514);
#513 = CARTESIAN_POINT('',(-23.25,-63.5,0.));
#514 = VECTOR('',#515,1.);
#515 = DIRECTION('',(-1.,0.,0.));
#516 = FACE_BOUND('',#517,.F.);
#517 = EDGE_LOOP('',(#518));
#518 = ORIENTED_EDGE('',*,*,#519,.F.);
#519 = EDGE_CURVE('',#520,#520,#522,.T.);
#520 = VERTEX_POINT('',#521);
#521 = CARTESIAN_POINT('',(-21.25,-92.5,0.));
#522 = CIRCLE('',#523,2.75);
#523 = AXIS2_PLACEMENT_3D('',#524,#525,#526);
#524 = CARTESIAN_POINT('',(-24.,-92.5,0.));
#525 = DIRECTION('',(0.,0.,1.));
#526 = DIRECTION('',(1.,0.,0.));
#527 = FACE_BOUND('',#528,.F.);
#528 = EDGE_LOOP('',(#529));
#529 = ORIENTED_EDGE('',*,*,#530,.T.);
#530 = EDGE_CURVE('',#531,#531,#533,.T.);
#531 = VERTEX_POINT('',#532);
#532 = CARTESIAN_POINT('',(4.,-92.5,0.));
#533 = CIRCLE('',#534,4.);
#534 = AXIS2_PLACEMENT_3D('',#535,#536,#537);
#535 = CARTESIAN_POINT('',(0.,-92.5,0.));
#536 = DIRECTION('',(0.,0.,-1.));
#537 = DIRECTION('',(1.,0.,0.));
#538 = FACE_BOUND('',#539,.F.);
#539 = EDGE_LOOP('',(#540));
#540 = ORIENTED_EDGE('',*,*,#541,.F.);
#541 = EDGE_CURVE('',#542,#542,#544,.T.);
#542 = VERTEX_POINT('',#543);
#543 = CARTESIAN_POINT('',(26.75,-92.5,0.));
#544 = CIRCLE('',#545,2.75);
#545 = AXIS2_PLACEMENT_3D('',#546,#547,#548);
#546 = CARTESIAN_POINT('',(24.,-92.5,0.));
#547 = DIRECTION('',(0.,0.,1.));
#548 = DIRECTION('',(1.,0.,0.));
#549 = FACE_BOUND('',#550,.F.);
#550 = EDGE_LOOP('',(#551,#561,#569,#577,#585,#593));
#551 = ORIENTED_EDGE('',*,*,#552,.T.);
#552 = EDGE_CURVE('',#553,#555,#557,.T.);
#553 = VERTEX_POINT('',#554);
#554 = CARTESIAN_POINT('',(2.598076211353,-61.5,0.));
#555 = VERTEX_POINT('',#556);
#556 = CARTESIAN_POINT('',(0.,-63.,0.));
#557 = LINE('',#558,#559);
#558 = CARTESIAN_POINT('',(2.598076211353,-61.5,0.));
#559 = VECTOR('',#560,1.);
#560 = DIRECTION('',(-0.866025403784,-0.5,0.));
#561 = ORIENTED_EDGE('',*,*,#562,.T.);
#562 = EDGE_CURVE('',#555,#563,#565,.T.);
#563 = VERTEX_POINT('',#564);
#564 = CARTESIAN_POINT('',(-2.598076211353,-61.5,0.));
#565 = LINE('',#566,#567);
#566 = CARTESIAN_POINT('',(0.,-63.,0.));
#567 = VECTOR('',#568,1.);
#568 = DIRECTION('',(-0.866025403784,0.5,-0.));
#569 = ORIENTED_EDGE('',*,*,#570,.T.);
#570 = EDGE_CURVE('',#563,#571,#573,.T.);
#571 = VERTEX_POINT('',#572);
#572 = CARTESIAN_POINT('',(-2.598076211353,-58.5,0.));
#573 = LINE('',#574,#575);
#574 = CARTESIAN_POINT('',(-2.598076211353,-61.5,0.));
#575 = VECTOR('',#576,1.);
#576 = DIRECTION('',(0.,1.,0.));
#577 = ORIENTED_EDGE('',*,*,#578,.T.);
#578 = EDGE_CURVE('',#571,#579,#581,.T.);
#579 = VERTEX_POINT('',#580);
#580 = CARTESIAN_POINT('',(0.,-57.,0.));
#581 = LINE('',#582,#583);
#582 = CARTESIAN_POINT('',(-2.598076211353,-58.5,0.));
#583 = VECTOR('',#584,1.);
#584 = DIRECTION('',(0.866025403784,0.5,0.));
#585 = ORIENTED_EDGE('',*,*,#586,.T.);
#586 = EDGE_CURVE('',#579,#587,#589,.T.);
#587 = VERTEX_POINT('',#588);
#588 = CARTESIAN_POINT('',(2.598076211353,-58.5,0.));
#589 = LINE('',#590,#591);
#590 = CARTESIAN_POINT('',(0.,-57.,0.));
#591 = VECTOR('',#592,1.);
#592 = DIRECTION('',(0.866025403784,-0.5,0.));
#593 = ORIENTED_EDGE('',*,*,#594,.T.);
#594 = EDGE_CURVE('',#587,#553,#595,.T.);
#595 = LINE('',#596,#597);
#596 = CARTESIAN_POINT('',(2.598076211353,-58.5,0.));
#597 = VECTOR('',#598,1.);
#598 = DIRECTION('',(0.,-1.,0.));
#599 = FACE_BOUND('',#600,.F.);
#600 = EDGE_LOOP('',(#601,#612,#620,#629,#637,#646,#654,#663));
#601 = ORIENTED_EDGE('',*,*,#602,.F.);
#602 = EDGE_CURVE('',#603,#605,#607,.T.);
#603 = VERTEX_POINT('',#604);
#604 = CARTESIAN_POINT('',(18.000000000001,-60.,0.));
#605 = VERTEX_POINT('',#606);
#606 = CARTESIAN_POINT('',(21.500000000002,-63.5,0.));
#607 = CIRCLE('',#608,3.5);
#608 = AXIS2_PLACEMENT_3D('',#609,#610,#611);
#609 = CARTESIAN_POINT('',(21.500000000001,-60.,0.));
#610 = DIRECTION('',(0.,0.,1.));
#611 = DIRECTION('',(1.,0.,0.));
#612 = ORIENTED_EDGE('',*,*,#613,.T.);
#613 = EDGE_CURVE('',#603,#614,#616,.T.);
#614 = VERTEX_POINT('',#615);
#615 = CARTESIAN_POINT('',(18.000000000001,-40.,0.));
#616 = LINE('',#617,#618);
#617 = CARTESIAN_POINT('',(18.000000000001,-19.30383636322,0.));
#618 = VECTOR('',#619,1.);
#619 = DIRECTION('',(0.,1.,0.));
#620 = ORIENTED_EDGE('',*,*,#621,.F.);
#621 = EDGE_CURVE('',#622,#614,#624,.T.);
#622 = VERTEX_POINT('',#623);
#623 = CARTESIAN_POINT('',(21.500000000001,-36.5,0.));
#624 = CIRCLE('',#625,3.5);
#625 = AXIS2_PLACEMENT_3D('',#626,#627,#628);
#626 = CARTESIAN_POINT('',(21.500000000001,-40.,0.));
#627 = DIRECTION('',(0.,0.,1.));
#628 = DIRECTION('',(1.,0.,0.));
#629 = ORIENTED_EDGE('',*,*,#630,.T.);
#630 = EDGE_CURVE('',#622,#631,#633,.T.);
#631 = VERTEX_POINT('',#632);
#632 = CARTESIAN_POINT('',(36.500000000002,-36.5,0.));
#633 = LINE('',#634,#635);
#634 = CARTESIAN_POINT('',(18.250000000001,-36.5,0.));
#635 = VECTOR('',#636,1.);
#636 = DIRECTION('',(1.,0.,0.));
#637 = ORIENTED_EDGE('',*,*,#638,.F.);
#638 = EDGE_CURVE('',#639,#631,#641,.T.);
#639 = VERTEX_POINT('',#640);
#640 = CARTESIAN_POINT('',(40.000000000002,-40.,0.));
#641 = CIRCLE('',#642,3.5);
#642 = AXIS2_PLACEMENT_3D('',#643,#644,#645);
#643 = CARTESIAN_POINT('',(36.500000000002,-40.,0.));
#644 = DIRECTION('',(0.,0.,1.));
#645 = DIRECTION('',(1.,0.,0.));
#646 = ORIENTED_EDGE('',*,*,#647,.T.);
#647 = EDGE_CURVE('',#639,#648,#650,.T.);
#648 = VERTEX_POINT('',#649);
#649 = CARTESIAN_POINT('',(40.000000000002,-60.,0.));
#650 = LINE('',#651,#652);
#651 = CARTESIAN_POINT('',(40.000000000002,-29.30383636322,0.));
#652 = VECTOR('',#653,1.);
#653 = DIRECTION('',(0.,-1.,0.));
#654 = ORIENTED_EDGE('',*,*,#655,.F.);
#655 = EDGE_CURVE('',#656,#648,#658,.T.);
#656 = VERTEX_POINT('',#657);
#657 = CARTESIAN_POINT('',(36.500000000002,-63.5,0.));
#658 = CIRCLE('',#659,3.5);
#659 = AXIS2_PLACEMENT_3D('',#660,#661,#662);
#660 = CARTESIAN_POINT('',(36.500000000002,-60.,0.));
#661 = DIRECTION('',(0.,0.,1.));
#662 = DIRECTION('',(1.,0.,0.));
#663 = ORIENTED_EDGE('',*,*,#664,.T.);
#664 = EDGE_CURVE('',#656,#605,#665,.T.);
#665 = LINE('',#666,#667);
#666 = CARTESIAN_POINT('',(10.750000000001,-63.5,0.));
#667 = VECTOR('',#668,1.);
#668 = DIRECTION('',(-1.,0.,0.));
#669 = FACE_BOUND('',#670,.F.);
#670 = EDGE_LOOP('',(#671,#681,#689,#697,#705,#713));
#671 = ORIENTED_EDGE('',*,*,#672,.T.);
#672 = EDGE_CURVE('',#673,#675,#677,.T.);
#673 = VERTEX_POINT('',#674);
#674 = CARTESIAN_POINT('',(2.598076211353,-41.5,0.));
#675 = VERTEX_POINT('',#676);
#676 = CARTESIAN_POINT('',(0.,-43.,0.));
#677 = LINE('',#678,#679);
#678 = CARTESIAN_POINT('',(2.598076211353,-41.5,0.));
#679 = VECTOR('',#680,1.);
#680 = DIRECTION('',(-0.866025403784,-0.5,0.));
#681 = ORIENTED_EDGE('',*,*,#682,.T.);
#682 = EDGE_CURVE('',#675,#683,#685,.T.);
#683 = VERTEX_POINT('',#684);
#684 = CARTESIAN_POINT('',(-2.598076211353,-41.5,0.));
#685 = LINE('',#686,#687);
#686 = CARTESIAN_POINT('',(0.,-43.,0.));
#687 = VECTOR('',#688,1.);
#688 = DIRECTION('',(-0.866025403784,0.5,-0.));
#689 = ORIENTED_EDGE('',*,*,#690,.T.);
#690 = EDGE_CURVE('',#683,#691,#693,.T.);
#691 = VERTEX_POINT('',#692);
#692 = CARTESIAN_POINT('',(-2.598076211353,-38.5,0.));
#693 = LINE('',#694,#695);
#694 = CARTESIAN_POINT('',(-2.598076211353,-41.5,0.));
#695 = VECTOR('',#696,1.);
#696 = DIRECTION('',(0.,1.,0.));
#697 = ORIENTED_EDGE('',*,*,#698,.T.);
#698 = EDGE_CURVE('',#691,#699,#701,.T.);
#699 = VERTEX_POINT('',#700);
#700 = CARTESIAN_POINT('',(0.,-37.,0.));
#701 = LINE('',#702,#703);
#702 = CARTESIAN_POINT('',(-2.598076211353,-38.5,0.));
#703 = VECTOR('',#704,1.);
#704 = DIRECTION('',(0.866025403784,0.5,0.));
#705 = ORIENTED_EDGE('',*,*,#706,.T.);
#706 = EDGE_CURVE('',#699,#707,#709,.T.);
#707 = VERTEX_POINT('',#708);
#708 = CARTESIAN_POINT('',(2.598076211353,-38.5,0.));
#709 = LINE('',#710,#711);
#710 = CARTESIAN_POINT('',(0.,-37.,0.));
#711 = VECTOR('',#712,1.);
#712 = DIRECTION('',(0.866025403784,-0.5,0.));
#713 = ORIENTED_EDGE('',*,*,#714,.T.);
#714 = EDGE_CURVE('',#707,#673,#715,.T.);
#715 = LINE('',#716,#717);
#716 = CARTESIAN_POINT('',(2.598076211353,-38.5,0.));
#717 = VECTOR('',#718,1.);
#718 = DIRECTION('',(0.,-1.,0.));
#719 = FACE_BOUND('',#720,.F.);
#720 = EDGE_LOOP('',(#721,#732,#740,#749,#757,#766,#774,#783));
#721 = ORIENTED_EDGE('',*,*,#722,.F.);
#722 = EDGE_CURVE('',#723,#725,#727,.T.);
#723 = VERTEX_POINT('',#724);
#724 = CARTESIAN_POINT('',(-28.,-27.5,0.));
#725 = VERTEX_POINT('',#726);
#726 = CARTESIAN_POINT('',(-24.5,-31.,0.));
#727 = CIRCLE('',#728,3.5);
#728 = AXIS2_PLACEMENT_3D('',#729,#730,#731);
#729 = CARTESIAN_POINT('',(-24.5,-27.5,0.));
#730 = DIRECTION('',(0.,0.,1.));
#731 = DIRECTION('',(1.,0.,0.));
#732 = ORIENTED_EDGE('',*,*,#733,.T.);
#733 = EDGE_CURVE('',#723,#734,#736,.T.);
#734 = VERTEX_POINT('',#735);
#735 = CARTESIAN_POINT('',(-28.,-10.5,0.));
#736 = LINE('',#737,#738);
#737 = CARTESIAN_POINT('',(-28.,-4.553836363225,0.));
#738 = VECTOR('',#739,1.);
#739 = DIRECTION('',(0.,1.,0.));
#740 = ORIENTED_EDGE('',*,*,#741,.F.);
#741 = EDGE_CURVE('',#742,#734,#744,.T.);
#742 = VERTEX_POINT('',#743);
#743 = CARTESIAN_POINT('',(-24.5,-7.,0.));
#744 = CIRCLE('',#745,3.5);
#745 = AXIS2_PLACEMENT_3D('',#746,#747,#748);
#746 = CARTESIAN_POINT('',(-24.5,-10.5,0.));
#747 = DIRECTION('',(0.,0.,1.));
#748 = DIRECTION('',(1.,0.,0.));
#749 = ORIENTED_EDGE('',*,*,#750,.T.);
#750 = EDGE_CURVE('',#742,#751,#753,.T.);
#751 = VERTEX_POINT('',#752);
#752 = CARTESIAN_POINT('',(24.5,-7.,0.));
#753 = LINE('',#754,#755);
#754 = CARTESIAN_POINT('',(12.25,-7.,0.));
#755 = VECTOR('',#756,1.);
#756 = DIRECTION('',(1.,0.,0.));
#757 = ORIENTED_EDGE('',*,*,#758,.F.);
#758 = EDGE_CURVE('',#759,#751,#761,.T.);
#759 = VERTEX_POINT('',#760);
#760 = CARTESIAN_POINT('',(28.,-10.5,0.));
#761 = CIRCLE('',#762,3.5);
#762 = AXIS2_PLACEMENT_3D('',#763,#764,#765);
#763 = CARTESIAN_POINT('',(24.5,-10.5,0.));
#764 = DIRECTION('',(0.,0.,1.));
#765 = DIRECTION('',(1.,0.,0.));
#766 = ORIENTED_EDGE('',*,*,#767,.T.);
#767 = EDGE_CURVE('',#759,#768,#770,.T.);
#768 = VERTEX_POINT('',#769);
#769 = CARTESIAN_POINT('',(28.,-27.5,0.));
#770 = LINE('',#771,#772);
#771 = CARTESIAN_POINT('',(28.,-13.05383636322,0.));
#772 = VECTOR('',#773,1.);
#773 = DIRECTION('',(0.,-1.,0.));
#774 = ORIENTED_EDGE('',*,*,#775,.F.);
#775 = EDGE_CURVE('',#776,#768,#778,.T.);
#776 = VERTEX_POINT('',#777);
#777 = CARTESIAN_POINT('',(24.5,-31.,0.));
#778 = CIRCLE('',#779,3.5);
#779 = AXIS2_PLACEMENT_3D('',#780,#781,#782);
#780 = CARTESIAN_POINT('',(24.5,-27.5,0.));
#781 = DIRECTION('',(0.,0.,1.));
#782 = DIRECTION('',(1.,0.,0.));
#783 = ORIENTED_EDGE('',*,*,#784,.T.);
#784 = EDGE_CURVE('',#776,#725,#785,.T.);
#785 = LINE('',#786,#787);
#786 = CARTESIAN_POINT('',(-12.25,-31.,0.));
#787 = VECTOR('',#788,1.);
#788 = DIRECTION('',(-1.,0.,0.));
#789 = FACE_BOUND('',#790,.F.);
#790 = EDGE_LOOP('',(#791,#802,#810,#819,#827,#836,#844,#853));
#791 = ORIENTED_EDGE('',*,*,#792,.F.);
#792 = EDGE_CURVE('',#793,#795,#797,.T.);
#793 = VERTEX_POINT('',#794);
#794 = CARTESIAN_POINT('',(-69.99999999999,-26.,0.));
#795 = VERTEX_POINT('',#796);
#796 = CARTESIAN_POINT('',(-66.49999999999,-29.5,0.));
#797 = CIRCLE('',#798,3.5);
#798 = AXIS2_PLACEMENT_3D('',#799,#800,#801);
#799 = CARTESIAN_POINT('',(-66.49999999999,-26.,0.));
#800 = DIRECTION('',(0.,0.,1.));
#801 = DIRECTION('',(1.,0.,0.));
#802 = ORIENTED_EDGE('',*,*,#803,.T.);
#803 = EDGE_CURVE('',#793,#804,#806,.T.);
#804 = VERTEX_POINT('',#805);
#805 = CARTESIAN_POINT('',(-69.99999999999,26.,0.));
#806 = LINE('',#807,#808);
#807 = CARTESIAN_POINT('',(-69.99999999999,13.696163636775,0.));
#808 = VECTOR('',#809,1.);
#809 = DIRECTION('',(0.,1.,0.));
#810 = ORIENTED_EDGE('',*,*,#811,.F.);
#811 = EDGE_CURVE('',#812,#804,#814,.T.);
#812 = VERTEX_POINT('',#813);
#813 = CARTESIAN_POINT('',(-66.49999999999,29.5,0.));
#814 = CIRCLE('',#815,3.5);
#815 = AXIS2_PLACEMENT_3D('',#816,#817,#818);
#816 = CARTESIAN_POINT('',(-66.49999999999,26.,0.));
#817 = DIRECTION('',(0.,0.,1.));
#818 = DIRECTION('',(1.,0.,0.));
#819 = ORIENTED_EDGE('',*,*,#820,.T.);
#820 = EDGE_CURVE('',#812,#821,#823,.T.);
#821 = VERTEX_POINT('',#822);
#822 = CARTESIAN_POINT('',(-46.49999999999,29.5,0.));
#823 = LINE('',#824,#825);
#824 = CARTESIAN_POINT('',(-23.24999999999,29.5,0.));
#825 = VECTOR('',#826,1.);
#826 = DIRECTION('',(1.,0.,0.));
#827 = ORIENTED_EDGE('',*,*,#828,.F.);
#828 = EDGE_CURVE('',#829,#821,#831,.T.);
#829 = VERTEX_POINT('',#830);
#830 = CARTESIAN_POINT('',(-42.99999999999,26.,0.));
#831 = CIRCLE('',#832,3.5);
#832 = AXIS2_PLACEMENT_3D('',#833,#834,#835);
#833 = CARTESIAN_POINT('',(-46.49999999999,26.,0.));
#834 = DIRECTION('',(0.,0.,1.));
#835 = DIRECTION('',(1.,0.,0.));
#836 = ORIENTED_EDGE('',*,*,#837,.T.);
#837 = EDGE_CURVE('',#829,#838,#840,.T.);
#838 = VERTEX_POINT('',#839);
#839 = CARTESIAN_POINT('',(-42.99999999999,-26.,0.));
#840 = LINE('',#841,#842);
#841 = CARTESIAN_POINT('',(-42.99999999999,-12.30383636322,0.));
#842 = VECTOR('',#843,1.);
#843 = DIRECTION('',(0.,-1.,0.));
#844 = ORIENTED_EDGE('',*,*,#845,.F.);
#845 = EDGE_CURVE('',#846,#838,#848,.T.);
#846 = VERTEX_POINT('',#847);
#847 = CARTESIAN_POINT('',(-46.49999999999,-29.5,0.));
#848 = CIRCLE('',#849,3.5);
#849 = AXIS2_PLACEMENT_3D('',#850,#851,#852);
#850 = CARTESIAN_POINT('',(-46.49999999999,-26.,0.));
#851 = DIRECTION('',(0.,0.,1.));
#852 = DIRECTION('',(1.,0.,0.));
#853 = ORIENTED_EDGE('',*,*,#854,.T.);
#854 = EDGE_CURVE('',#846,#795,#855,.T.);
#855 = LINE('',#856,#857);
#856 = CARTESIAN_POINT('',(-33.24999999999,-29.5,0.));
#857 = VECTOR('',#858,1.);
#858 = DIRECTION('',(-1.,0.,0.));
#859 = FACE_BOUND('',#860,.F.);
#860 = EDGE_LOOP('',(#861,#871,#879,#887,#895,#903));
#861 = ORIENTED_EDGE('',*,*,#862,.T.);
#862 = EDGE_CURVE('',#863,#865,#867,.T.);
#863 = VERTEX_POINT('',#864);
#864 = CARTESIAN_POINT('',(-23.,2.598076211353,0.));
#865 = VERTEX_POINT('',#866);
#866 = CARTESIAN_POINT('',(-21.5,0.,0.));
#867 = LINE('',#868,#869);
#868 = CARTESIAN_POINT('',(-23.,2.598076211353,0.));
#869 = VECTOR('',#870,1.);
#870 = DIRECTION('',(0.5,-0.866025403784,0.));
#871 = ORIENTED_EDGE('',*,*,#872,.T.);
#872 = EDGE_CURVE('',#865,#873,#875,.T.);
#873 = VERTEX_POINT('',#874);
#874 = CARTESIAN_POINT('',(-23.,-2.598076211353,0.));
#875 = LINE('',#876,#877);
#876 = CARTESIAN_POINT('',(-21.5,0.,0.));
#877 = VECTOR('',#878,1.);
#878 = DIRECTION('',(-0.5,-0.866025403784,0.));
#879 = ORIENTED_EDGE('',*,*,#880,.T.);
#880 = EDGE_CURVE('',#873,#881,#883,.T.);
#881 = VERTEX_POINT('',#882);
#882 = CARTESIAN_POINT('',(-26.,-2.598076211353,0.));
#883 = LINE('',#884,#885);
#884 = CARTESIAN_POINT('',(-23.,-2.598076211353,0.));
#885 = VECTOR('',#886,1.);
#886 = DIRECTION('',(-1.,0.,0.));
#887 = ORIENTED_EDGE('',*,*,#888,.T.);
#888 = EDGE_CURVE('',#881,#889,#891,.T.);
#889 = VERTEX_POINT('',#890);
#890 = CARTESIAN_POINT('',(-27.5,0.,0.));
#891 = LINE('',#892,#893);
#892 = CARTESIAN_POINT('',(-26.,-2.598076211353,0.));
#893 = VECTOR('',#894,1.);
#894 = DIRECTION('',(-0.5,0.866025403784,-0.));
#895 = ORIENTED_EDGE('',*,*,#896,.T.);
#896 = EDGE_CURVE('',#889,#897,#899,.T.);
#897 = VERTEX_POINT('',#898);
#898 = CARTESIAN_POINT('',(-26.,2.598076211353,0.));
#899 = LINE('',#900,#901);
#900 = CARTESIAN_POINT('',(-27.5,0.,0.));
#901 = VECTOR('',#902,1.);
#902 = DIRECTION('',(0.5,0.866025403784,0.));
#903 = ORIENTED_EDGE('',*,*,#904,.T.);
#904 = EDGE_CURVE('',#897,#863,#905,.T.);
#905 = LINE('',#906,#907);
#906 = CARTESIAN_POINT('',(-26.,2.598076211353,0.));
#907 = VECTOR('',#908,1.);
#908 = DIRECTION('',(1.,0.,0.));
#909 = FACE_BOUND('',#910,.F.);
#910 = EDGE_LOOP('',(#911));
#911 = ORIENTED_EDGE('',*,*,#912,.T.);
#912 = EDGE_CURVE('',#913,#913,#915,.T.);
#913 = VERTEX_POINT('',#914);
#914 = CARTESIAN_POINT('',(-31.,80.,0.));
#915 = CIRCLE('',#916,4.);
#916 = AXIS2_PLACEMENT_3D('',#917,#918,#919);
#917 = CARTESIAN_POINT('',(-35.,80.,0.));
#918 = DIRECTION('',(0.,0.,-1.));
#919 = DIRECTION('',(1.,0.,0.));
#920 = FACE_BOUND('',#921,.F.);
#921 = EDGE_LOOP('',(#922,#932,#940,#948,#956,#964));
#922 = ORIENTED_EDGE('',*,*,#923,.T.);
#923 = EDGE_CURVE('',#924,#926,#928,.T.);
#924 = VERTEX_POINT('',#925);
#925 = CARTESIAN_POINT('',(-23.,60.598076211353,0.));
#926 = VERTEX_POINT('',#927);
#927 = CARTESIAN_POINT('',(-21.5,58.,0.));
#928 = LINE('',#929,#930);
#929 = CARTESIAN_POINT('',(-23.,60.598076211353,0.));
#930 = VECTOR('',#931,1.);
#931 = DIRECTION('',(0.5,-0.866025403784,0.));
#932 = ORIENTED_EDGE('',*,*,#933,.T.);
#933 = EDGE_CURVE('',#926,#934,#936,.T.);
#934 = VERTEX_POINT('',#935);
#935 = CARTESIAN_POINT('',(-23.,55.401923788647,0.));
#936 = LINE('',#937,#938);
#937 = CARTESIAN_POINT('',(-21.5,58.,0.));
#938 = VECTOR('',#939,1.);
#939 = DIRECTION('',(-0.5,-0.866025403784,0.));
#940 = ORIENTED_EDGE('',*,*,#941,.T.);
#941 = EDGE_CURVE('',#934,#942,#944,.T.);
#942 = VERTEX_POINT('',#943);
#943 = CARTESIAN_POINT('',(-26.,55.401923788647,0.));
#944 = LINE('',#945,#946);
#945 = CARTESIAN_POINT('',(-23.,55.401923788647,0.));
#946 = VECTOR('',#947,1.);
#947 = DIRECTION('',(-1.,0.,0.));
#948 = ORIENTED_EDGE('',*,*,#949,.T.);
#949 = EDGE_CURVE('',#942,#950,#952,.T.);
#950 = VERTEX_POINT('',#951);
#951 = CARTESIAN_POINT('',(-27.5,58.,0.));
#952 = LINE('',#953,#954);
#953 = CARTESIAN_POINT('',(-26.,55.401923788647,0.));
#954 = VECTOR('',#955,1.);
#955 = DIRECTION('',(-0.5,0.866025403784,-0.));
#956 = ORIENTED_EDGE('',*,*,#957,.T.);
#957 = EDGE_CURVE('',#950,#958,#960,.T.);
#958 = VERTEX_POINT('',#959);
#959 = CARTESIAN_POINT('',(-26.,60.598076211353,0.));
#960 = LINE('',#961,#962);
#961 = CARTESIAN_POINT('',(-27.5,58.,0.));
#962 = VECTOR('',#963,1.);
#963 = DIRECTION('',(0.5,0.866025403784,0.));
#964 = ORIENTED_EDGE('',*,*,#965,.T.);
#965 = EDGE_CURVE('',#958,#924,#966,.T.);
#966 = LINE('',#967,#968);
#967 = CARTESIAN_POINT('',(-26.,60.598076211353,0.));
#968 = VECTOR('',#969,1.);
#969 = DIRECTION('',(1.,0.,0.));
#970 = FACE_BOUND('',#971,.F.);
#971 = EDGE_LOOP('',(#972));
#972 = ORIENTED_EDGE('',*,*,#973,.F.);
#973 = EDGE_CURVE('',#974,#974,#976,.T.);
#974 = VERTEX_POINT('',#975);
#975 = CARTESIAN_POINT('',(-18.25,92.5,0.));
#976 = CIRCLE('',#977,2.75);
#977 = AXIS2_PLACEMENT_3D('',#978,#979,#980);
#978 = CARTESIAN_POINT('',(-21.,92.5,0.));
#979 = DIRECTION('',(0.,0.,1.));
#980 = DIRECTION('',(1.,0.,0.));
#981 = FACE_BOUND('',#982,.F.);
#982 = EDGE_LOOP('',(#983,#994,#1002,#1011,#1019,#1028,#1036,#1045));
#983 = ORIENTED_EDGE('',*,*,#984,.F.);
#984 = EDGE_CURVE('',#985,#987,#989,.T.);
#985 = VERTEX_POINT('',#986);
#986 = CARTESIAN_POINT('',(-14.8,75.4,0.));
#987 = VERTEX_POINT('',#988);
#988 = CARTESIAN_POINT('',(-14.4,75.,0.));
#989 = CIRCLE('',#990,0.4);
#990 = AXIS2_PLACEMENT_3D('',#991,#992,#993);
#991 = CARTESIAN_POINT('',(-14.4,75.4,0.));
#992 = DIRECTION('',(0.,0.,1.));
#993 = DIRECTION('',(1.,0.,0.));
#994 = ORIENTED_EDGE('',*,*,#995,.T.);
#995 = EDGE_CURVE('',#985,#996,#998,.T.);
#996 = VERTEX_POINT('',#997);
#997 = CARTESIAN_POINT('',(-14.8,83.4,0.));
#998 = LINE('',#999,#1000);
#999 = CARTESIAN_POINT('',(-14.8,42.396163636776,0.));
#1000 = VECTOR('',#1001,1.);
#1001 = DIRECTION('',(0.,1.,0.));
#1002 = ORIENTED_EDGE('',*,*,#1003,.F.);
#1003 = EDGE_CURVE('',#1004,#996,#1006,.T.);
#1004 = VERTEX_POINT('',#1005);
#1005 = CARTESIAN_POINT('',(-14.4,83.8,0.));
#1006 = CIRCLE('',#1007,0.4);
#1007 = AXIS2_PLACEMENT_3D('',#1008,#1009,#1010);
#1008 = CARTESIAN_POINT('',(-14.4,83.4,0.));
#1009 = DIRECTION('',(0.,0.,1.));
#1010 = DIRECTION('',(1.,0.,0.));
#1011 = ORIENTED_EDGE('',*,*,#1012,.T.);
#1012 = EDGE_CURVE('',#1004,#1013,#1015,.T.);
#1013 = VERTEX_POINT('',#1014);
#1014 = CARTESIAN_POINT('',(-6.4,83.8,0.));
#1015 = LINE('',#1016,#1017);
#1016 = CARTESIAN_POINT('',(-3.2,83.8,0.));
#1017 = VECTOR('',#1018,1.);
#1018 = DIRECTION('',(1.,0.,0.));
#1019 = ORIENTED_EDGE('',*,*,#1020,.F.);
#1020 = EDGE_CURVE('',#1021,#1013,#1023,.T.);
#1021 = VERTEX_POINT('',#1022);
#1022 = CARTESIAN_POINT('',(-6.,83.4,0.));
#1023 = CIRCLE('',#1024,0.4);
#1024 = AXIS2_PLACEMENT_3D('',#1025,#1026,#1027);
#1025 = CARTESIAN_POINT('',(-6.4,83.4,0.));
#1026 = DIRECTION('',(0.,0.,1.));
#1027 = DIRECTION('',(1.,0.,0.));
#1028 = ORIENTED_EDGE('',*,*,#1029,.T.);
#1029 = EDGE_CURVE('',#1021,#1030,#1032,.T.);
#1030 = VERTEX_POINT('',#1031);
#1031 = CARTESIAN_POINT('',(-6.,75.4,0.));
#1032 = LINE('',#1033,#1034);
#1033 = CARTESIAN_POINT('',(-6.,38.396163636776,0.));
#1034 = VECTOR('',#1035,1.);
#1035 = DIRECTION('',(0.,-1.,0.));
#1036 = ORIENTED_EDGE('',*,*,#1037,.F.);
#1037 = EDGE_CURVE('',#1038,#1030,#1040,.T.);
#1038 = VERTEX_POINT('',#1039);
#1039 = CARTESIAN_POINT('',(-6.399999999999,75.,0.));
#1040 = CIRCLE('',#1041,0.4);
#1041 = AXIS2_PLACEMENT_3D('',#1042,#1043,#1044);
#1042 = CARTESIAN_POINT('',(-6.4,75.4,0.));
#1043 = DIRECTION('',(0.,0.,1.));
#1044 = DIRECTION('',(1.,0.,0.));
#1045 = ORIENTED_EDGE('',*,*,#1046,.T.);
#1046 = EDGE_CURVE('',#1038,#987,#1047,.T.);
#1047 = LINE('',#1048,#1049);
#1048 = CARTESIAN_POINT('',(-7.200000000001,75.,0.));
#1049 = VECTOR('',#1050,1.);
#1050 = DIRECTION('',(-1.,0.,0.));
#1051 = FACE_BOUND('',#1052,.F.);
#1052 = EDGE_LOOP('',(#1053,#1063,#1071,#1079,#1087,#1095));
#1053 = ORIENTED_EDGE('',*,*,#1054,.T.);
#1054 = EDGE_CURVE('',#1055,#1057,#1059,.T.);
#1055 = VERTEX_POINT('',#1056);
#1056 = CARTESIAN_POINT('',(26.,2.598076211353,0.));
#1057 = VERTEX_POINT('',#1058);
#1058 = CARTESIAN_POINT('',(27.5,0.,0.));
#1059 = LINE('',#1060,#1061);
#1060 = CARTESIAN_POINT('',(26.,2.598076211353,0.));
#1061 = VECTOR('',#1062,1.);
#1062 = DIRECTION('',(0.5,-0.866025403784,0.));
#1063 = ORIENTED_EDGE('',*,*,#1064,.T.);
#1064 = EDGE_CURVE('',#1057,#1065,#1067,.T.);
#1065 = VERTEX_POINT('',#1066);
#1066 = CARTESIAN_POINT('',(26.,-2.598076211353,0.));
#1067 = LINE('',#1068,#1069);
#1068 = CARTESIAN_POINT('',(27.5,0.,0.));
#1069 = VECTOR('',#1070,1.);
#1070 = DIRECTION('',(-0.5,-0.866025403784,0.));
#1071 = ORIENTED_EDGE('',*,*,#1072,.T.);
#1072 = EDGE_CURVE('',#1065,#1073,#1075,.T.);
#1073 = VERTEX_POINT('',#1074);
#1074 = CARTESIAN_POINT('',(23.,-2.598076211353,0.));
#1075 = LINE('',#1076,#1077);
#1076 = CARTESIAN_POINT('',(26.,-2.598076211353,0.));
#1077 = VECTOR('',#1078,1.);
#1078 = DIRECTION('',(-1.,0.,0.));
#1079 = ORIENTED_EDGE('',*,*,#1080,.T.);
#1080 = EDGE_CURVE('',#1073,#1081,#1083,.T.);
#1081 = VERTEX_POINT('',#1082);
#1082 = CARTESIAN_POINT('',(21.5,0.,0.));
#1083 = LINE('',#1084,#1085);
#1084 = CARTESIAN_POINT('',(23.,-2.598076211353,0.));
#1085 = VECTOR('',#1086,1.);
#1086 = DIRECTION('',(-0.5,0.866025403784,-0.));
#1087 = ORIENTED_EDGE('',*,*,#1088,.T.);
#1088 = EDGE_CURVE('',#1081,#1089,#1091,.T.);
#1089 = VERTEX_POINT('',#1090);
#1090 = CARTESIAN_POINT('',(23.,2.598076211353,0.));
#1091 = LINE('',#1092,#1093);
#1092 = CARTESIAN_POINT('',(21.5,0.,0.));
#1093 = VECTOR('',#1094,1.);
#1094 = DIRECTION('',(0.5,0.866025403784,0.));
#1095 = ORIENTED_EDGE('',*,*,#1096,.T.);
#1096 = EDGE_CURVE('',#1089,#1055,#1097,.T.);
#1097 = LINE('',#1098,#1099);
#1098 = CARTESIAN_POINT('',(23.,2.598076211353,0.));
#1099 = VECTOR('',#1100,1.);
#1100 = DIRECTION('',(1.,0.,0.));
#1101 = FACE_BOUND('',#1102,.F.);
#1102 = EDGE_LOOP('',(#1103,#1114,#1122,#1131,#1139,#1148,#1156,#1165));
#1103 = ORIENTED_EDGE('',*,*,#1104,.F.);
#1104 = EDGE_CURVE('',#1105,#1107,#1109,.T.);
#1105 = VERTEX_POINT('',#1106);
#1106 = CARTESIAN_POINT('',(-35.,7.5,0.));
#1107 = VERTEX_POINT('',#1108);
#1108 = CARTESIAN_POINT('',(-31.5,4.,0.));
#1109 = CIRCLE('',#1110,3.5);
#1110 = AXIS2_PLACEMENT_3D('',#1111,#1112,#1113);
#1111 = CARTESIAN_POINT('',(-31.5,7.5,0.));
#1112 = DIRECTION('',(0.,0.,1.));
#1113 = DIRECTION('',(1.,0.,0.));
#1114 = ORIENTED_EDGE('',*,*,#1115,.T.);
#1115 = EDGE_CURVE('',#1105,#1116,#1118,.T.);
#1116 = VERTEX_POINT('',#1117);
#1117 = CARTESIAN_POINT('',(-35.,50.5,0.));
#1118 = LINE('',#1119,#1120);
#1119 = CARTESIAN_POINT('',(-35.,25.946163636775,0.));
#1120 = VECTOR('',#1121,1.);
#1121 = DIRECTION('',(0.,1.,0.));
#1122 = ORIENTED_EDGE('',*,*,#1123,.F.);
#1123 = EDGE_CURVE('',#1124,#1116,#1126,.T.);
#1124 = VERTEX_POINT('',#1125);
#1125 = CARTESIAN_POINT('',(-31.5,54.,0.));
#1126 = CIRCLE('',#1127,3.5);
#1127 = AXIS2_PLACEMENT_3D('',#1128,#1129,#1130);
#1128 = CARTESIAN_POINT('',(-31.5,50.5,0.));
#1129 = DIRECTION('',(0.,0.,1.));
#1130 = DIRECTION('',(1.,0.,0.));
#1131 = ORIENTED_EDGE('',*,*,#1132,.T.);
#1132 = EDGE_CURVE('',#1124,#1133,#1135,.T.);
#1133 = VERTEX_POINT('',#1134);
#1134 = CARTESIAN_POINT('',(31.5,54.,0.));
#1135 = LINE('',#1136,#1137);
#1136 = CARTESIAN_POINT('',(15.75,54.,0.));
#1137 = VECTOR('',#1138,1.);
#1138 = DIRECTION('',(1.,0.,0.));
#1139 = ORIENTED_EDGE('',*,*,#1140,.F.);
#1140 = EDGE_CURVE('',#1141,#1133,#1143,.T.);
#1141 = VERTEX_POINT('',#1142);
#1142 = CARTESIAN_POINT('',(35.,50.5,0.));
#1143 = CIRCLE('',#1144,3.5);
#1144 = AXIS2_PLACEMENT_3D('',#1145,#1146,#1147);
#1145 = CARTESIAN_POINT('',(31.5,50.5,0.));
#1146 = DIRECTION('',(0.,0.,1.));
#1147 = DIRECTION('',(1.,0.,0.));
#1148 = ORIENTED_EDGE('',*,*,#1149,.T.);
#1149 = EDGE_CURVE('',#1141,#1150,#1152,.T.);
#1150 = VERTEX_POINT('',#1151);
#1151 = CARTESIAN_POINT('',(35.,7.5,0.));
#1152 = LINE('',#1153,#1154);
#1153 = CARTESIAN_POINT('',(35.,4.446163636775,0.));
#1154 = VECTOR('',#1155,1.);
#1155 = DIRECTION('',(0.,-1.,0.));
#1156 = ORIENTED_EDGE('',*,*,#1157,.F.);
#1157 = EDGE_CURVE('',#1158,#1150,#1160,.T.);
#1158 = VERTEX_POINT('',#1159);
#1159 = CARTESIAN_POINT('',(31.5,4.,0.));
#1160 = CIRCLE('',#1161,3.5);
#1161 = AXIS2_PLACEMENT_3D('',#1162,#1163,#1164);
#1162 = CARTESIAN_POINT('',(31.5,7.5,0.));
#1163 = DIRECTION('',(0.,0.,1.));
#1164 = DIRECTION('',(1.,0.,0.));
#1165 = ORIENTED_EDGE('',*,*,#1166,.T.);
#1166 = EDGE_CURVE('',#1158,#1107,#1167,.T.);
#1167 = LINE('',#1168,#1169);
#1168 = CARTESIAN_POINT('',(-15.75,4.,0.));
#1169 = VECTOR('',#1170,1.);
#1170 = DIRECTION('',(-1.,0.,0.));
#1171 = FACE_BOUND('',#1172,.F.);
#1172 = EDGE_LOOP('',(#1173,#1184,#1192,#1201,#1209,#1218,#1226,#1235));
#1173 = ORIENTED_EDGE('',*,*,#1174,.F.);
#1174 = EDGE_CURVE('',#1175,#1177,#1179,.T.);
#1175 = VERTEX_POINT('',#1176);
#1176 = CARTESIAN_POINT('',(46.499999999998,29.5,0.));
#1177 = VERTEX_POINT('',#1178);
#1178 = CARTESIAN_POINT('',(42.999999999998,26.,0.));
#1179 = CIRCLE('',#1180,3.5);
#1180 = AXIS2_PLACEMENT_3D('',#1181,#1182,#1183);
#1181 = CARTESIAN_POINT('',(46.499999999998,26.,0.));
#1182 = DIRECTION('',(0.,0.,1.));
#1183 = DIRECTION('',(1.,0.,0.));
#1184 = ORIENTED_EDGE('',*,*,#1185,.T.);
#1185 = EDGE_CURVE('',#1175,#1186,#1188,.T.);
#1186 = VERTEX_POINT('',#1187);
#1187 = CARTESIAN_POINT('',(66.499999999998,29.5,0.));
#1188 = LINE('',#1189,#1190);
#1189 = CARTESIAN_POINT('',(33.249999999999,29.5,0.));
#1190 = VECTOR('',#1191,1.);
#1191 = DIRECTION('',(1.,0.,0.));
#1192 = ORIENTED_EDGE('',*,*,#1193,.F.);
#1193 = EDGE_CURVE('',#1194,#1186,#1196,.T.);
#1194 = VERTEX_POINT('',#1195);
#1195 = CARTESIAN_POINT('',(69.999999999999,25.999999999999,0.));
#1196 = CIRCLE('',#1197,3.5);
#1197 = AXIS2_PLACEMENT_3D('',#1198,#1199,#1200);
#1198 = CARTESIAN_POINT('',(66.499999999999,26.,0.));
#1199 = DIRECTION('',(0.,0.,1.));
#1200 = DIRECTION('',(1.,0.,0.));
#1201 = ORIENTED_EDGE('',*,*,#1202,.T.);
#1202 = EDGE_CURVE('',#1194,#1203,#1205,.T.);
#1203 = VERTEX_POINT('',#1204);
#1204 = CARTESIAN_POINT('',(69.999999999999,-25.99999999999,0.));
#1205 = LINE('',#1206,#1207);
#1206 = CARTESIAN_POINT('',(69.999999999999,-12.30383636322,0.));
#1207 = VECTOR('',#1208,1.);
#1208 = DIRECTION('',(0.,-1.,0.));
#1209 = ORIENTED_EDGE('',*,*,#1210,.F.);
#1210 = EDGE_CURVE('',#1211,#1203,#1213,.T.);
#1211 = VERTEX_POINT('',#1212);
#1212 = CARTESIAN_POINT('',(66.499999999998,-29.5,0.));
#1213 = CIRCLE('',#1214,3.5);
#1214 = AXIS2_PLACEMENT_3D('',#1215,#1216,#1217);
#1215 = CARTESIAN_POINT('',(66.499999999999,-26.,0.));
#1216 = DIRECTION('',(0.,0.,1.));
#1217 = DIRECTION('',(1.,0.,0.));
#1218 = ORIENTED_EDGE('',*,*,#1219,.T.);
#1219 = EDGE_CURVE('',#1211,#1220,#1222,.T.);
#1220 = VERTEX_POINT('',#1221);
#1221 = CARTESIAN_POINT('',(46.499999999998,-29.5,0.));
#1222 = LINE('',#1223,#1224);
#1223 = CARTESIAN_POINT('',(23.249999999999,-29.5,0.));
#1224 = VECTOR('',#1225,1.);
#1225 = DIRECTION('',(-1.,0.,0.));
#1226 = ORIENTED_EDGE('',*,*,#1227,.F.);
#1227 = EDGE_CURVE('',#1228,#1220,#1230,.T.);
#1228 = VERTEX_POINT('',#1229);
#1229 = CARTESIAN_POINT('',(42.999999999998,-26.,0.));
#1230 = CIRCLE('',#1231,3.5);
#1231 = AXIS2_PLACEMENT_3D('',#1232,#1233,#1234);
#1232 = CARTESIAN_POINT('',(46.499999999998,-26.,0.));
#1233 = DIRECTION('',(0.,0.,1.));
#1234 = DIRECTION('',(1.,0.,0.));
#1235 = ORIENTED_EDGE('',*,*,#1236,.T.);
#1236 = EDGE_CURVE('',#1228,#1177,#1237,.T.);
#1237 = LINE('',#1238,#1239);
#1238 = CARTESIAN_POINT('',(42.999999999998,13.696163636775,0.));
#1239 = VECTOR('',#1240,1.);
#1240 = DIRECTION('',(2.732856676E-16,1.,0.));
#1241 = FACE_BOUND('',#1242,.F.);
#1242 = EDGE_LOOP('',(#1243,#1253,#1261,#1269,#1277,#1285));
#1243 = ORIENTED_EDGE('',*,*,#1244,.T.);
#1244 = EDGE_CURVE('',#1245,#1247,#1249,.T.);
#1245 = VERTEX_POINT('',#1246);
#1246 = CARTESIAN_POINT('',(26.,60.598076211353,0.));
#1247 = VERTEX_POINT('',#1248);
#1248 = CARTESIAN_POINT('',(27.5,58.,0.));
#1249 = LINE('',#1250,#1251);
#1250 = CARTESIAN_POINT('',(26.,60.598076211353,0.));
#1251 = VECTOR('',#1252,1.);
#1252 = DIRECTION('',(0.5,-0.866025403784,0.));
#1253 = ORIENTED_EDGE('',*,*,#1254,.T.);
#1254 = EDGE_CURVE('',#1247,#1255,#1257,.T.);
#1255 = VERTEX_POINT('',#1256);
#1256 = CARTESIAN_POINT('',(26.,55.401923788647,0.));
#1257 = LINE('',#1258,#1259);
#1258 = CARTESIAN_POINT('',(27.5,58.,0.));
#1259 = VECTOR('',#1260,1.);
#1260 = DIRECTION('',(-0.5,-0.866025403784,0.));
#1261 = ORIENTED_EDGE('',*,*,#1262,.T.);
#1262 = EDGE_CURVE('',#1255,#1263,#1265,.T.);
#1263 = VERTEX_POINT('',#1264);
#1264 = CARTESIAN_POINT('',(23.,55.401923788647,0.));
#1265 = LINE('',#1266,#1267);
#1266 = CARTESIAN_POINT('',(26.,55.401923788647,0.));
#1267 = VECTOR('',#1268,1.);
#1268 = DIRECTION('',(-1.,0.,0.));
#1269 = ORIENTED_EDGE('',*,*,#1270,.T.);
#1270 = EDGE_CURVE('',#1263,#1271,#1273,.T.);
#1271 = VERTEX_POINT('',#1272);
#1272 = CARTESIAN_POINT('',(21.5,58.,0.));
#1273 = LINE('',#1274,#1275);
#1274 = CARTESIAN_POINT('',(23.,55.401923788647,0.));
#1275 = VECTOR('',#1276,1.);
#1276 = DIRECTION('',(-0.5,0.866025403784,-0.));
#1277 = ORIENTED_EDGE('',*,*,#1278,.T.);
#1278 = EDGE_CURVE('',#1271,#1279,#1281,.T.);
#1279 = VERTEX_POINT('',#1280);
#1280 = CARTESIAN_POINT('',(23.,60.598076211353,0.));
#1281 = LINE('',#1282,#1283);
#1282 = CARTESIAN_POINT('',(21.5,58.,0.));
#1283 = VECTOR('',#1284,1.);
#1284 = DIRECTION('',(0.5,0.866025403784,0.));
#1285 = ORIENTED_EDGE('',*,*,#1286,.T.);
#1286 = EDGE_CURVE('',#1279,#1245,#1287,.T.);
#1287 = LINE('',#1288,#1289);
#1288 = CARTESIAN_POINT('',(23.,60.598076211353,0.));
#1289 = VECTOR('',#1290,1.);
#1290 = DIRECTION('',(1.,0.,0.));
#1291 = FACE_BOUND('',#1292,.F.);
#1292 = EDGE_LOOP('',(#1293,#1304,#1312,#1321,#1329,#1338,#1346,#1355));
#1293 = ORIENTED_EDGE('',*,*,#1294,.F.);
#1294 = EDGE_CURVE('',#1295,#1297,#1299,.T.);
#1295 = VERTEX_POINT('',#1296);
#1296 = CARTESIAN_POINT('',(6.,75.4,0.));
#1297 = VERTEX_POINT('',#1298);
#1298 = CARTESIAN_POINT('',(6.4,75.,0.));
#1299 = CIRCLE('',#1300,0.4);
#1300 = AXIS2_PLACEMENT_3D('',#1301,#1302,#1303);
#1301 = CARTESIAN_POINT('',(6.4,75.4,0.));
#1302 = DIRECTION('',(0.,0.,1.));
#1303 = DIRECTION('',(1.,0.,0.));
#1304 = ORIENTED_EDGE('',*,*,#1305,.T.);
#1305 = EDGE_CURVE('',#1295,#1306,#1308,.T.);
#1306 = VERTEX_POINT('',#1307);
#1307 = CARTESIAN_POINT('',(6.,83.4,0.));
#1308 = LINE('',#1309,#1310);
#1309 = CARTESIAN_POINT('',(6.,42.396163636776,0.));
#1310 = VECTOR('',#1311,1.);
#1311 = DIRECTION('',(0.,1.,0.));
#1312 = ORIENTED_EDGE('',*,*,#1313,.F.);
#1313 = EDGE_CURVE('',#1314,#1306,#1316,.T.);
#1314 = VERTEX_POINT('',#1315);
#1315 = CARTESIAN_POINT('',(6.4,83.8,0.));
#1316 = CIRCLE('',#1317,0.4);
#1317 = AXIS2_PLACEMENT_3D('',#1318,#1319,#1320);
#1318 = CARTESIAN_POINT('',(6.4,83.4,0.));
#1319 = DIRECTION('',(0.,0.,1.));
#1320 = DIRECTION('',(1.,0.,0.));
#1321 = ORIENTED_EDGE('',*,*,#1322,.T.);
#1322 = EDGE_CURVE('',#1314,#1323,#1325,.T.);
#1323 = VERTEX_POINT('',#1324);
#1324 = CARTESIAN_POINT('',(14.4,83.8,0.));
#1325 = LINE('',#1326,#1327);
#1326 = CARTESIAN_POINT('',(7.2,83.8,0.));
#1327 = VECTOR('',#1328,1.);
#1328 = DIRECTION('',(1.,0.,0.));
#1329 = ORIENTED_EDGE('',*,*,#1330,.F.);
#1330 = EDGE_CURVE('',#1331,#1323,#1333,.T.);
#1331 = VERTEX_POINT('',#1332);
#1332 = CARTESIAN_POINT('',(14.8,83.4,0.));
#1333 = CIRCLE('',#1334,0.4);
#1334 = AXIS2_PLACEMENT_3D('',#1335,#1336,#1337);
#1335 = CARTESIAN_POINT('',(14.4,83.4,0.));
#1336 = DIRECTION('',(0.,0.,1.));
#1337 = DIRECTION('',(1.,0.,0.));
#1338 = ORIENTED_EDGE('',*,*,#1339,.T.);
#1339 = EDGE_CURVE('',#1331,#1340,#1342,.T.);
#1340 = VERTEX_POINT('',#1341);
#1341 = CARTESIAN_POINT('',(14.8,75.4,0.));
#1342 = LINE('',#1343,#1344);
#1343 = CARTESIAN_POINT('',(14.8,38.396163636776,0.));
#1344 = VECTOR('',#1345,1.);
#1345 = DIRECTION('',(0.,-1.,0.));
#1346 = ORIENTED_EDGE('',*,*,#1347,.F.);
#1347 = EDGE_CURVE('',#1348,#1340,#1350,.T.);
#1348 = VERTEX_POINT('',#1349);
#1349 = CARTESIAN_POINT('',(14.4,75.,0.));
#1350 = CIRCLE('',#1351,0.4);
#1351 = AXIS2_PLACEMENT_3D('',#1352,#1353,#1354);
#1352 = CARTESIAN_POINT('',(14.4,75.4,0.));
#1353 = DIRECTION('',(0.,0.,1.));
#1354 = DIRECTION('',(1.,0.,0.));
#1355 = ORIENTED_EDGE('',*,*,#1356,.T.);
#1356 = EDGE_CURVE('',#1348,#1297,#1357,.T.);
#1357 = LINE('',#1358,#1359);
#1358 = CARTESIAN_POINT('',(3.2,75.,0.));
#1359 = VECTOR('',#1360,1.);
#1360 = DIRECTION('',(-1.,0.,0.));
#1361 = FACE_BOUND('',#1362,.F.);
#1362 = EDGE_LOOP('',(#1363));
#1363 = ORIENTED_EDGE('',*,*,#1364,.F.);
#1364 = EDGE_CURVE('',#1365,#1365,#1367,.T.);
#1365 = VERTEX_POINT('',#1366);
#1366 = CARTESIAN_POINT('',(23.75,92.5,0.));
#1367 = CIRCLE('',#1368,2.75);
#1368 = AXIS2_PLACEMENT_3D('',#1369,#1370,#1371);
#1369 = CARTESIAN_POINT('',(21.,92.5,0.));
#1370 = DIRECTION('',(0.,0.,1.));
#1371 = DIRECTION('',(1.,0.,0.));
#1372 = FACE_BOUND('',#1373,.F.);
#1373 = EDGE_LOOP('',(#1374));
#1374 = ORIENTED_EDGE('',*,*,#1375,.T.);
#1375 = EDGE_CURVE('',#1376,#1376,#1378,.T.);
#1376 = VERTEX_POINT('',#1377);
#1377 = CARTESIAN_POINT('',(39.,80.,0.));
#1378 = CIRCLE('',#1379,4.);
#1379 = AXIS2_PLACEMENT_3D('',#1380,#1381,#1382);
#1380 = CARTESIAN_POINT('',(35.,80.,0.));
#1381 = DIRECTION('',(0.,0.,-1.));
#1382 = DIRECTION('',(1.,0.,0.));
#1383 = PLANE('',#1384);
#1384 = AXIS2_PLACEMENT_3D('',#1385,#1386,#1387);
#1385 = CARTESIAN_POINT('',(1.107737711408E-15,1.392327273551,0.));
#1386 = DIRECTION('',(0.,0.,1.));
#1387 = DIRECTION('',(1.,0.,0.));
#1388 = ADVANCED_FACE('',(#1389,#1749,#1819,#1830,#1841,#1911,#1922,
    #1992,#2062,#2073,#2084,#2095,#2106,#2117,#2187,#2198,#2268,#2338,
    #2349,#2419),#2430,.T.);
#1389 = FACE_BOUND('',#1390,.T.);
#1390 = EDGE_LOOP('',(#1391,#1392,#1393,#1401,#1410,#1418,#1426,#1435,
    #1443,#1451,#1460,#1468,#1476,#1484,#1493,#1501,#1509,#1518,#1526,
    #1534,#1543,#1551,#1560,#1568,#1576,#1585,#1593,#1601,#1610,#1618,
    #1626,#1634,#1643,#1651,#1659,#1668,#1676,#1684,#1692,#1700,#1709,
    #1717,#1726,#1734,#1742,#1748));
#1391 = ORIENTED_EDGE('',*,*,#31,.F.);
#1392 = ORIENTED_EDGE('',*,*,#62,.T.);
#1393 = ORIENTED_EDGE('',*,*,#1394,.F.);
#1394 = EDGE_CURVE('',#1395,#63,#1397,.T.);
#1395 = VERTEX_POINT('',#1396);
#1396 = CARTESIAN_POINT('',(-80.,-30.,4.));
#1397 = LINE('',#1398,#1399);
#1398 = CARTESIAN_POINT('',(-80.,-30.,4.));
#1399 = VECTOR('',#1400,1.);
#1400 = DIRECTION('',(0.,1.,0.));
#1401 = ORIENTED_EDGE('',*,*,#1402,.T.);
#1402 = EDGE_CURVE('',#1395,#1403,#1405,.T.);
#1403 = VERTEX_POINT('',#1404);
#1404 = CARTESIAN_POINT('',(-78.,-33.46410161513,4.));
#1405 = CIRCLE('',#1406,4.);
#1406 = AXIS2_PLACEMENT_3D('',#1407,#1408,#1409);
#1407 = CARTESIAN_POINT('',(-76.,-30.,4.));
#1408 = DIRECTION('',(0.,0.,1.));
#1409 = DIRECTION('',(1.,0.,0.));
#1410 = ORIENTED_EDGE('',*,*,#1411,.F.);
#1411 = EDGE_CURVE('',#1412,#1403,#1414,.T.);
#1412 = VERTEX_POINT('',#1413);
#1413 = CARTESIAN_POINT('',(-67.08587988004,-39.76537180436,4.));
#1414 = LINE('',#1415,#1416);
#1415 = CARTESIAN_POINT('',(-67.08587988004,-39.76537180436,4.));
#1416 = VECTOR('',#1417,1.);
#1417 = DIRECTION('',(-0.866025403784,0.5,0.));
#1418 = ORIENTED_EDGE('',*,*,#1419,.F.);
#1419 = EDGE_CURVE('',#1420,#1412,#1422,.T.);
#1420 = VERTEX_POINT('',#1421);
#1421 = CARTESIAN_POINT('',(-33.46410161513,-98.,4.));
#1422 = LINE('',#1423,#1424);
#1423 = CARTESIAN_POINT('',(-33.46410161513,-98.,4.));
#1424 = VECTOR('',#1425,1.);
#1425 = DIRECTION('',(-0.5,0.866025403784,0.));
#1426 = ORIENTED_EDGE('',*,*,#1427,.T.);
#1427 = EDGE_CURVE('',#1420,#1428,#1430,.T.);
#1428 = VERTEX_POINT('',#1429);
#1429 = CARTESIAN_POINT('',(-30.,-100.,4.));
#1430 = CIRCLE('',#1431,4.);
#1431 = AXIS2_PLACEMENT_3D('',#1432,#1433,#1434);
#1432 = CARTESIAN_POINT('',(-30.,-96.,4.));
#1433 = DIRECTION('',(0.,0.,1.));
#1434 = DIRECTION('',(1.,0.,0.));
#1435 = ORIENTED_EDGE('',*,*,#1436,.F.);
#1436 = EDGE_CURVE('',#1437,#1428,#1439,.T.);
#1437 = VERTEX_POINT('',#1438);
#1438 = CARTESIAN_POINT('',(-28.5,-100.,4.));
#1439 = LINE('',#1440,#1441);
#1440 = CARTESIAN_POINT('',(30.,-100.,4.));
#1441 = VECTOR('',#1442,1.);
#1442 = DIRECTION('',(-1.,0.,0.));
#1443 = ORIENTED_EDGE('',*,*,#1444,.F.);
#1444 = EDGE_CURVE('',#1445,#1437,#1447,.T.);
#1445 = VERTEX_POINT('',#1446);
#1446 = CARTESIAN_POINT('',(-28.5,-84.5,4.));
#1447 = LINE('',#1448,#1449);
#1448 = CARTESIAN_POINT('',(-28.5,-84.5,4.));
#1449 = VECTOR('',#1450,1.);
#1450 = DIRECTION('',(0.,-1.,0.));
#1451 = ORIENTED_EDGE('',*,*,#1452,.F.);
#1452 = EDGE_CURVE('',#1453,#1445,#1455,.T.);
#1453 = VERTEX_POINT('',#1454);
#1454 = CARTESIAN_POINT('',(-19.5,-84.5,4.));
#1455 = CIRCLE('',#1456,4.5);
#1456 = AXIS2_PLACEMENT_3D('',#1457,#1458,#1459);
#1457 = CARTESIAN_POINT('',(-24.,-84.5,4.));
#1458 = DIRECTION('',(0.,0.,1.));
#1459 = DIRECTION('',(1.,0.,0.));
#1460 = ORIENTED_EDGE('',*,*,#1461,.T.);
#1461 = EDGE_CURVE('',#1453,#1462,#1464,.T.);
#1462 = VERTEX_POINT('',#1463);
#1463 = CARTESIAN_POINT('',(-19.5,-100.,4.));
#1464 = LINE('',#1465,#1466);
#1465 = CARTESIAN_POINT('',(-19.5,-84.5,4.));
#1466 = VECTOR('',#1467,1.);
#1467 = DIRECTION('',(0.,-1.,0.));
#1468 = ORIENTED_EDGE('',*,*,#1469,.F.);
#1469 = EDGE_CURVE('',#1470,#1462,#1472,.T.);
#1470 = VERTEX_POINT('',#1471);
#1471 = CARTESIAN_POINT('',(19.5,-100.,4.));
#1472 = LINE('',#1473,#1474);
#1473 = CARTESIAN_POINT('',(30.,-100.,4.));
#1474 = VECTOR('',#1475,1.);
#1475 = DIRECTION('',(-1.,0.,0.));
#1476 = ORIENTED_EDGE('',*,*,#1477,.F.);
#1477 = EDGE_CURVE('',#1478,#1470,#1480,.T.);
#1478 = VERTEX_POINT('',#1479);
#1479 = CARTESIAN_POINT('',(19.5,-84.5,4.));
#1480 = LINE('',#1481,#1482);
#1481 = CARTESIAN_POINT('',(19.5,-84.5,4.));
#1482 = VECTOR('',#1483,1.);
#1483 = DIRECTION('',(0.,-1.,0.));
#1484 = ORIENTED_EDGE('',*,*,#1485,.F.);
#1485 = EDGE_CURVE('',#1486,#1478,#1488,.T.);
#1486 = VERTEX_POINT('',#1487);
#1487 = CARTESIAN_POINT('',(28.5,-84.5,4.));
#1488 = CIRCLE('',#1489,4.5);
#1489 = AXIS2_PLACEMENT_3D('',#1490,#1491,#1492);
#1490 = CARTESIAN_POINT('',(24.,-84.5,4.));
#1491 = DIRECTION('',(0.,0.,1.));
#1492 = DIRECTION('',(1.,0.,0.));
#1493 = ORIENTED_EDGE('',*,*,#1494,.T.);
#1494 = EDGE_CURVE('',#1486,#1495,#1497,.T.);
#1495 = VERTEX_POINT('',#1496);
#1496 = CARTESIAN_POINT('',(28.5,-100.,4.));
#1497 = LINE('',#1498,#1499);
#1498 = CARTESIAN_POINT('',(28.5,-84.5,4.));
#1499 = VECTOR('',#1500,1.);
#1500 = DIRECTION('',(0.,-1.,0.));
#1501 = ORIENTED_EDGE('',*,*,#1502,.F.);
#1502 = EDGE_CURVE('',#1503,#1495,#1505,.T.);
#1503 = VERTEX_POINT('',#1504);
#1504 = CARTESIAN_POINT('',(30.,-100.,4.));
#1505 = LINE('',#1506,#1507);
#1506 = CARTESIAN_POINT('',(30.,-100.,4.));
#1507 = VECTOR('',#1508,1.);
#1508 = DIRECTION('',(-1.,0.,0.));
#1509 = ORIENTED_EDGE('',*,*,#1510,.T.);
#1510 = EDGE_CURVE('',#1503,#1511,#1513,.T.);
#1511 = VERTEX_POINT('',#1512);
#1512 = CARTESIAN_POINT('',(33.464101615138,-98.,4.));
#1513 = CIRCLE('',#1514,4.);
#1514 = AXIS2_PLACEMENT_3D('',#1515,#1516,#1517);
#1515 = CARTESIAN_POINT('',(30.,-96.,4.));
#1516 = DIRECTION('',(0.,0.,1.));
#1517 = DIRECTION('',(1.,0.,0.));
#1518 = ORIENTED_EDGE('',*,*,#1519,.F.);
#1519 = EDGE_CURVE('',#1520,#1511,#1522,.T.);
#1520 = VERTEX_POINT('',#1521);
#1521 = CARTESIAN_POINT('',(67.085879880048,-39.76537180436,4.));
#1522 = LINE('',#1523,#1524);
#1523 = CARTESIAN_POINT('',(67.085879880048,-39.76537180436,4.));
#1524 = VECTOR('',#1525,1.);
#1525 = DIRECTION('',(-0.5,-0.866025403784,0.));
#1526 = ORIENTED_EDGE('',*,*,#1527,.F.);
#1527 = EDGE_CURVE('',#1528,#1520,#1530,.T.);
#1528 = VERTEX_POINT('',#1529);
#1529 = CARTESIAN_POINT('',(78.,-33.46410161513,4.));
#1530 = LINE('',#1531,#1532);
#1531 = CARTESIAN_POINT('',(78.,-33.46410161513,4.));
#1532 = VECTOR('',#1533,1.);
#1533 = DIRECTION('',(-0.866025403784,-0.5,0.));
#1534 = ORIENTED_EDGE('',*,*,#1535,.T.);
#1535 = EDGE_CURVE('',#1528,#1536,#1538,.T.);
#1536 = VERTEX_POINT('',#1537);
#1537 = CARTESIAN_POINT('',(80.,-30.,4.));
#1538 = CIRCLE('',#1539,4.);
#1539 = AXIS2_PLACEMENT_3D('',#1540,#1541,#1542);
#1540 = CARTESIAN_POINT('',(76.,-30.,4.));
#1541 = DIRECTION('',(0.,0.,1.));
#1542 = DIRECTION('',(1.,0.,0.));
#1543 = ORIENTED_EDGE('',*,*,#1544,.F.);
#1544 = EDGE_CURVE('',#1545,#1536,#1547,.T.);
#1545 = VERTEX_POINT('',#1546);
#1546 = CARTESIAN_POINT('',(80.,30.,4.));
#1547 = LINE('',#1548,#1549);
#1548 = CARTESIAN_POINT('',(80.,30.,4.));
#1549 = VECTOR('',#1550,1.);
#1550 = DIRECTION('',(0.,-1.,0.));
#1551 = ORIENTED_EDGE('',*,*,#1552,.T.);
#1552 = EDGE_CURVE('',#1545,#1553,#1555,.T.);
#1553 = VERTEX_POINT('',#1554);
#1554 = CARTESIAN_POINT('',(78.,33.464101615138,4.));
#1555 = CIRCLE('',#1556,4.);
#1556 = AXIS2_PLACEMENT_3D('',#1557,#1558,#1559);
#1557 = CARTESIAN_POINT('',(76.,30.,4.));
#1558 = DIRECTION('',(0.,0.,1.));
#1559 = DIRECTION('',(1.,0.,0.));
#1560 = ORIENTED_EDGE('',*,*,#1561,.F.);
#1561 = EDGE_CURVE('',#1562,#1553,#1564,.T.);
#1562 = VERTEX_POINT('',#1563);
#1563 = CARTESIAN_POINT('',(67.085879880048,39.76537180436,4.));
#1564 = LINE('',#1565,#1566);
#1565 = CARTESIAN_POINT('',(67.085879880048,39.76537180436,4.));
#1566 = VECTOR('',#1567,1.);
#1567 = DIRECTION('',(0.866025403784,-0.5,0.));
#1568 = ORIENTED_EDGE('',*,*,#1569,.F.);
#1569 = EDGE_CURVE('',#1570,#1562,#1572,.T.);
#1570 = VERTEX_POINT('',#1571);
#1571 = CARTESIAN_POINT('',(33.464101615138,98.,4.));
#1572 = LINE('',#1573,#1574);
#1573 = CARTESIAN_POINT('',(33.464101615138,98.,4.));
#1574 = VECTOR('',#1575,1.);
#1575 = DIRECTION('',(0.5,-0.866025403784,0.));
#1576 = ORIENTED_EDGE('',*,*,#1577,.T.);
#1577 = EDGE_CURVE('',#1570,#1578,#1580,.T.);
#1578 = VERTEX_POINT('',#1579);
#1579 = CARTESIAN_POINT('',(30.,100.,4.));
#1580 = CIRCLE('',#1581,4.);
#1581 = AXIS2_PLACEMENT_3D('',#1582,#1583,#1584);
#1582 = CARTESIAN_POINT('',(30.,96.,4.));
#1583 = DIRECTION('',(0.,0.,1.));
#1584 = DIRECTION('',(1.,0.,0.));
#1585 = ORIENTED_EDGE('',*,*,#1586,.F.);
#1586 = EDGE_CURVE('',#1587,#1578,#1589,.T.);
#1587 = VERTEX_POINT('',#1588);
#1588 = CARTESIAN_POINT('',(25.5,100.,4.));
#1589 = LINE('',#1590,#1591);
#1590 = CARTESIAN_POINT('',(-30.,100.,4.));
#1591 = VECTOR('',#1592,1.);
#1592 = DIRECTION('',(1.,0.,0.));
#1593 = ORIENTED_EDGE('',*,*,#1594,.T.);
#1594 = EDGE_CURVE('',#1587,#1595,#1597,.T.);
#1595 = VERTEX_POINT('',#1596);
#1596 = CARTESIAN_POINT('',(25.5,84.5,4.));
#1597 = LINE('',#1598,#1599);
#1598 = CARTESIAN_POINT('',(25.5,100.5,4.));
#1599 = VECTOR('',#1600,1.);
#1600 = DIRECTION('',(0.,-1.,0.));
#1601 = ORIENTED_EDGE('',*,*,#1602,.F.);
#1602 = EDGE_CURVE('',#1603,#1595,#1605,.T.);
#1603 = VERTEX_POINT('',#1604);
#1604 = CARTESIAN_POINT('',(16.5,84.5,4.));
#1605 = CIRCLE('',#1606,4.5);
#1606 = AXIS2_PLACEMENT_3D('',#1607,#1608,#1609);
#1607 = CARTESIAN_POINT('',(21.,84.5,4.));
#1608 = DIRECTION('',(0.,0.,1.));
#1609 = DIRECTION('',(1.,0.,0.));
#1610 = ORIENTED_EDGE('',*,*,#1611,.F.);
#1611 = EDGE_CURVE('',#1612,#1603,#1614,.T.);
#1612 = VERTEX_POINT('',#1613);
#1613 = CARTESIAN_POINT('',(16.5,100.,4.));
#1614 = LINE('',#1615,#1616);
#1615 = CARTESIAN_POINT('',(16.5,100.5,4.));
#1616 = VECTOR('',#1617,1.);
#1617 = DIRECTION('',(0.,-1.,0.));
#1618 = ORIENTED_EDGE('',*,*,#1619,.F.);
#1619 = EDGE_CURVE('',#1620,#1612,#1622,.T.);
#1620 = VERTEX_POINT('',#1621);
#1621 = CARTESIAN_POINT('',(-16.5,100.,4.));
#1622 = LINE('',#1623,#1624);
#1623 = CARTESIAN_POINT('',(-30.,100.,4.));
#1624 = VECTOR('',#1625,1.);
#1625 = DIRECTION('',(1.,0.,0.));
#1626 = ORIENTED_EDGE('',*,*,#1627,.T.);
#1627 = EDGE_CURVE('',#1620,#1628,#1630,.T.);
#1628 = VERTEX_POINT('',#1629);
#1629 = CARTESIAN_POINT('',(-16.5,84.5,4.));
#1630 = LINE('',#1631,#1632);
#1631 = CARTESIAN_POINT('',(-16.5,100.5,4.));
#1632 = VECTOR('',#1633,1.);
#1633 = DIRECTION('',(0.,-1.,0.));
#1634 = ORIENTED_EDGE('',*,*,#1635,.F.);
#1635 = EDGE_CURVE('',#1636,#1628,#1638,.T.);
#1636 = VERTEX_POINT('',#1637);
#1637 = CARTESIAN_POINT('',(-25.5,84.5,4.));
#1638 = CIRCLE('',#1639,4.5);
#1639 = AXIS2_PLACEMENT_3D('',#1640,#1641,#1642);
#1640 = CARTESIAN_POINT('',(-21.,84.5,4.));
#1641 = DIRECTION('',(0.,0.,1.));
#1642 = DIRECTION('',(1.,0.,0.));
#1643 = ORIENTED_EDGE('',*,*,#1644,.F.);
#1644 = EDGE_CURVE('',#1645,#1636,#1647,.T.);
#1645 = VERTEX_POINT('',#1646);
#1646 = CARTESIAN_POINT('',(-25.5,100.,4.));
#1647 = LINE('',#1648,#1649);
#1648 = CARTESIAN_POINT('',(-25.5,100.5,4.));
#1649 = VECTOR('',#1650,1.);
#1650 = DIRECTION('',(0.,-1.,0.));
#1651 = ORIENTED_EDGE('',*,*,#1652,.F.);
#1652 = EDGE_CURVE('',#1653,#1645,#1655,.T.);
#1653 = VERTEX_POINT('',#1654);
#1654 = CARTESIAN_POINT('',(-30.,100.,4.));
#1655 = LINE('',#1656,#1657);
#1656 = CARTESIAN_POINT('',(-30.,100.,4.));
#1657 = VECTOR('',#1658,1.);
#1658 = DIRECTION('',(1.,0.,0.));
#1659 = ORIENTED_EDGE('',*,*,#1660,.T.);
#1660 = EDGE_CURVE('',#1653,#1661,#1663,.T.);
#1661 = VERTEX_POINT('',#1662);
#1662 = CARTESIAN_POINT('',(-33.46410161513,98.,4.));
#1663 = CIRCLE('',#1664,4.);
#1664 = AXIS2_PLACEMENT_3D('',#1665,#1666,#1667);
#1665 = CARTESIAN_POINT('',(-30.,96.,4.));
#1666 = DIRECTION('',(0.,0.,1.));
#1667 = DIRECTION('',(1.,0.,0.));
#1668 = ORIENTED_EDGE('',*,*,#1669,.F.);
#1669 = EDGE_CURVE('',#1670,#1661,#1672,.T.);
#1670 = VERTEX_POINT('',#1671);
#1671 = CARTESIAN_POINT('',(-55.58587988004,59.683956091402,4.));
#1672 = LINE('',#1673,#1674);
#1673 = CARTESIAN_POINT('',(-67.08587988004,39.76537180436,4.));
#1674 = VECTOR('',#1675,1.);
#1675 = DIRECTION('',(0.5,0.866025403784,0.));
#1676 = ORIENTED_EDGE('',*,*,#1677,.T.);
#1677 = EDGE_CURVE('',#1670,#1678,#1680,.T.);
#1678 = VERTEX_POINT('',#1679);
#1679 = CARTESIAN_POINT('',(-49.52370205355,56.183956091402,4.));
#1680 = LINE('',#1681,#1682);
#1681 = CARTESIAN_POINT('',(-55.58587988004,59.683956091402,4.));
#1682 = VECTOR('',#1683,1.);
#1683 = DIRECTION('',(0.866025403784,-0.5,0.));
#1684 = ORIENTED_EDGE('',*,*,#1685,.T.);
#1685 = EDGE_CURVE('',#1678,#1686,#1688,.T.);
#1686 = VERTEX_POINT('',#1687);
#1687 = CARTESIAN_POINT('',(-46.72824985839,50.874959291202,4.));
#1688 = LINE('',#1689,#1690);
#1689 = CARTESIAN_POINT('',(-49.52370205355,56.183956091402,4.));
#1690 = VECTOR('',#1691,1.);
#1691 = DIRECTION('',(0.465908699195,-0.884832800033,0.));
#1692 = ORIENTED_EDGE('',*,*,#1693,.T.);
#1693 = EDGE_CURVE('',#1686,#1694,#1696,.T.);
#1694 = VERTEX_POINT('',#1695);
#1695 = CARTESIAN_POINT('',(-41.53209743568,47.874959291202,4.));
#1696 = LINE('',#1697,#1698);
#1697 = CARTESIAN_POINT('',(-46.72824985839,50.874959291202,4.));
#1698 = VECTOR('',#1699,1.);
#1699 = DIRECTION('',(0.866025403784,-0.5,0.));
#1700 = ORIENTED_EDGE('',*,*,#1701,.F.);
#1701 = EDGE_CURVE('',#1702,#1694,#1704,.T.);
#1702 = VERTEX_POINT('',#1703);
#1703 = CARTESIAN_POINT('',(-41.16607203189,46.508933887417,4.));
#1704 = CIRCLE('',#1705,1.);
#1705 = AXIS2_PLACEMENT_3D('',#1706,#1707,#1708);
#1706 = CARTESIAN_POINT('',(-42.03209743568,47.008933887417,4.));
#1707 = DIRECTION('',(0.,0.,1.));
#1708 = DIRECTION('',(1.,0.,0.));
#1709 = ORIENTED_EDGE('',*,*,#1710,.T.);
#1710 = EDGE_CURVE('',#1702,#1711,#1713,.T.);
#1711 = VERTEX_POINT('',#1712);
#1712 = CARTESIAN_POINT('',(-44.46607203189,40.79316622244,4.));
#1713 = LINE('',#1714,#1715);
#1714 = CARTESIAN_POINT('',(-41.16607203189,46.508933887417,4.));
#1715 = VECTOR('',#1716,1.);
#1716 = DIRECTION('',(-0.5,-0.866025403784,0.));
#1717 = ORIENTED_EDGE('',*,*,#1718,.F.);
#1718 = EDGE_CURVE('',#1719,#1711,#1721,.T.);
#1719 = VERTEX_POINT('',#1720);
#1720 = CARTESIAN_POINT('',(-45.83209743568,40.427140818656,4.));
#1721 = CIRCLE('',#1722,1.);
#1722 = AXIS2_PLACEMENT_3D('',#1723,#1724,#1725);
#1723 = CARTESIAN_POINT('',(-45.33209743568,41.29316622244,4.));
#1724 = DIRECTION('',(0.,0.,1.));
#1725 = DIRECTION('',(1.,0.,0.));
#1726 = ORIENTED_EDGE('',*,*,#1727,.T.);
#1727 = EDGE_CURVE('',#1719,#1728,#1730,.T.);
#1728 = VERTEX_POINT('',#1729);
#1729 = CARTESIAN_POINT('',(-51.02824985839,43.427140818656,4.));
#1730 = LINE('',#1731,#1732);
#1731 = CARTESIAN_POINT('',(-45.83209743568,40.427140818656,4.));
#1732 = VECTOR('',#1733,1.);
#1733 = DIRECTION('',(-0.866025403784,0.5,0.));
#1734 = ORIENTED_EDGE('',*,*,#1735,.T.);
#1735 = EDGE_CURVE('',#1728,#1736,#1738,.T.);
#1736 = VERTEX_POINT('',#1737);
#1737 = CARTESIAN_POINT('',(-57.02370205355,43.193575034635,4.));
#1738 = LINE('',#1739,#1740);
#1739 = CARTESIAN_POINT('',(-51.02824985839,43.427140818656,4.));
#1740 = VECTOR('',#1741,1.);
#1741 = DIRECTION('',(-0.999242032528,-3.892763067005E-02,0.));
#1742 = ORIENTED_EDGE('',*,*,#1743,.T.);
#1743 = EDGE_CURVE('',#1736,#104,#1744,.T.);
#1744 = LINE('',#1745,#1746);
#1745 = CARTESIAN_POINT('',(-57.02370205355,43.193575034635,4.));
#1746 = VECTOR('',#1747,1.);
#1747 = DIRECTION('',(-0.866025403784,0.5,0.));
#1748 = ORIENTED_EDGE('',*,*,#103,.F.);
#1749 = FACE_BOUND('',#1750,.T.);
#1750 = EDGE_LOOP('',(#1751,#1761,#1770,#1778,#1787,#1795,#1804,#1812));
#1751 = ORIENTED_EDGE('',*,*,#1752,.F.);
#1752 = EDGE_CURVE('',#1753,#1755,#1757,.T.);
#1753 = VERTEX_POINT('',#1754);
#1754 = CARTESIAN_POINT('',(-50.,-40.,4.));
#1755 = VERTEX_POINT('',#1756);
#1756 = CARTESIAN_POINT('',(-50.,-60.,4.));
#1757 = LINE('',#1758,#1759);
#1758 = CARTESIAN_POINT('',(-50.,-40.,4.));
#1759 = VECTOR('',#1760,1.);
#1760 = DIRECTION('',(0.,-1.,0.));
#1761 = ORIENTED_EDGE('',*,*,#1762,.F.);
#1762 = EDGE_CURVE('',#1763,#1753,#1765,.T.);
#1763 = VERTEX_POINT('',#1764);
#1764 = CARTESIAN_POINT('',(-46.5,-36.5,4.));
#1765 = CIRCLE('',#1766,3.5);
#1766 = AXIS2_PLACEMENT_3D('',#1767,#1768,#1769);
#1767 = CARTESIAN_POINT('',(-46.5,-40.,4.));
#1768 = DIRECTION('',(0.,0.,1.));
#1769 = DIRECTION('',(1.,0.,0.));
#1770 = ORIENTED_EDGE('',*,*,#1771,.F.);
#1771 = EDGE_CURVE('',#1772,#1763,#1774,.T.);
#1772 = VERTEX_POINT('',#1773);
#1773 = CARTESIAN_POINT('',(-31.5,-36.5,4.));
#1774 = LINE('',#1775,#1776);
#1775 = CARTESIAN_POINT('',(-31.5,-36.5,4.));
#1776 = VECTOR('',#1777,1.);
#1777 = DIRECTION('',(-1.,0.,0.));
#1778 = ORIENTED_EDGE('',*,*,#1779,.F.);
#1779 = EDGE_CURVE('',#1780,#1772,#1782,.T.);
#1780 = VERTEX_POINT('',#1781);
#1781 = CARTESIAN_POINT('',(-28.,-40.,4.));
#1782 = CIRCLE('',#1783,3.5);
#1783 = AXIS2_PLACEMENT_3D('',#1784,#1785,#1786);
#1784 = CARTESIAN_POINT('',(-31.5,-40.,4.));
#1785 = DIRECTION('',(0.,0.,1.));
#1786 = DIRECTION('',(1.,0.,0.));
#1787 = ORIENTED_EDGE('',*,*,#1788,.F.);
#1788 = EDGE_CURVE('',#1789,#1780,#1791,.T.);
#1789 = VERTEX_POINT('',#1790);
#1790 = CARTESIAN_POINT('',(-28.,-60.,4.));
#1791 = LINE('',#1792,#1793);
#1792 = CARTESIAN_POINT('',(-28.,-60.,4.));
#1793 = VECTOR('',#1794,1.);
#1794 = DIRECTION('',(0.,1.,0.));
#1795 = ORIENTED_EDGE('',*,*,#1796,.F.);
#1796 = EDGE_CURVE('',#1797,#1789,#1799,.T.);
#1797 = VERTEX_POINT('',#1798);
#1798 = CARTESIAN_POINT('',(-31.5,-63.5,4.));
#1799 = CIRCLE('',#1800,3.5);
#1800 = AXIS2_PLACEMENT_3D('',#1801,#1802,#1803);
#1801 = CARTESIAN_POINT('',(-31.5,-60.,4.));
#1802 = DIRECTION('',(0.,0.,1.));
#1803 = DIRECTION('',(1.,0.,0.));
#1804 = ORIENTED_EDGE('',*,*,#1805,.F.);
#1805 = EDGE_CURVE('',#1806,#1797,#1808,.T.);
#1806 = VERTEX_POINT('',#1807);
#1807 = CARTESIAN_POINT('',(-46.5,-63.5,4.));
#1808 = LINE('',#1809,#1810);
#1809 = CARTESIAN_POINT('',(-46.5,-63.5,4.));
#1810 = VECTOR('',#1811,1.);
#1811 = DIRECTION('',(1.,0.,0.));
#1812 = ORIENTED_EDGE('',*,*,#1813,.F.);
#1813 = EDGE_CURVE('',#1755,#1806,#1814,.T.);
#1814 = CIRCLE('',#1815,3.5);
#1815 = AXIS2_PLACEMENT_3D('',#1816,#1817,#1818);
#1816 = CARTESIAN_POINT('',(-46.5,-60.,4.));
#1817 = DIRECTION('',(0.,0.,1.));
#1818 = DIRECTION('',(1.,0.,0.));
#1819 = FACE_BOUND('',#1820,.T.);
#1820 = EDGE_LOOP('',(#1821));
#1821 = ORIENTED_EDGE('',*,*,#1822,.F.);
#1822 = EDGE_CURVE('',#1823,#1823,#1825,.T.);
#1823 = VERTEX_POINT('',#1824);
#1824 = CARTESIAN_POINT('',(2.75,-92.5,4.));
#1825 = CIRCLE('',#1826,2.75);
#1826 = AXIS2_PLACEMENT_3D('',#1827,#1828,#1829);
#1827 = CARTESIAN_POINT('',(0.,-92.5,4.));
#1828 = DIRECTION('',(0.,0.,1.));
#1829 = DIRECTION('',(1.,0.,0.));
#1830 = FACE_BOUND('',#1831,.T.);
#1831 = EDGE_LOOP('',(#1832));
#1832 = ORIENTED_EDGE('',*,*,#1833,.F.);
#1833 = EDGE_CURVE('',#1834,#1834,#1836,.T.);
#1834 = VERTEX_POINT('',#1835);
#1835 = CARTESIAN_POINT('',(1.5,-60.,4.));
#1836 = CIRCLE('',#1837,1.5);
#1837 = AXIS2_PLACEMENT_3D('',#1838,#1839,#1840);
#1838 = CARTESIAN_POINT('',(0.,-60.,4.));
#1839 = DIRECTION('',(0.,0.,1.));
#1840 = DIRECTION('',(1.,0.,0.));
#1841 = FACE_BOUND('',#1842,.T.);
#1842 = EDGE_LOOP('',(#1843,#1853,#1862,#1870,#1879,#1887,#1896,#1904));
#1843 = ORIENTED_EDGE('',*,*,#1844,.F.);
#1844 = EDGE_CURVE('',#1845,#1847,#1849,.T.);
#1845 = VERTEX_POINT('',#1846);
#1846 = CARTESIAN_POINT('',(18.000000000001,-40.,4.));
#1847 = VERTEX_POINT('',#1848);
#1848 = CARTESIAN_POINT('',(18.000000000001,-60.,4.));
#1849 = LINE('',#1850,#1851);
#1850 = CARTESIAN_POINT('',(18.000000000001,-40.,4.));
#1851 = VECTOR('',#1852,1.);
#1852 = DIRECTION('',(0.,-1.,0.));
#1853 = ORIENTED_EDGE('',*,*,#1854,.F.);
#1854 = EDGE_CURVE('',#1855,#1845,#1857,.T.);
#1855 = VERTEX_POINT('',#1856);
#1856 = CARTESIAN_POINT('',(21.500000000001,-36.5,4.));
#1857 = CIRCLE('',#1858,3.5);
#1858 = AXIS2_PLACEMENT_3D('',#1859,#1860,#1861);
#1859 = CARTESIAN_POINT('',(21.500000000001,-40.,4.));
#1860 = DIRECTION('',(0.,0.,1.));
#1861 = DIRECTION('',(1.,0.,0.));
#1862 = ORIENTED_EDGE('',*,*,#1863,.F.);
#1863 = EDGE_CURVE('',#1864,#1855,#1866,.T.);
#1864 = VERTEX_POINT('',#1865);
#1865 = CARTESIAN_POINT('',(36.500000000002,-36.5,4.));
#1866 = LINE('',#1867,#1868);
#1867 = CARTESIAN_POINT('',(36.500000000002,-36.5,4.));
#1868 = VECTOR('',#1869,1.);
#1869 = DIRECTION('',(-1.,0.,0.));
#1870 = ORIENTED_EDGE('',*,*,#1871,.F.);
#1871 = EDGE_CURVE('',#1872,#1864,#1874,.T.);
#1872 = VERTEX_POINT('',#1873);
#1873 = CARTESIAN_POINT('',(40.000000000002,-40.,4.));
#1874 = CIRCLE('',#1875,3.5);
#1875 = AXIS2_PLACEMENT_3D('',#1876,#1877,#1878);
#1876 = CARTESIAN_POINT('',(36.500000000002,-40.,4.));
#1877 = DIRECTION('',(0.,0.,1.));
#1878 = DIRECTION('',(1.,0.,0.));
#1879 = ORIENTED_EDGE('',*,*,#1880,.F.);
#1880 = EDGE_CURVE('',#1881,#1872,#1883,.T.);
#1881 = VERTEX_POINT('',#1882);
#1882 = CARTESIAN_POINT('',(40.000000000002,-60.,4.));
#1883 = LINE('',#1884,#1885);
#1884 = CARTESIAN_POINT('',(40.000000000002,-60.,4.));
#1885 = VECTOR('',#1886,1.);
#1886 = DIRECTION('',(0.,1.,0.));
#1887 = ORIENTED_EDGE('',*,*,#1888,.F.);
#1888 = EDGE_CURVE('',#1889,#1881,#1891,.T.);
#1889 = VERTEX_POINT('',#1890);
#1890 = CARTESIAN_POINT('',(36.500000000002,-63.5,4.));
#1891 = CIRCLE('',#1892,3.5);
#1892 = AXIS2_PLACEMENT_3D('',#1893,#1894,#1895);
#1893 = CARTESIAN_POINT('',(36.500000000002,-60.,4.));
#1894 = DIRECTION('',(0.,0.,1.));
#1895 = DIRECTION('',(1.,0.,0.));
#1896 = ORIENTED_EDGE('',*,*,#1897,.F.);
#1897 = EDGE_CURVE('',#1898,#1889,#1900,.T.);
#1898 = VERTEX_POINT('',#1899);
#1899 = CARTESIAN_POINT('',(21.500000000002,-63.5,4.));
#1900 = LINE('',#1901,#1902);
#1901 = CARTESIAN_POINT('',(21.500000000002,-63.5,4.));
#1902 = VECTOR('',#1903,1.);
#1903 = DIRECTION('',(1.,0.,0.));
#1904 = ORIENTED_EDGE('',*,*,#1905,.F.);
#1905 = EDGE_CURVE('',#1847,#1898,#1906,.T.);
#1906 = CIRCLE('',#1907,3.5);
#1907 = AXIS2_PLACEMENT_3D('',#1908,#1909,#1910);
#1908 = CARTESIAN_POINT('',(21.500000000001,-60.,4.));
#1909 = DIRECTION('',(0.,0.,1.));
#1910 = DIRECTION('',(1.,0.,0.));
#1911 = FACE_BOUND('',#1912,.T.);
#1912 = EDGE_LOOP('',(#1913));
#1913 = ORIENTED_EDGE('',*,*,#1914,.F.);
#1914 = EDGE_CURVE('',#1915,#1915,#1917,.T.);
#1915 = VERTEX_POINT('',#1916);
#1916 = CARTESIAN_POINT('',(1.5,-40.,4.));
#1917 = CIRCLE('',#1918,1.5);
#1918 = AXIS2_PLACEMENT_3D('',#1919,#1920,#1921);
#1919 = CARTESIAN_POINT('',(0.,-40.,4.));
#1920 = DIRECTION('',(0.,0.,1.));
#1921 = DIRECTION('',(1.,0.,0.));
#1922 = FACE_BOUND('',#1923,.T.);
#1923 = EDGE_LOOP('',(#1924,#1934,#1943,#1951,#1960,#1968,#1977,#1985));
#1924 = ORIENTED_EDGE('',*,*,#1925,.F.);
#1925 = EDGE_CURVE('',#1926,#1928,#1930,.T.);
#1926 = VERTEX_POINT('',#1927);
#1927 = CARTESIAN_POINT('',(-28.,-10.5,4.));
#1928 = VERTEX_POINT('',#1929);
#1929 = CARTESIAN_POINT('',(-28.,-27.5,4.));
#1930 = LINE('',#1931,#1932);
#1931 = CARTESIAN_POINT('',(-28.,-10.5,4.));
#1932 = VECTOR('',#1933,1.);
#1933 = DIRECTION('',(0.,-1.,0.));
#1934 = ORIENTED_EDGE('',*,*,#1935,.F.);
#1935 = EDGE_CURVE('',#1936,#1926,#1938,.T.);
#1936 = VERTEX_POINT('',#1937);
#1937 = CARTESIAN_POINT('',(-24.5,-7.,4.));
#1938 = CIRCLE('',#1939,3.5);
#1939 = AXIS2_PLACEMENT_3D('',#1940,#1941,#1942);
#1940 = CARTESIAN_POINT('',(-24.5,-10.5,4.));
#1941 = DIRECTION('',(0.,0.,1.));
#1942 = DIRECTION('',(1.,0.,0.));
#1943 = ORIENTED_EDGE('',*,*,#1944,.F.);
#1944 = EDGE_CURVE('',#1945,#1936,#1947,.T.);
#1945 = VERTEX_POINT('',#1946);
#1946 = CARTESIAN_POINT('',(24.5,-7.,4.));
#1947 = LINE('',#1948,#1949);
#1948 = CARTESIAN_POINT('',(24.5,-7.,4.));
#1949 = VECTOR('',#1950,1.);
#1950 = DIRECTION('',(-1.,0.,0.));
#1951 = ORIENTED_EDGE('',*,*,#1952,.F.);
#1952 = EDGE_CURVE('',#1953,#1945,#1955,.T.);
#1953 = VERTEX_POINT('',#1954);
#1954 = CARTESIAN_POINT('',(28.,-10.5,4.));
#1955 = CIRCLE('',#1956,3.5);
#1956 = AXIS2_PLACEMENT_3D('',#1957,#1958,#1959);
#1957 = CARTESIAN_POINT('',(24.5,-10.5,4.));
#1958 = DIRECTION('',(0.,0.,1.));
#1959 = DIRECTION('',(1.,0.,0.));
#1960 = ORIENTED_EDGE('',*,*,#1961,.F.);
#1961 = EDGE_CURVE('',#1962,#1953,#1964,.T.);
#1962 = VERTEX_POINT('',#1963);
#1963 = CARTESIAN_POINT('',(28.,-27.5,4.));
#1964 = LINE('',#1965,#1966);
#1965 = CARTESIAN_POINT('',(28.,-27.5,4.));
#1966 = VECTOR('',#1967,1.);
#1967 = DIRECTION('',(0.,1.,0.));
#1968 = ORIENTED_EDGE('',*,*,#1969,.F.);
#1969 = EDGE_CURVE('',#1970,#1962,#1972,.T.);
#1970 = VERTEX_POINT('',#1971);
#1971 = CARTESIAN_POINT('',(24.5,-31.,4.));
#1972 = CIRCLE('',#1973,3.5);
#1973 = AXIS2_PLACEMENT_3D('',#1974,#1975,#1976);
#1974 = CARTESIAN_POINT('',(24.5,-27.5,4.));
#1975 = DIRECTION('',(0.,0.,1.));
#1976 = DIRECTION('',(1.,0.,0.));
#1977 = ORIENTED_EDGE('',*,*,#1978,.F.);
#1978 = EDGE_CURVE('',#1979,#1970,#1981,.T.);
#1979 = VERTEX_POINT('',#1980);
#1980 = CARTESIAN_POINT('',(-24.5,-31.,4.));
#1981 = LINE('',#1982,#1983);
#1982 = CARTESIAN_POINT('',(-24.5,-31.,4.));
#1983 = VECTOR('',#1984,1.);
#1984 = DIRECTION('',(1.,0.,0.));
#1985 = ORIENTED_EDGE('',*,*,#1986,.F.);
#1986 = EDGE_CURVE('',#1928,#1979,#1987,.T.);
#1987 = CIRCLE('',#1988,3.5);
#1988 = AXIS2_PLACEMENT_3D('',#1989,#1990,#1991);
#1989 = CARTESIAN_POINT('',(-24.5,-27.5,4.));
#1990 = DIRECTION('',(0.,0.,1.));
#1991 = DIRECTION('',(1.,0.,0.));
#1992 = FACE_BOUND('',#1993,.T.);
#1993 = EDGE_LOOP('',(#1994,#2004,#2013,#2021,#2030,#2038,#2047,#2055));
#1994 = ORIENTED_EDGE('',*,*,#1995,.F.);
#1995 = EDGE_CURVE('',#1996,#1998,#2000,.T.);
#1996 = VERTEX_POINT('',#1997);
#1997 = CARTESIAN_POINT('',(-69.99999999999,26.,4.));
#1998 = VERTEX_POINT('',#1999);
#1999 = CARTESIAN_POINT('',(-69.99999999999,-26.,4.));
#2000 = LINE('',#2001,#2002);
#2001 = CARTESIAN_POINT('',(-69.99999999999,26.,4.));
#2002 = VECTOR('',#2003,1.);
#2003 = DIRECTION('',(0.,-1.,0.));
#2004 = ORIENTED_EDGE('',*,*,#2005,.F.);
#2005 = EDGE_CURVE('',#2006,#1996,#2008,.T.);
#2006 = VERTEX_POINT('',#2007);
#2007 = CARTESIAN_POINT('',(-66.49999999999,29.5,4.));
#2008 = CIRCLE('',#2009,3.5);
#2009 = AXIS2_PLACEMENT_3D('',#2010,#2011,#2012);
#2010 = CARTESIAN_POINT('',(-66.49999999999,26.,4.));
#2011 = DIRECTION('',(0.,0.,1.));
#2012 = DIRECTION('',(1.,0.,0.));
#2013 = ORIENTED_EDGE('',*,*,#2014,.F.);
#2014 = EDGE_CURVE('',#2015,#2006,#2017,.T.);
#2015 = VERTEX_POINT('',#2016);
#2016 = CARTESIAN_POINT('',(-46.49999999999,29.5,4.));
#2017 = LINE('',#2018,#2019);
#2018 = CARTESIAN_POINT('',(-46.49999999999,29.5,4.));
#2019 = VECTOR('',#2020,1.);
#2020 = DIRECTION('',(-1.,0.,0.));
#2021 = ORIENTED_EDGE('',*,*,#2022,.F.);
#2022 = EDGE_CURVE('',#2023,#2015,#2025,.T.);
#2023 = VERTEX_POINT('',#2024);
#2024 = CARTESIAN_POINT('',(-42.99999999999,26.,4.));
#2025 = CIRCLE('',#2026,3.5);
#2026 = AXIS2_PLACEMENT_3D('',#2027,#2028,#2029);
#2027 = CARTESIAN_POINT('',(-46.49999999999,26.,4.));
#2028 = DIRECTION('',(0.,0.,1.));
#2029 = DIRECTION('',(1.,0.,0.));
#2030 = ORIENTED_EDGE('',*,*,#2031,.F.);
#2031 = EDGE_CURVE('',#2032,#2023,#2034,.T.);
#2032 = VERTEX_POINT('',#2033);
#2033 = CARTESIAN_POINT('',(-42.99999999999,-26.,4.));
#2034 = LINE('',#2035,#2036);
#2035 = CARTESIAN_POINT('',(-42.99999999999,-26.,4.));
#2036 = VECTOR('',#2037,1.);
#2037 = DIRECTION('',(0.,1.,0.));
#2038 = ORIENTED_EDGE('',*,*,#2039,.F.);
#2039 = EDGE_CURVE('',#2040,#2032,#2042,.T.);
#2040 = VERTEX_POINT('',#2041);
#2041 = CARTESIAN_POINT('',(-46.49999999999,-29.5,4.));
#2042 = CIRCLE('',#2043,3.5);
#2043 = AXIS2_PLACEMENT_3D('',#2044,#2045,#2046);
#2044 = CARTESIAN_POINT('',(-46.49999999999,-26.,4.));
#2045 = DIRECTION('',(0.,0.,1.));
#2046 = DIRECTION('',(1.,0.,0.));
#2047 = ORIENTED_EDGE('',*,*,#2048,.F.);
#2048 = EDGE_CURVE('',#2049,#2040,#2051,.T.);
#2049 = VERTEX_POINT('',#2050);
#2050 = CARTESIAN_POINT('',(-66.49999999999,-29.5,4.));
#2051 = LINE('',#2052,#2053);
#2052 = CARTESIAN_POINT('',(-66.49999999999,-29.5,4.));
#2053 = VECTOR('',#2054,1.);
#2054 = DIRECTION('',(1.,0.,0.));
#2055 = ORIENTED_EDGE('',*,*,#2056,.F.);
#2056 = EDGE_CURVE('',#1998,#2049,#2057,.T.);
#2057 = CIRCLE('',#2058,3.5);
#2058 = AXIS2_PLACEMENT_3D('',#2059,#2060,#2061);
#2059 = CARTESIAN_POINT('',(-66.49999999999,-26.,4.));
#2060 = DIRECTION('',(0.,0.,1.));
#2061 = DIRECTION('',(1.,0.,0.));
#2062 = FACE_BOUND('',#2063,.T.);
#2063 = EDGE_LOOP('',(#2064));
#2064 = ORIENTED_EDGE('',*,*,#2065,.F.);
#2065 = EDGE_CURVE('',#2066,#2066,#2068,.T.);
#2066 = VERTEX_POINT('',#2067);
#2067 = CARTESIAN_POINT('',(-52.46078161312,41.280859526545,4.));
#2068 = CIRCLE('',#2069,1.25);
#2069 = AXIS2_PLACEMENT_3D('',#2070,#2071,#2072);
#2070 = CARTESIAN_POINT('',(-53.71078161312,41.280859526545,4.));
#2071 = DIRECTION('',(0.,0.,1.));
#2072 = DIRECTION('',(1.,0.,0.));
#2073 = FACE_BOUND('',#2074,.T.);
#2074 = EDGE_LOOP('',(#2075));
#2075 = ORIENTED_EDGE('',*,*,#2076,.F.);
#2076 = EDGE_CURVE('',#2077,#2077,#2079,.T.);
#2077 = VERTEX_POINT('',#2078);
#2078 = CARTESIAN_POINT('',(-23.,0.,4.));
#2079 = CIRCLE('',#2080,1.5);
#2080 = AXIS2_PLACEMENT_3D('',#2081,#2082,#2083);
#2081 = CARTESIAN_POINT('',(-24.5,0.,4.));
#2082 = DIRECTION('',(0.,0.,1.));
#2083 = DIRECTION('',(1.,0.,0.));
#2084 = FACE_BOUND('',#2085,.T.);
#2085 = EDGE_LOOP('',(#2086));
#2086 = ORIENTED_EDGE('',*,*,#2087,.F.);
#2087 = EDGE_CURVE('',#2088,#2088,#2090,.T.);
#2088 = VERTEX_POINT('',#2089);
#2089 = CARTESIAN_POINT('',(-44.96078161312,54.271240583312,4.));
#2090 = CIRCLE('',#2091,1.25);
#2091 = AXIS2_PLACEMENT_3D('',#2092,#2093,#2094);
#2092 = CARTESIAN_POINT('',(-46.21078161312,54.271240583312,4.));
#2093 = DIRECTION('',(0.,0.,1.));
#2094 = DIRECTION('',(1.,0.,0.));
#2095 = FACE_BOUND('',#2096,.T.);
#2096 = EDGE_LOOP('',(#2097));
#2097 = ORIENTED_EDGE('',*,*,#2098,.F.);
#2098 = EDGE_CURVE('',#2099,#2099,#2101,.T.);
#2099 = VERTEX_POINT('',#2100);
#2100 = CARTESIAN_POINT('',(-32.25,80.,4.));
#2101 = CIRCLE('',#2102,2.75);
#2102 = AXIS2_PLACEMENT_3D('',#2103,#2104,#2105);
#2103 = CARTESIAN_POINT('',(-35.,80.,4.));
#2104 = DIRECTION('',(0.,0.,1.));
#2105 = DIRECTION('',(1.,0.,0.));
#2106 = FACE_BOUND('',#2107,.T.);
#2107 = EDGE_LOOP('',(#2108));
#2108 = ORIENTED_EDGE('',*,*,#2109,.F.);
#2109 = EDGE_CURVE('',#2110,#2110,#2112,.T.);
#2110 = VERTEX_POINT('',#2111);
#2111 = CARTESIAN_POINT('',(-23.,58.,4.));
#2112 = CIRCLE('',#2113,1.5);
#2113 = AXIS2_PLACEMENT_3D('',#2114,#2115,#2116);
#2114 = CARTESIAN_POINT('',(-24.5,58.,4.));
#2115 = DIRECTION('',(0.,0.,1.));
#2116 = DIRECTION('',(1.,0.,0.));
#2117 = FACE_BOUND('',#2118,.T.);
#2118 = EDGE_LOOP('',(#2119,#2129,#2138,#2146,#2155,#2163,#2172,#2180));
#2119 = ORIENTED_EDGE('',*,*,#2120,.F.);
#2120 = EDGE_CURVE('',#2121,#2123,#2125,.T.);
#2121 = VERTEX_POINT('',#2122);
#2122 = CARTESIAN_POINT('',(-14.8,83.4,4.));
#2123 = VERTEX_POINT('',#2124);
#2124 = CARTESIAN_POINT('',(-14.8,75.4,4.));
#2125 = LINE('',#2126,#2127);
#2126 = CARTESIAN_POINT('',(-14.8,83.4,4.));
#2127 = VECTOR('',#2128,1.);
#2128 = DIRECTION('',(0.,-1.,0.));
#2129 = ORIENTED_EDGE('',*,*,#2130,.F.);
#2130 = EDGE_CURVE('',#2131,#2121,#2133,.T.);
#2131 = VERTEX_POINT('',#2132);
#2132 = CARTESIAN_POINT('',(-14.4,83.8,4.));
#2133 = CIRCLE('',#2134,0.4);
#2134 = AXIS2_PLACEMENT_3D('',#2135,#2136,#2137);
#2135 = CARTESIAN_POINT('',(-14.4,83.4,4.));
#2136 = DIRECTION('',(0.,0.,1.));
#2137 = DIRECTION('',(1.,0.,0.));
#2138 = ORIENTED_EDGE('',*,*,#2139,.F.);
#2139 = EDGE_CURVE('',#2140,#2131,#2142,.T.);
#2140 = VERTEX_POINT('',#2141);
#2141 = CARTESIAN_POINT('',(-6.4,83.8,4.));
#2142 = LINE('',#2143,#2144);
#2143 = CARTESIAN_POINT('',(-6.4,83.8,4.));
#2144 = VECTOR('',#2145,1.);
#2145 = DIRECTION('',(-1.,0.,0.));
#2146 = ORIENTED_EDGE('',*,*,#2147,.F.);
#2147 = EDGE_CURVE('',#2148,#2140,#2150,.T.);
#2148 = VERTEX_POINT('',#2149);
#2149 = CARTESIAN_POINT('',(-6.,83.4,4.));
#2150 = CIRCLE('',#2151,0.4);
#2151 = AXIS2_PLACEMENT_3D('',#2152,#2153,#2154);
#2152 = CARTESIAN_POINT('',(-6.4,83.4,4.));
#2153 = DIRECTION('',(0.,0.,1.));
#2154 = DIRECTION('',(1.,0.,0.));
#2155 = ORIENTED_EDGE('',*,*,#2156,.F.);
#2156 = EDGE_CURVE('',#2157,#2148,#2159,.T.);
#2157 = VERTEX_POINT('',#2158);
#2158 = CARTESIAN_POINT('',(-6.,75.4,4.));
#2159 = LINE('',#2160,#2161);
#2160 = CARTESIAN_POINT('',(-6.,75.4,4.));
#2161 = VECTOR('',#2162,1.);
#2162 = DIRECTION('',(0.,1.,0.));
#2163 = ORIENTED_EDGE('',*,*,#2164,.F.);
#2164 = EDGE_CURVE('',#2165,#2157,#2167,.T.);
#2165 = VERTEX_POINT('',#2166);
#2166 = CARTESIAN_POINT('',(-6.399999999999,75.,4.));
#2167 = CIRCLE('',#2168,0.4);
#2168 = AXIS2_PLACEMENT_3D('',#2169,#2170,#2171);
#2169 = CARTESIAN_POINT('',(-6.4,75.4,4.));
#2170 = DIRECTION('',(0.,0.,1.));
#2171 = DIRECTION('',(1.,0.,0.));
#2172 = ORIENTED_EDGE('',*,*,#2173,.F.);
#2173 = EDGE_CURVE('',#2174,#2165,#2176,.T.);
#2174 = VERTEX_POINT('',#2175);
#2175 = CARTESIAN_POINT('',(-14.4,75.,4.));
#2176 = LINE('',#2177,#2178);
#2177 = CARTESIAN_POINT('',(-14.4,75.,4.));
#2178 = VECTOR('',#2179,1.);
#2179 = DIRECTION('',(1.,0.,0.));
#2180 = ORIENTED_EDGE('',*,*,#2181,.F.);
#2181 = EDGE_CURVE('',#2123,#2174,#2182,.T.);
#2182 = CIRCLE('',#2183,0.4);
#2183 = AXIS2_PLACEMENT_3D('',#2184,#2185,#2186);
#2184 = CARTESIAN_POINT('',(-14.4,75.4,4.));
#2185 = DIRECTION('',(0.,0.,1.));
#2186 = DIRECTION('',(1.,0.,0.));
#2187 = FACE_BOUND('',#2188,.T.);
#2188 = EDGE_LOOP('',(#2189));
#2189 = ORIENTED_EDGE('',*,*,#2190,.F.);
#2190 = EDGE_CURVE('',#2191,#2191,#2193,.T.);
#2191 = VERTEX_POINT('',#2192);
#2192 = CARTESIAN_POINT('',(26.,0.,4.));
#2193 = CIRCLE('',#2194,1.5);
#2194 = AXIS2_PLACEMENT_3D('',#2195,#2196,#2197);
#2195 = CARTESIAN_POINT('',(24.5,0.,4.));
#2196 = DIRECTION('',(0.,0.,1.));
#2197 = DIRECTION('',(1.,0.,0.));
#2198 = FACE_BOUND('',#2199,.T.);
#2199 = EDGE_LOOP('',(#2200,#2210,#2219,#2227,#2236,#2244,#2253,#2261));
#2200 = ORIENTED_EDGE('',*,*,#2201,.F.);
#2201 = EDGE_CURVE('',#2202,#2204,#2206,.T.);
#2202 = VERTEX_POINT('',#2203);
#2203 = CARTESIAN_POINT('',(-35.,50.5,4.));
#2204 = VERTEX_POINT('',#2205);
#2205 = CARTESIAN_POINT('',(-35.,7.5,4.));
#2206 = LINE('',#2207,#2208);
#2207 = CARTESIAN_POINT('',(-35.,50.5,4.));
#2208 = VECTOR('',#2209,1.);
#2209 = DIRECTION('',(0.,-1.,0.));
#2210 = ORIENTED_EDGE('',*,*,#2211,.F.);
#2211 = EDGE_CURVE('',#2212,#2202,#2214,.T.);
#2212 = VERTEX_POINT('',#2213);
#2213 = CARTESIAN_POINT('',(-31.5,54.,4.));
#2214 = CIRCLE('',#2215,3.5);
#2215 = AXIS2_PLACEMENT_3D('',#2216,#2217,#2218);
#2216 = CARTESIAN_POINT('',(-31.5,50.5,4.));
#2217 = DIRECTION('',(0.,0.,1.));
#2218 = DIRECTION('',(1.,0.,0.));
#2219 = ORIENTED_EDGE('',*,*,#2220,.F.);
#2220 = EDGE_CURVE('',#2221,#2212,#2223,.T.);
#2221 = VERTEX_POINT('',#2222);
#2222 = CARTESIAN_POINT('',(31.5,54.,4.));
#2223 = LINE('',#2224,#2225);
#2224 = CARTESIAN_POINT('',(31.5,54.,4.));
#2225 = VECTOR('',#2226,1.);
#2226 = DIRECTION('',(-1.,0.,0.));
#2227 = ORIENTED_EDGE('',*,*,#2228,.F.);
#2228 = EDGE_CURVE('',#2229,#2221,#2231,.T.);
#2229 = VERTEX_POINT('',#2230);
#2230 = CARTESIAN_POINT('',(35.,50.5,4.));
#2231 = CIRCLE('',#2232,3.5);
#2232 = AXIS2_PLACEMENT_3D('',#2233,#2234,#2235);
#2233 = CARTESIAN_POINT('',(31.5,50.5,4.));
#2234 = DIRECTION('',(0.,0.,1.));
#2235 = DIRECTION('',(1.,0.,0.));
#2236 = ORIENTED_EDGE('',*,*,#2237,.F.);
#2237 = EDGE_CURVE('',#2238,#2229,#2240,.T.);
#2238 = VERTEX_POINT('',#2239);
#2239 = CARTESIAN_POINT('',(35.,7.5,4.));
#2240 = LINE('',#2241,#2242);
#2241 = CARTESIAN_POINT('',(35.,7.5,4.));
#2242 = VECTOR('',#2243,1.);
#2243 = DIRECTION('',(0.,1.,0.));
#2244 = ORIENTED_EDGE('',*,*,#2245,.F.);
#2245 = EDGE_CURVE('',#2246,#2238,#2248,.T.);
#2246 = VERTEX_POINT('',#2247);
#2247 = CARTESIAN_POINT('',(31.5,4.,4.));
#2248 = CIRCLE('',#2249,3.5);
#2249 = AXIS2_PLACEMENT_3D('',#2250,#2251,#2252);
#2250 = CARTESIAN_POINT('',(31.5,7.5,4.));
#2251 = DIRECTION('',(0.,0.,1.));
#2252 = DIRECTION('',(1.,0.,0.));
#2253 = ORIENTED_EDGE('',*,*,#2254,.F.);
#2254 = EDGE_CURVE('',#2255,#2246,#2257,.T.);
#2255 = VERTEX_POINT('',#2256);
#2256 = CARTESIAN_POINT('',(-31.5,4.,4.));
#2257 = LINE('',#2258,#2259);
#2258 = CARTESIAN_POINT('',(-31.5,4.,4.));
#2259 = VECTOR('',#2260,1.);
#2260 = DIRECTION('',(1.,0.,0.));
#2261 = ORIENTED_EDGE('',*,*,#2262,.F.);
#2262 = EDGE_CURVE('',#2204,#2255,#2263,.T.);
#2263 = CIRCLE('',#2264,3.5);
#2264 = AXIS2_PLACEMENT_3D('',#2265,#2266,#2267);
#2265 = CARTESIAN_POINT('',(-31.5,7.5,4.));
#2266 = DIRECTION('',(0.,0.,1.));
#2267 = DIRECTION('',(1.,0.,0.));
#2268 = FACE_BOUND('',#2269,.T.);
#2269 = EDGE_LOOP('',(#2270,#2280,#2289,#2297,#2306,#2314,#2323,#2331));
#2270 = ORIENTED_EDGE('',*,*,#2271,.F.);
#2271 = EDGE_CURVE('',#2272,#2274,#2276,.T.);
#2272 = VERTEX_POINT('',#2273);
#2273 = CARTESIAN_POINT('',(66.499999999998,29.5,4.));
#2274 = VERTEX_POINT('',#2275);
#2275 = CARTESIAN_POINT('',(46.499999999998,29.5,4.));
#2276 = LINE('',#2277,#2278);
#2277 = CARTESIAN_POINT('',(66.499999999998,29.5,4.));
#2278 = VECTOR('',#2279,1.);
#2279 = DIRECTION('',(-1.,0.,0.));
#2280 = ORIENTED_EDGE('',*,*,#2281,.F.);
#2281 = EDGE_CURVE('',#2282,#2272,#2284,.T.);
#2282 = VERTEX_POINT('',#2283);
#2283 = CARTESIAN_POINT('',(69.999999999999,25.999999999999,4.));
#2284 = CIRCLE('',#2285,3.5);
#2285 = AXIS2_PLACEMENT_3D('',#2286,#2287,#2288);
#2286 = CARTESIAN_POINT('',(66.499999999999,26.,4.));
#2287 = DIRECTION('',(0.,0.,1.));
#2288 = DIRECTION('',(1.,0.,0.));
#2289 = ORIENTED_EDGE('',*,*,#2290,.F.);
#2290 = EDGE_CURVE('',#2291,#2282,#2293,.T.);
#2291 = VERTEX_POINT('',#2292);
#2292 = CARTESIAN_POINT('',(69.999999999999,-25.99999999999,4.));
#2293 = LINE('',#2294,#2295);
#2294 = CARTESIAN_POINT('',(69.999999999999,-25.99999999999,4.));
#2295 = VECTOR('',#2296,1.);
#2296 = DIRECTION('',(0.,1.,0.));
#2297 = ORIENTED_EDGE('',*,*,#2298,.F.);
#2298 = EDGE_CURVE('',#2299,#2291,#2301,.T.);
#2299 = VERTEX_POINT('',#2300);
#2300 = CARTESIAN_POINT('',(66.499999999998,-29.5,4.));
#2301 = CIRCLE('',#2302,3.5);
#2302 = AXIS2_PLACEMENT_3D('',#2303,#2304,#2305);
#2303 = CARTESIAN_POINT('',(66.499999999999,-26.,4.));
#2304 = DIRECTION('',(0.,0.,1.));
#2305 = DIRECTION('',(1.,0.,0.));
#2306 = ORIENTED_EDGE('',*,*,#2307,.F.);
#2307 = EDGE_CURVE('',#2308,#2299,#2310,.T.);
#2308 = VERTEX_POINT('',#2309);
#2309 = CARTESIAN_POINT('',(46.499999999998,-29.5,4.));
#2310 = LINE('',#2311,#2312);
#2311 = CARTESIAN_POINT('',(46.499999999998,-29.5,4.));
#2312 = VECTOR('',#2313,1.);
#2313 = DIRECTION('',(1.,0.,0.));
#2314 = ORIENTED_EDGE('',*,*,#2315,.F.);
#2315 = EDGE_CURVE('',#2316,#2308,#2318,.T.);
#2316 = VERTEX_POINT('',#2317);
#2317 = CARTESIAN_POINT('',(42.999999999998,-26.,4.));
#2318 = CIRCLE('',#2319,3.5);
#2319 = AXIS2_PLACEMENT_3D('',#2320,#2321,#2322);
#2320 = CARTESIAN_POINT('',(46.499999999998,-26.,4.));
#2321 = DIRECTION('',(0.,0.,1.));
#2322 = DIRECTION('',(1.,0.,0.));
#2323 = ORIENTED_EDGE('',*,*,#2324,.F.);
#2324 = EDGE_CURVE('',#2325,#2316,#2327,.T.);
#2325 = VERTEX_POINT('',#2326);
#2326 = CARTESIAN_POINT('',(42.999999999998,26.,4.));
#2327 = LINE('',#2328,#2329);
#2328 = CARTESIAN_POINT('',(42.999999999998,26.,4.));
#2329 = VECTOR('',#2330,1.);
#2330 = DIRECTION('',(-2.732856676E-16,-1.,0.));
#2331 = ORIENTED_EDGE('',*,*,#2332,.F.);
#2332 = EDGE_CURVE('',#2274,#2325,#2333,.T.);
#2333 = CIRCLE('',#2334,3.5);
#2334 = AXIS2_PLACEMENT_3D('',#2335,#2336,#2337);
#2335 = CARTESIAN_POINT('',(46.499999999998,26.,4.));
#2336 = DIRECTION('',(0.,0.,1.));
#2337 = DIRECTION('',(1.,0.,0.));
#2338 = FACE_BOUND('',#2339,.T.);
#2339 = EDGE_LOOP('',(#2340));
#2340 = ORIENTED_EDGE('',*,*,#2341,.F.);
#2341 = EDGE_CURVE('',#2342,#2342,#2344,.T.);
#2342 = VERTEX_POINT('',#2343);
#2343 = CARTESIAN_POINT('',(26.,58.,4.));
#2344 = CIRCLE('',#2345,1.5);
#2345 = AXIS2_PLACEMENT_3D('',#2346,#2347,#2348);
#2346 = CARTESIAN_POINT('',(24.5,58.,4.));
#2347 = DIRECTION('',(0.,0.,1.));
#2348 = DIRECTION('',(1.,0.,0.));
#2349 = FACE_BOUND('',#2350,.T.);
#2350 = EDGE_LOOP('',(#2351,#2361,#2370,#2378,#2387,#2395,#2404,#2412));
#2351 = ORIENTED_EDGE('',*,*,#2352,.F.);
#2352 = EDGE_CURVE('',#2353,#2355,#2357,.T.);
#2353 = VERTEX_POINT('',#2354);
#2354 = CARTESIAN_POINT('',(6.,83.4,4.));
#2355 = VERTEX_POINT('',#2356);
#2356 = CARTESIAN_POINT('',(6.,75.4,4.));
#2357 = LINE('',#2358,#2359);
#2358 = CARTESIAN_POINT('',(6.,83.4,4.));
#2359 = VECTOR('',#2360,1.);
#2360 = DIRECTION('',(0.,-1.,0.));
#2361 = ORIENTED_EDGE('',*,*,#2362,.F.);
#2362 = EDGE_CURVE('',#2363,#2353,#2365,.T.);
#2363 = VERTEX_POINT('',#2364);
#2364 = CARTESIAN_POINT('',(6.4,83.8,4.));
#2365 = CIRCLE('',#2366,0.4);
#2366 = AXIS2_PLACEMENT_3D('',#2367,#2368,#2369);
#2367 = CARTESIAN_POINT('',(6.4,83.4,4.));
#2368 = DIRECTION('',(0.,0.,1.));
#2369 = DIRECTION('',(1.,0.,0.));
#2370 = ORIENTED_EDGE('',*,*,#2371,.F.);
#2371 = EDGE_CURVE('',#2372,#2363,#2374,.T.);
#2372 = VERTEX_POINT('',#2373);
#2373 = CARTESIAN_POINT('',(14.4,83.8,4.));
#2374 = LINE('',#2375,#2376);
#2375 = CARTESIAN_POINT('',(14.4,83.8,4.));
#2376 = VECTOR('',#2377,1.);
#2377 = DIRECTION('',(-1.,0.,0.));
#2378 = ORIENTED_EDGE('',*,*,#2379,.F.);
#2379 = EDGE_CURVE('',#2380,#2372,#2382,.T.);
#2380 = VERTEX_POINT('',#2381);
#2381 = CARTESIAN_POINT('',(14.8,83.4,4.));
#2382 = CIRCLE('',#2383,0.4);
#2383 = AXIS2_PLACEMENT_3D('',#2384,#2385,#2386);
#2384 = CARTESIAN_POINT('',(14.4,83.4,4.));
#2385 = DIRECTION('',(0.,0.,1.));
#2386 = DIRECTION('',(1.,0.,0.));
#2387 = ORIENTED_EDGE('',*,*,#2388,.F.);
#2388 = EDGE_CURVE('',#2389,#2380,#2391,.T.);
#2389 = VERTEX_POINT('',#2390);
#2390 = CARTESIAN_POINT('',(14.8,75.4,4.));
#2391 = LINE('',#2392,#2393);
#2392 = CARTESIAN_POINT('',(14.8,75.4,4.));
#2393 = VECTOR('',#2394,1.);
#2394 = DIRECTION('',(0.,1.,0.));
#2395 = ORIENTED_EDGE('',*,*,#2396,.F.);
#2396 = EDGE_CURVE('',#2397,#2389,#2399,.T.);
#2397 = VERTEX_POINT('',#2398);
#2398 = CARTESIAN_POINT('',(14.4,75.,4.));
#2399 = CIRCLE('',#2400,0.4);
#2400 = AXIS2_PLACEMENT_3D('',#2401,#2402,#2403);
#2401 = CARTESIAN_POINT('',(14.4,75.4,4.));
#2402 = DIRECTION('',(0.,0.,1.));
#2403 = DIRECTION('',(1.,0.,0.));
#2404 = ORIENTED_EDGE('',*,*,#2405,.F.);
#2405 = EDGE_CURVE('',#2406,#2397,#2408,.T.);
#2406 = VERTEX_POINT('',#2407);
#2407 = CARTESIAN_POINT('',(6.4,75.,4.));
#2408 = LINE('',#2409,#2410);
#2409 = CARTESIAN_POINT('',(6.4,75.,4.));
#2410 = VECTOR('',#2411,1.);
#2411 = DIRECTION('',(1.,0.,0.));
#2412 = ORIENTED_EDGE('',*,*,#2413,.F.);
#2413 = EDGE_CURVE('',#2355,#2406,#2414,.T.);
#2414 = CIRCLE('',#2415,0.4);
#2415 = AXIS2_PLACEMENT_3D('',#2416,#2417,#2418);
#2416 = CARTESIAN_POINT('',(6.4,75.4,4.));
#2417 = DIRECTION('',(0.,0.,1.));
#2418 = DIRECTION('',(1.,0.,0.));
#2419 = FACE_BOUND('',#2420,.T.);
#2420 = EDGE_LOOP('',(#2421));
#2421 = ORIENTED_EDGE('',*,*,#2422,.F.);
#2422 = EDGE_CURVE('',#2423,#2423,#2425,.T.);
#2423 = VERTEX_POINT('',#2424);
#2424 = CARTESIAN_POINT('',(37.75,80.,4.));
#2425 = CIRCLE('',#2426,2.75);
#2426 = AXIS2_PLACEMENT_3D('',#2427,#2428,#2429);
#2427 = CARTESIAN_POINT('',(35.,80.,4.));
#2428 = DIRECTION('',(0.,0.,1.));
#2429 = DIRECTION('',(1.,0.,0.));
#2430 = PLANE('',#2431);
#2431 = AXIS2_PLACEMENT_3D('',#2432,#2433,#2434);
#2432 = CARTESIAN_POINT('',(1.107737711408E-15,1.392327273551,4.));
#2433 = DIRECTION('',(0.,0.,1.));
#2434 = DIRECTION('',(1.,0.,0.));
#2435 = ADVANCED_FACE('',(#2436),#2447,.T.);
#2436 = FACE_BOUND('',#2437,.T.);
#2437 = EDGE_LOOP('',(#2438,#2444,#2445,#2446));
#2438 = ORIENTED_EDGE('',*,*,#2439,.T.);
#2439 = EDGE_CURVE('',#128,#1395,#2440,.T.);
#2440 = LINE('',#2441,#2442);
#2441 = CARTESIAN_POINT('',(-80.,-30.,0.));
#2442 = VECTOR('',#2443,1.);
#2443 = DIRECTION('',(0.,0.,1.));
#2444 = ORIENTED_EDGE('',*,*,#1394,.T.);
#2445 = ORIENTED_EDGE('',*,*,#71,.F.);
#2446 = ORIENTED_EDGE('',*,*,#127,.F.);
#2447 = PLANE('',#2448);
#2448 = AXIS2_PLACEMENT_3D('',#2449,#2450,#2451);
#2449 = CARTESIAN_POINT('',(-80.,-30.,0.));
#2450 = DIRECTION('',(-1.,0.,0.));
#2451 = DIRECTION('',(0.,1.,0.));
#2452 = ADVANCED_FACE('',(#2453),#2464,.T.);
#2453 = FACE_BOUND('',#2454,.T.);
#2454 = EDGE_LOOP('',(#2455,#2456,#2462,#2463));
#2455 = ORIENTED_EDGE('',*,*,#1743,.F.);
#2456 = ORIENTED_EDGE('',*,*,#2457,.T.);
#2457 = EDGE_CURVE('',#1736,#433,#2458,.T.);
#2458 = LINE('',#2459,#2460);
#2459 = CARTESIAN_POINT('',(-57.02370205355,43.193575034635,4.));
#2460 = VECTOR('',#2461,1.);
#2461 = DIRECTION('',(-0.,-0.,-1.));
#2462 = ORIENTED_EDGE('',*,*,#440,.F.);
#2463 = ORIENTED_EDGE('',*,*,#111,.F.);
#2464 = PLANE('',#2465);
#2465 = AXIS2_PLACEMENT_3D('',#2466,#2467,#2468);
#2466 = CARTESIAN_POINT('',(-57.02370205355,43.193575034635,4.));
#2467 = DIRECTION('',(0.5,0.866025403784,0.));
#2468 = DIRECTION('',(-0.866025403784,0.5,0.));
#2469 = ADVANCED_FACE('',(#2470),#2481,.T.);
#2470 = FACE_BOUND('',#2471,.F.);
#2471 = EDGE_LOOP('',(#2472,#2473,#2474,#2480));
#2472 = ORIENTED_EDGE('',*,*,#2439,.T.);
#2473 = ORIENTED_EDGE('',*,*,#1402,.T.);
#2474 = ORIENTED_EDGE('',*,*,#2475,.F.);
#2475 = EDGE_CURVE('',#136,#1403,#2476,.T.);
#2476 = LINE('',#2477,#2478);
#2477 = CARTESIAN_POINT('',(-78.,-33.46410161513,0.));
#2478 = VECTOR('',#2479,1.);
#2479 = DIRECTION('',(0.,0.,1.));
#2480 = ORIENTED_EDGE('',*,*,#135,.F.);
#2481 = CYLINDRICAL_SURFACE('',#2482,4.);
#2482 = AXIS2_PLACEMENT_3D('',#2483,#2484,#2485);
#2483 = CARTESIAN_POINT('',(-76.,-30.,0.));
#2484 = DIRECTION('',(-0.,-0.,-1.));
#2485 = DIRECTION('',(1.,0.,0.));
#2486 = ADVANCED_FACE('',(#2487),#2521,.T.);
#2487 = FACE_BOUND('',#2488,.T.);
#2488 = EDGE_LOOP('',(#2489,#2490,#2496,#2497,#2505,#2513,#2519,#2520));
#2489 = ORIENTED_EDGE('',*,*,#1735,.F.);
#2490 = ORIENTED_EDGE('',*,*,#2491,.T.);
#2491 = EDGE_CURVE('',#1728,#377,#2492,.T.);
#2492 = LINE('',#2493,#2494);
#2493 = CARTESIAN_POINT('',(-51.02824985839,43.427140818656,4.));
#2494 = VECTOR('',#2495,1.);
#2495 = DIRECTION('',(-0.,-0.,-1.));
#2496 = ORIENTED_EDGE('',*,*,#384,.F.);
#2497 = ORIENTED_EDGE('',*,*,#2498,.F.);
#2498 = EDGE_CURVE('',#2499,#385,#2501,.T.);
#2499 = VERTEX_POINT('',#2500);
#2500 = CARTESIAN_POINT('',(-52.46913228402,43.371008133002,1.6));
#2501 = LINE('',#2502,#2503);
#2502 = CARTESIAN_POINT('',(-52.46913228402,43.371008133002,2.));
#2503 = VECTOR('',#2504,1.);
#2504 = DIRECTION('',(0.,0.,-1.));
#2505 = ORIENTED_EDGE('',*,*,#2506,.F.);
#2506 = EDGE_CURVE('',#2507,#2499,#2509,.T.);
#2507 = VERTEX_POINT('',#2508);
#2508 = CARTESIAN_POINT('',(-55.11127357235,43.268077814919,1.6));
#2509 = LINE('',#2510,#2511);
#2510 = CARTESIAN_POINT('',(-31.57710652929,44.184902100684,1.6));
#2511 = VECTOR('',#2512,1.);
#2512 = DIRECTION('',(0.999242032528,3.892763067005E-02,0.));
#2513 = ORIENTED_EDGE('',*,*,#2514,.F.);
#2514 = EDGE_CURVE('',#425,#2507,#2515,.T.);
#2515 = LINE('',#2516,#2517);
#2516 = CARTESIAN_POINT('',(-55.11127357235,43.268077814919,2.));
#2517 = VECTOR('',#2518,1.);
#2518 = DIRECTION('',(0.,0.,1.));
#2519 = ORIENTED_EDGE('',*,*,#432,.F.);
#2520 = ORIENTED_EDGE('',*,*,#2457,.F.);
#2521 = PLANE('',#2522);
#2522 = AXIS2_PLACEMENT_3D('',#2523,#2524,#2525);
#2523 = CARTESIAN_POINT('',(-51.02824985839,43.427140818656,4.));
#2524 = DIRECTION('',(-3.892763067005E-02,0.999242032528,0.));
#2525 = DIRECTION('',(-0.999242032528,-3.892763067005E-02,0.));
#2526 = ADVANCED_FACE('',(#2527),#2538,.T.);
#2527 = FACE_BOUND('',#2528,.T.);
#2528 = EDGE_LOOP('',(#2529,#2535,#2536,#2537));
#2529 = ORIENTED_EDGE('',*,*,#2530,.T.);
#2530 = EDGE_CURVE('',#145,#1412,#2531,.T.);
#2531 = LINE('',#2532,#2533);
#2532 = CARTESIAN_POINT('',(-67.08587988004,-39.76537180436,0.));
#2533 = VECTOR('',#2534,1.);
#2534 = DIRECTION('',(0.,0.,1.));
#2535 = ORIENTED_EDGE('',*,*,#1411,.T.);
#2536 = ORIENTED_EDGE('',*,*,#2475,.F.);
#2537 = ORIENTED_EDGE('',*,*,#144,.F.);
#2538 = PLANE('',#2539);
#2539 = AXIS2_PLACEMENT_3D('',#2540,#2541,#2542);
#2540 = CARTESIAN_POINT('',(-67.08587988004,-39.76537180436,0.));
#2541 = DIRECTION('',(-0.5,-0.866025403784,0.));
#2542 = DIRECTION('',(-0.866025403784,0.5,0.));
#2543 = ADVANCED_FACE('',(#2544),#2562,.F.);
#2544 = FACE_BOUND('',#2545,.F.);
#2545 = EDGE_LOOP('',(#2546,#2547,#2555,#2561));
#2546 = ORIENTED_EDGE('',*,*,#424,.F.);
#2547 = ORIENTED_EDGE('',*,*,#2548,.T.);
#2548 = EDGE_CURVE('',#417,#2549,#2551,.T.);
#2549 = VERTEX_POINT('',#2550);
#2550 = CARTESIAN_POINT('',(-56.20888669444,41.18354044987,1.6));
#2551 = LINE('',#2552,#2553);
#2552 = CARTESIAN_POINT('',(-56.20888669444,41.18354044987,0.));
#2553 = VECTOR('',#2554,1.);
#2554 = DIRECTION('',(0.,0.,1.));
#2555 = ORIENTED_EDGE('',*,*,#2556,.T.);
#2556 = EDGE_CURVE('',#2549,#2507,#2557,.T.);
#2557 = LINE('',#2558,#2559);
#2558 = CARTESIAN_POINT('',(-56.20888669444,41.18354044987,1.6));
#2559 = VECTOR('',#2560,1.);
#2560 = DIRECTION('',(0.465908699195,0.884832800033,0.));
#2561 = ORIENTED_EDGE('',*,*,#2514,.F.);
#2562 = PLANE('',#2563);
#2563 = AXIS2_PLACEMENT_3D('',#2564,#2565,#2566);
#2564 = CARTESIAN_POINT('',(-56.20888669444,41.18354044987,0.));
#2565 = DIRECTION('',(-0.884832800033,0.465908699195,0.));
#2566 = DIRECTION('',(0.465908699195,0.884832800033,0.));
#2567 = ADVANCED_FACE('',(#2568),#2579,.T.);
#2568 = FACE_BOUND('',#2569,.T.);
#2569 = EDGE_LOOP('',(#2570,#2576,#2577,#2578));
#2570 = ORIENTED_EDGE('',*,*,#2571,.T.);
#2571 = EDGE_CURVE('',#153,#1420,#2572,.T.);
#2572 = LINE('',#2573,#2574);
#2573 = CARTESIAN_POINT('',(-33.46410161513,-98.,0.));
#2574 = VECTOR('',#2575,1.);
#2575 = DIRECTION('',(0.,0.,1.));
#2576 = ORIENTED_EDGE('',*,*,#1419,.T.);
#2577 = ORIENTED_EDGE('',*,*,#2530,.F.);
#2578 = ORIENTED_EDGE('',*,*,#152,.F.);
#2579 = PLANE('',#2580);
#2580 = AXIS2_PLACEMENT_3D('',#2581,#2582,#2583);
#2581 = CARTESIAN_POINT('',(-33.46410161513,-98.,0.));
#2582 = DIRECTION('',(-0.866025403784,-0.5,0.));
#2583 = DIRECTION('',(-0.5,0.866025403784,0.));
#2584 = ADVANCED_FACE('',(#2585),#2603,.F.);
#2585 = FACE_BOUND('',#2586,.F.);
#2586 = EDGE_LOOP('',(#2587,#2595,#2601,#2602));
#2587 = ORIENTED_EDGE('',*,*,#2588,.T.);
#2588 = EDGE_CURVE('',#409,#2589,#2591,.T.);
#2589 = VERTEX_POINT('',#2590);
#2590 = CARTESIAN_POINT('',(-54.8755533611,39.068777526462,1.6));
#2591 = LINE('',#2592,#2593);
#2592 = CARTESIAN_POINT('',(-54.8755533611,39.068777526462,0.));
#2593 = VECTOR('',#2594,1.);
#2594 = DIRECTION('',(0.,0.,1.));
#2595 = ORIENTED_EDGE('',*,*,#2596,.T.);
#2596 = EDGE_CURVE('',#2589,#2549,#2597,.T.);
#2597 = LINE('',#2598,#2599);
#2598 = CARTESIAN_POINT('',(-54.8755533611,39.068777526462,1.6));
#2599 = VECTOR('',#2600,1.);
#2600 = DIRECTION('',(-0.533333333333,0.845905169363,-0.));
#2601 = ORIENTED_EDGE('',*,*,#2548,.F.);
#2602 = ORIENTED_EDGE('',*,*,#416,.F.);
#2603 = PLANE('',#2604);
#2604 = AXIS2_PLACEMENT_3D('',#2605,#2606,#2607);
#2605 = CARTESIAN_POINT('',(-54.8755533611,39.068777526462,0.));
#2606 = DIRECTION('',(-0.845905169363,-0.533333333333,0.));
#2607 = DIRECTION('',(-0.533333333333,0.845905169363,0.));
#2608 = ADVANCED_FACE('',(#2609),#2620,.T.);
#2609 = FACE_BOUND('',#2610,.F.);
#2610 = EDGE_LOOP('',(#2611,#2612,#2613,#2619));
#2611 = ORIENTED_EDGE('',*,*,#2571,.T.);
#2612 = ORIENTED_EDGE('',*,*,#1427,.T.);
#2613 = ORIENTED_EDGE('',*,*,#2614,.F.);
#2614 = EDGE_CURVE('',#161,#1428,#2615,.T.);
#2615 = LINE('',#2616,#2617);
#2616 = CARTESIAN_POINT('',(-30.,-100.,0.));
#2617 = VECTOR('',#2618,1.);
#2618 = DIRECTION('',(0.,0.,1.));
#2619 = ORIENTED_EDGE('',*,*,#160,.F.);
#2620 = CYLINDRICAL_SURFACE('',#2621,4.);
#2621 = AXIS2_PLACEMENT_3D('',#2622,#2623,#2624);
#2622 = CARTESIAN_POINT('',(-30.,-96.,0.));
#2623 = DIRECTION('',(-0.,-0.,-1.));
#2624 = DIRECTION('',(1.,0.,0.));
#2625 = ADVANCED_FACE('',(#2626),#2644,.F.);
#2626 = FACE_BOUND('',#2627,.F.);
#2627 = EDGE_LOOP('',(#2628,#2636,#2642,#2643));
#2628 = ORIENTED_EDGE('',*,*,#2629,.T.);
#2629 = EDGE_CURVE('',#401,#2630,#2632,.T.);
#2630 = VERTEX_POINT('',#2631);
#2631 = CARTESIAN_POINT('',(-52.37744827978,39.166096603137,1.6));
#2632 = LINE('',#2633,#2634);
#2633 = CARTESIAN_POINT('',(-52.37744827978,39.166096603137,0.));
#2634 = VECTOR('',#2635,1.);
#2635 = DIRECTION('',(0.,0.,1.));
#2636 = ORIENTED_EDGE('',*,*,#2637,.T.);
#2637 = EDGE_CURVE('',#2630,#2589,#2638,.T.);
#2638 = LINE('',#2639,#2640);
#2639 = CARTESIAN_POINT('',(-52.37744827978,39.166096603137,1.6));
#2640 = VECTOR('',#2641,1.);
#2641 = DIRECTION('',(-0.999242032528,-3.892763067005E-02,0.));
#2642 = ORIENTED_EDGE('',*,*,#2588,.F.);
#2643 = ORIENTED_EDGE('',*,*,#408,.F.);
#2644 = PLANE('',#2645);
#2645 = AXIS2_PLACEMENT_3D('',#2646,#2647,#2648);
#2646 = CARTESIAN_POINT('',(-52.37744827978,39.166096603137,0.));
#2647 = DIRECTION('',(3.892763067005E-02,-0.999242032528,0.));
#2648 = DIRECTION('',(-0.999242032528,-3.892763067005E-02,0.));
#2649 = ADVANCED_FACE('',(#2650),#2741,.T.);
#2650 = FACE_BOUND('',#2651,.T.);
#2651 = EDGE_LOOP('',(#2652,#2653,#2659,#2660,#2668,#2676,#2685,#2693,
    #2699,#2700,#2708,#2716,#2725,#2733,#2739,#2740));
#2652 = ORIENTED_EDGE('',*,*,#169,.F.);
#2653 = ORIENTED_EDGE('',*,*,#2654,.T.);
#2654 = EDGE_CURVE('',#170,#1503,#2655,.T.);
#2655 = LINE('',#2656,#2657);
#2656 = CARTESIAN_POINT('',(30.,-100.,0.));
#2657 = VECTOR('',#2658,1.);
#2658 = DIRECTION('',(0.,0.,1.));
#2659 = ORIENTED_EDGE('',*,*,#1502,.T.);
#2660 = ORIENTED_EDGE('',*,*,#2661,.T.);
#2661 = EDGE_CURVE('',#1495,#2662,#2664,.T.);
#2662 = VERTEX_POINT('',#2663);
#2663 = CARTESIAN_POINT('',(28.5,-100.,2.));
#2664 = LINE('',#2665,#2666);
#2665 = CARTESIAN_POINT('',(28.5,-100.,2.));
#2666 = VECTOR('',#2667,1.);
#2667 = DIRECTION('',(-0.,-0.,-1.));
#2668 = ORIENTED_EDGE('',*,*,#2669,.T.);
#2669 = EDGE_CURVE('',#2662,#2670,#2672,.T.);
#2670 = VERTEX_POINT('',#2671);
#2671 = CARTESIAN_POINT('',(24.8,-100.,2.));
#2672 = LINE('',#2673,#2674);
#2673 = CARTESIAN_POINT('',(15.,-100.,2.));
#2674 = VECTOR('',#2675,1.);
#2675 = DIRECTION('',(-1.,0.,0.));
#2676 = ORIENTED_EDGE('',*,*,#2677,.F.);
#2677 = EDGE_CURVE('',#2678,#2670,#2680,.T.);
#2678 = VERTEX_POINT('',#2679);
#2679 = CARTESIAN_POINT('',(23.2,-100.,2.));
#2680 = CIRCLE('',#2681,0.8);
#2681 = AXIS2_PLACEMENT_3D('',#2682,#2683,#2684);
#2682 = CARTESIAN_POINT('',(24.,-100.,2.));
#2683 = DIRECTION('',(0.,-1.,2.22044604925E-16));
#2684 = DIRECTION('',(1.,0.,0.));
#2685 = ORIENTED_EDGE('',*,*,#2686,.T.);
#2686 = EDGE_CURVE('',#2678,#2687,#2689,.T.);
#2687 = VERTEX_POINT('',#2688);
#2688 = CARTESIAN_POINT('',(19.5,-100.,2.));
#2689 = LINE('',#2690,#2691);
#2690 = CARTESIAN_POINT('',(15.,-100.,2.));
#2691 = VECTOR('',#2692,1.);
#2692 = DIRECTION('',(-1.,0.,0.));
#2693 = ORIENTED_EDGE('',*,*,#2694,.F.);
#2694 = EDGE_CURVE('',#1470,#2687,#2695,.T.);
#2695 = LINE('',#2696,#2697);
#2696 = CARTESIAN_POINT('',(19.5,-100.,2.));
#2697 = VECTOR('',#2698,1.);
#2698 = DIRECTION('',(-0.,-0.,-1.));
#2699 = ORIENTED_EDGE('',*,*,#1469,.T.);
#2700 = ORIENTED_EDGE('',*,*,#2701,.T.);
#2701 = EDGE_CURVE('',#1462,#2702,#2704,.T.);
#2702 = VERTEX_POINT('',#2703);
#2703 = CARTESIAN_POINT('',(-19.5,-100.,2.));
#2704 = LINE('',#2705,#2706);
#2705 = CARTESIAN_POINT('',(-19.5,-100.,2.));
#2706 = VECTOR('',#2707,1.);
#2707 = DIRECTION('',(-0.,-0.,-1.));
#2708 = ORIENTED_EDGE('',*,*,#2709,.T.);
#2709 = EDGE_CURVE('',#2702,#2710,#2712,.T.);
#2710 = VERTEX_POINT('',#2711);
#2711 = CARTESIAN_POINT('',(-23.2,-100.,2.));
#2712 = LINE('',#2713,#2714);
#2713 = CARTESIAN_POINT('',(15.,-100.,2.));
#2714 = VECTOR('',#2715,1.);
#2715 = DIRECTION('',(-1.,0.,0.));
#2716 = ORIENTED_EDGE('',*,*,#2717,.F.);
#2717 = EDGE_CURVE('',#2718,#2710,#2720,.T.);
#2718 = VERTEX_POINT('',#2719);
#2719 = CARTESIAN_POINT('',(-24.8,-100.,2.));
#2720 = CIRCLE('',#2721,0.8);
#2721 = AXIS2_PLACEMENT_3D('',#2722,#2723,#2724);
#2722 = CARTESIAN_POINT('',(-24.,-100.,2.));
#2723 = DIRECTION('',(0.,-1.,2.22044604925E-16));
#2724 = DIRECTION('',(1.,0.,0.));
#2725 = ORIENTED_EDGE('',*,*,#2726,.T.);
#2726 = EDGE_CURVE('',#2718,#2727,#2729,.T.);
#2727 = VERTEX_POINT('',#2728);
#2728 = CARTESIAN_POINT('',(-28.5,-100.,2.));
#2729 = LINE('',#2730,#2731);
#2730 = CARTESIAN_POINT('',(15.,-100.,2.));
#2731 = VECTOR('',#2732,1.);
#2732 = DIRECTION('',(-1.,0.,0.));
#2733 = ORIENTED_EDGE('',*,*,#2734,.F.);
#2734 = EDGE_CURVE('',#1437,#2727,#2735,.T.);
#2735 = LINE('',#2736,#2737);
#2736 = CARTESIAN_POINT('',(-28.5,-100.,2.));
#2737 = VECTOR('',#2738,1.);
#2738 = DIRECTION('',(-0.,-0.,-1.));
#2739 = ORIENTED_EDGE('',*,*,#1436,.T.);
#2740 = ORIENTED_EDGE('',*,*,#2614,.F.);
#2741 = PLANE('',#2742);
#2742 = AXIS2_PLACEMENT_3D('',#2743,#2744,#2745);
#2743 = CARTESIAN_POINT('',(30.,-100.,0.));
#2744 = DIRECTION('',(0.,-1.,0.));
#2745 = DIRECTION('',(-1.,0.,0.));
#2746 = ADVANCED_FACE('',(#2747),#2765,.F.);
#2747 = FACE_BOUND('',#2748,.F.);
#2748 = EDGE_LOOP('',(#2749,#2757,#2763,#2764));
#2749 = ORIENTED_EDGE('',*,*,#2750,.T.);
#2750 = EDGE_CURVE('',#393,#2751,#2753,.T.);
#2751 = VERTEX_POINT('',#2752);
#2752 = CARTESIAN_POINT('',(-51.2126765318,41.37817860322,1.6));
#2753 = LINE('',#2754,#2755);
#2754 = CARTESIAN_POINT('',(-51.2126765318,41.37817860322,0.));
#2755 = VECTOR('',#2756,1.);
#2756 = DIRECTION('',(0.,0.,1.));
#2757 = ORIENTED_EDGE('',*,*,#2758,.T.);
#2758 = EDGE_CURVE('',#2751,#2630,#2759,.T.);
#2759 = LINE('',#2760,#2761);
#2760 = CARTESIAN_POINT('',(-51.2126765318,41.37817860322,1.6));
#2761 = VECTOR('',#2762,1.);
#2762 = DIRECTION('',(-0.465908699195,-0.884832800033,0.));
#2763 = ORIENTED_EDGE('',*,*,#2629,.F.);
#2764 = ORIENTED_EDGE('',*,*,#400,.F.);
#2765 = PLANE('',#2766);
#2766 = AXIS2_PLACEMENT_3D('',#2767,#2768,#2769);
#2767 = CARTESIAN_POINT('',(-51.2126765318,41.37817860322,0.));
#2768 = DIRECTION('',(0.884832800033,-0.465908699195,0.));
#2769 = DIRECTION('',(-0.465908699195,-0.884832800033,0.));
#2770 = ADVANCED_FACE('',(#2771),#2782,.T.);
#2771 = FACE_BOUND('',#2772,.F.);
#2772 = EDGE_LOOP('',(#2773,#2774,#2775,#2781));
#2773 = ORIENTED_EDGE('',*,*,#2654,.T.);
#2774 = ORIENTED_EDGE('',*,*,#1510,.T.);
#2775 = ORIENTED_EDGE('',*,*,#2776,.F.);
#2776 = EDGE_CURVE('',#178,#1511,#2777,.T.);
#2777 = LINE('',#2778,#2779);
#2778 = CARTESIAN_POINT('',(33.464101615138,-98.,0.));
#2779 = VECTOR('',#2780,1.);
#2780 = DIRECTION('',(0.,0.,1.));
#2781 = ORIENTED_EDGE('',*,*,#177,.F.);
#2782 = CYLINDRICAL_SURFACE('',#2783,4.);
#2783 = AXIS2_PLACEMENT_3D('',#2784,#2785,#2786);
#2784 = CARTESIAN_POINT('',(30.,-96.,0.));
#2785 = DIRECTION('',(-0.,-0.,-1.));
#2786 = DIRECTION('',(1.,0.,0.));
#2787 = ADVANCED_FACE('',(#2788),#2799,.F.);
#2788 = FACE_BOUND('',#2789,.F.);
#2789 = EDGE_LOOP('',(#2790,#2791,#2792,#2798));
#2790 = ORIENTED_EDGE('',*,*,#392,.F.);
#2791 = ORIENTED_EDGE('',*,*,#2498,.F.);
#2792 = ORIENTED_EDGE('',*,*,#2793,.T.);
#2793 = EDGE_CURVE('',#2499,#2751,#2794,.T.);
#2794 = LINE('',#2795,#2796);
#2795 = CARTESIAN_POINT('',(-52.54600986513,43.492941526629,1.6));
#2796 = VECTOR('',#2797,1.);
#2797 = DIRECTION('',(0.533333333333,-0.845905169363,0.));
#2798 = ORIENTED_EDGE('',*,*,#2750,.F.);
#2799 = PLANE('',#2800);
#2800 = AXIS2_PLACEMENT_3D('',#2801,#2802,#2803);
#2801 = CARTESIAN_POINT('',(-52.54600986513,43.492941526629,0.));
#2802 = DIRECTION('',(0.845905169363,0.533333333333,0.));
#2803 = DIRECTION('',(0.533333333333,-0.845905169363,0.));
#2804 = ADVANCED_FACE('',(#2805),#2816,.T.);
#2805 = FACE_BOUND('',#2806,.T.);
#2806 = EDGE_LOOP('',(#2807,#2813,#2814,#2815));
#2807 = ORIENTED_EDGE('',*,*,#2808,.T.);
#2808 = EDGE_CURVE('',#187,#1520,#2809,.T.);
#2809 = LINE('',#2810,#2811);
#2810 = CARTESIAN_POINT('',(67.085879880048,-39.76537180436,0.));
#2811 = VECTOR('',#2812,1.);
#2812 = DIRECTION('',(0.,0.,1.));
#2813 = ORIENTED_EDGE('',*,*,#1519,.T.);
#2814 = ORIENTED_EDGE('',*,*,#2776,.F.);
#2815 = ORIENTED_EDGE('',*,*,#186,.F.);
#2816 = PLANE('',#2817);
#2817 = AXIS2_PLACEMENT_3D('',#2818,#2819,#2820);
#2818 = CARTESIAN_POINT('',(67.085879880048,-39.76537180436,0.));
#2819 = DIRECTION('',(0.866025403784,-0.5,0.));
#2820 = DIRECTION('',(-0.5,-0.866025403784,0.));
#2821 = ADVANCED_FACE('',(#2822),#2833,.T.);
#2822 = FACE_BOUND('',#2823,.T.);
#2823 = EDGE_LOOP('',(#2824,#2830,#2831,#2832));
#2824 = ORIENTED_EDGE('',*,*,#2825,.T.);
#2825 = EDGE_CURVE('',#195,#1528,#2826,.T.);
#2826 = LINE('',#2827,#2828);
#2827 = CARTESIAN_POINT('',(78.,-33.46410161513,0.));
#2828 = VECTOR('',#2829,1.);
#2829 = DIRECTION('',(0.,0.,1.));
#2830 = ORIENTED_EDGE('',*,*,#1527,.T.);
#2831 = ORIENTED_EDGE('',*,*,#2808,.F.);
#2832 = ORIENTED_EDGE('',*,*,#194,.F.);
#2833 = PLANE('',#2834);
#2834 = AXIS2_PLACEMENT_3D('',#2835,#2836,#2837);
#2835 = CARTESIAN_POINT('',(78.,-33.46410161513,0.));
#2836 = DIRECTION('',(0.5,-0.866025403784,0.));
#2837 = DIRECTION('',(-0.866025403784,-0.5,0.));
#2838 = ADVANCED_FACE('',(#2839),#2850,.T.);
#2839 = FACE_BOUND('',#2840,.T.);
#2840 = EDGE_LOOP('',(#2841,#2842,#2848,#2849));
#2841 = ORIENTED_EDGE('',*,*,#1727,.F.);
#2842 = ORIENTED_EDGE('',*,*,#2843,.T.);
#2843 = EDGE_CURVE('',#1719,#368,#2844,.T.);
#2844 = LINE('',#2845,#2846);
#2845 = CARTESIAN_POINT('',(-45.83209743568,40.427140818656,4.));
#2846 = VECTOR('',#2847,1.);
#2847 = DIRECTION('',(-0.,-0.,-1.));
#2848 = ORIENTED_EDGE('',*,*,#376,.F.);
#2849 = ORIENTED_EDGE('',*,*,#2491,.F.);
#2850 = PLANE('',#2851);
#2851 = AXIS2_PLACEMENT_3D('',#2852,#2853,#2854);
#2852 = CARTESIAN_POINT('',(-45.83209743568,40.427140818656,4.));
#2853 = DIRECTION('',(0.5,0.866025403784,0.));
#2854 = DIRECTION('',(-0.866025403784,0.5,0.));
#2855 = ADVANCED_FACE('',(#2856),#2867,.T.);
#2856 = FACE_BOUND('',#2857,.F.);
#2857 = EDGE_LOOP('',(#2858,#2859,#2860,#2866));
#2858 = ORIENTED_EDGE('',*,*,#2825,.T.);
#2859 = ORIENTED_EDGE('',*,*,#1535,.T.);
#2860 = ORIENTED_EDGE('',*,*,#2861,.F.);
#2861 = EDGE_CURVE('',#203,#1536,#2862,.T.);
#2862 = LINE('',#2863,#2864);
#2863 = CARTESIAN_POINT('',(80.,-30.,0.));
#2864 = VECTOR('',#2865,1.);
#2865 = DIRECTION('',(0.,0.,1.));
#2866 = ORIENTED_EDGE('',*,*,#202,.F.);
#2867 = CYLINDRICAL_SURFACE('',#2868,4.);
#2868 = AXIS2_PLACEMENT_3D('',#2869,#2870,#2871);
#2869 = CARTESIAN_POINT('',(76.,-30.,0.));
#2870 = DIRECTION('',(-0.,-0.,-1.));
#2871 = DIRECTION('',(1.,0.,0.));
#2872 = ADVANCED_FACE('',(#2873),#2884,.F.);
#2873 = FACE_BOUND('',#2874,.F.);
#2874 = EDGE_LOOP('',(#2875,#2876,#2877,#2878));
#2875 = ORIENTED_EDGE('',*,*,#1718,.F.);
#2876 = ORIENTED_EDGE('',*,*,#2843,.T.);
#2877 = ORIENTED_EDGE('',*,*,#367,.T.);
#2878 = ORIENTED_EDGE('',*,*,#2879,.F.);
#2879 = EDGE_CURVE('',#1711,#360,#2880,.T.);
#2880 = LINE('',#2881,#2882);
#2881 = CARTESIAN_POINT('',(-44.46607203189,40.79316622244,4.));
#2882 = VECTOR('',#2883,1.);
#2883 = DIRECTION('',(-0.,-0.,-1.));
#2884 = CYLINDRICAL_SURFACE('',#2885,1.);
#2885 = AXIS2_PLACEMENT_3D('',#2886,#2887,#2888);
#2886 = CARTESIAN_POINT('',(-45.33209743568,41.29316622244,4.));
#2887 = DIRECTION('',(0.,0.,1.));
#2888 = DIRECTION('',(1.,0.,0.));
#2889 = ADVANCED_FACE('',(#2890),#2901,.T.);
#2890 = FACE_BOUND('',#2891,.T.);
#2891 = EDGE_LOOP('',(#2892,#2898,#2899,#2900));
#2892 = ORIENTED_EDGE('',*,*,#2893,.T.);
#2893 = EDGE_CURVE('',#212,#1545,#2894,.T.);
#2894 = LINE('',#2895,#2896);
#2895 = CARTESIAN_POINT('',(80.,30.,0.));
#2896 = VECTOR('',#2897,1.);
#2897 = DIRECTION('',(0.,0.,1.));
#2898 = ORIENTED_EDGE('',*,*,#1544,.T.);
#2899 = ORIENTED_EDGE('',*,*,#2861,.F.);
#2900 = ORIENTED_EDGE('',*,*,#211,.F.);
#2901 = PLANE('',#2902);
#2902 = AXIS2_PLACEMENT_3D('',#2903,#2904,#2905);
#2903 = CARTESIAN_POINT('',(80.,30.,0.));
#2904 = DIRECTION('',(1.,0.,0.));
#2905 = DIRECTION('',(0.,-1.,0.));
#2906 = ADVANCED_FACE('',(#2907),#2918,.T.);
#2907 = FACE_BOUND('',#2908,.T.);
#2908 = EDGE_LOOP('',(#2909,#2910,#2916,#2917));
#2909 = ORIENTED_EDGE('',*,*,#1710,.F.);
#2910 = ORIENTED_EDGE('',*,*,#2911,.T.);
#2911 = EDGE_CURVE('',#1702,#351,#2912,.T.);
#2912 = LINE('',#2913,#2914);
#2913 = CARTESIAN_POINT('',(-41.16607203189,46.508933887417,4.));
#2914 = VECTOR('',#2915,1.);
#2915 = DIRECTION('',(-0.,-0.,-1.));
#2916 = ORIENTED_EDGE('',*,*,#359,.F.);
#2917 = ORIENTED_EDGE('',*,*,#2879,.F.);
#2918 = PLANE('',#2919);
#2919 = AXIS2_PLACEMENT_3D('',#2920,#2921,#2922);
#2920 = CARTESIAN_POINT('',(-41.16607203189,46.508933887417,4.));
#2921 = DIRECTION('',(-0.866025403784,0.5,0.));
#2922 = DIRECTION('',(-0.5,-0.866025403784,0.));
#2923 = ADVANCED_FACE('',(#2924),#2935,.T.);
#2924 = FACE_BOUND('',#2925,.F.);
#2925 = EDGE_LOOP('',(#2926,#2927,#2928,#2934));
#2926 = ORIENTED_EDGE('',*,*,#2893,.T.);
#2927 = ORIENTED_EDGE('',*,*,#1552,.T.);
#2928 = ORIENTED_EDGE('',*,*,#2929,.F.);
#2929 = EDGE_CURVE('',#220,#1553,#2930,.T.);
#2930 = LINE('',#2931,#2932);
#2931 = CARTESIAN_POINT('',(78.,33.464101615138,0.));
#2932 = VECTOR('',#2933,1.);
#2933 = DIRECTION('',(0.,0.,1.));
#2934 = ORIENTED_EDGE('',*,*,#219,.F.);
#2935 = CYLINDRICAL_SURFACE('',#2936,4.);
#2936 = AXIS2_PLACEMENT_3D('',#2937,#2938,#2939);
#2937 = CARTESIAN_POINT('',(76.,30.,0.));
#2938 = DIRECTION('',(-0.,-0.,-1.));
#2939 = DIRECTION('',(1.,0.,0.));
#2940 = ADVANCED_FACE('',(#2941),#2952,.F.);
#2941 = FACE_BOUND('',#2942,.F.);
#2942 = EDGE_LOOP('',(#2943,#2944,#2945,#2946));
#2943 = ORIENTED_EDGE('',*,*,#1701,.F.);
#2944 = ORIENTED_EDGE('',*,*,#2911,.T.);
#2945 = ORIENTED_EDGE('',*,*,#350,.T.);
#2946 = ORIENTED_EDGE('',*,*,#2947,.F.);
#2947 = EDGE_CURVE('',#1694,#343,#2948,.T.);
#2948 = LINE('',#2949,#2950);
#2949 = CARTESIAN_POINT('',(-41.53209743568,47.874959291202,4.));
#2950 = VECTOR('',#2951,1.);
#2951 = DIRECTION('',(-0.,-0.,-1.));
#2952 = CYLINDRICAL_SURFACE('',#2953,1.);
#2953 = AXIS2_PLACEMENT_3D('',#2954,#2955,#2956);
#2954 = CARTESIAN_POINT('',(-42.03209743568,47.008933887417,4.));
#2955 = DIRECTION('',(0.,0.,1.));
#2956 = DIRECTION('',(1.,0.,0.));
#2957 = ADVANCED_FACE('',(#2958),#2969,.T.);
#2958 = FACE_BOUND('',#2959,.T.);
#2959 = EDGE_LOOP('',(#2960,#2966,#2967,#2968));
#2960 = ORIENTED_EDGE('',*,*,#2961,.T.);
#2961 = EDGE_CURVE('',#229,#1562,#2962,.T.);
#2962 = LINE('',#2963,#2964);
#2963 = CARTESIAN_POINT('',(67.085879880048,39.76537180436,0.));
#2964 = VECTOR('',#2965,1.);
#2965 = DIRECTION('',(0.,0.,1.));
#2966 = ORIENTED_EDGE('',*,*,#1561,.T.);
#2967 = ORIENTED_EDGE('',*,*,#2929,.F.);
#2968 = ORIENTED_EDGE('',*,*,#228,.F.);
#2969 = PLANE('',#2970);
#2970 = AXIS2_PLACEMENT_3D('',#2971,#2972,#2973);
#2971 = CARTESIAN_POINT('',(67.085879880048,39.76537180436,0.));
#2972 = DIRECTION('',(0.5,0.866025403784,0.));
#2973 = DIRECTION('',(0.866025403784,-0.5,0.));
#2974 = ADVANCED_FACE('',(#2975),#2986,.T.);
#2975 = FACE_BOUND('',#2976,.T.);
#2976 = EDGE_LOOP('',(#2977,#2978,#2984,#2985));
#2977 = ORIENTED_EDGE('',*,*,#1693,.F.);
#2978 = ORIENTED_EDGE('',*,*,#2979,.T.);
#2979 = EDGE_CURVE('',#1686,#335,#2980,.T.);
#2980 = LINE('',#2981,#2982);
#2981 = CARTESIAN_POINT('',(-46.72824985839,50.874959291202,4.));
#2982 = VECTOR('',#2983,1.);
#2983 = DIRECTION('',(-0.,-0.,-1.));
#2984 = ORIENTED_EDGE('',*,*,#342,.F.);
#2985 = ORIENTED_EDGE('',*,*,#2947,.F.);
#2986 = PLANE('',#2987);
#2987 = AXIS2_PLACEMENT_3D('',#2988,#2989,#2990);
#2988 = CARTESIAN_POINT('',(-46.72824985839,50.874959291202,4.));
#2989 = DIRECTION('',(-0.5,-0.866025403784,0.));
#2990 = DIRECTION('',(0.866025403784,-0.5,0.));
#2991 = ADVANCED_FACE('',(#2992),#3003,.T.);
#2992 = FACE_BOUND('',#2993,.T.);
#2993 = EDGE_LOOP('',(#2994,#3000,#3001,#3002));
#2994 = ORIENTED_EDGE('',*,*,#2995,.T.);
#2995 = EDGE_CURVE('',#237,#1570,#2996,.T.);
#2996 = LINE('',#2997,#2998);
#2997 = CARTESIAN_POINT('',(33.464101615138,98.,0.));
#2998 = VECTOR('',#2999,1.);
#2999 = DIRECTION('',(0.,0.,1.));
#3000 = ORIENTED_EDGE('',*,*,#1569,.T.);
#3001 = ORIENTED_EDGE('',*,*,#2961,.F.);
#3002 = ORIENTED_EDGE('',*,*,#236,.F.);
#3003 = PLANE('',#3004);
#3004 = AXIS2_PLACEMENT_3D('',#3005,#3006,#3007);
#3005 = CARTESIAN_POINT('',(33.464101615138,98.,0.));
#3006 = DIRECTION('',(0.866025403784,0.5,0.));
#3007 = DIRECTION('',(0.5,-0.866025403784,0.));
#3008 = ADVANCED_FACE('',(#3009),#3043,.T.);
#3009 = FACE_BOUND('',#3010,.T.);
#3010 = EDGE_LOOP('',(#3011,#3012,#3018,#3019,#3027,#3035,#3041,#3042));
#3011 = ORIENTED_EDGE('',*,*,#1685,.F.);
#3012 = ORIENTED_EDGE('',*,*,#3013,.T.);
#3013 = EDGE_CURVE('',#1678,#279,#3014,.T.);
#3014 = LINE('',#3015,#3016);
#3015 = CARTESIAN_POINT('',(-49.52370205355,56.183956091402,4.));
#3016 = VECTOR('',#3017,1.);
#3017 = DIRECTION('',(-0.,-0.,-1.));
#3018 = ORIENTED_EDGE('',*,*,#286,.F.);
#3019 = ORIENTED_EDGE('',*,*,#3020,.F.);
#3020 = EDGE_CURVE('',#3021,#287,#3023,.T.);
#3021 = VERTEX_POINT('',#3022);
#3022 = CARTESIAN_POINT('',(-48.63200911333,54.490493053614,1.6));
#3023 = LINE('',#3024,#3025);
#3024 = CARTESIAN_POINT('',(-48.63200911333,54.490493053614,2.));
#3025 = VECTOR('',#3026,1.);
#3026 = DIRECTION('',(0.,0.,-1.));
#3027 = ORIENTED_EDGE('',*,*,#3028,.F.);
#3028 = EDGE_CURVE('',#3029,#3021,#3031,.T.);
#3029 = VERTEX_POINT('',#3030);
#3030 = CARTESIAN_POINT('',(-47.40007873944,52.150866418496,1.6));
#3031 = LINE('',#3032,#3033);
#3032 = CARTESIAN_POINT('',(-36.31749425726,31.103321532699,1.6));
#3033 = VECTOR('',#3034,1.);
#3034 = DIRECTION('',(-0.465908699195,0.884832800033,0.));
#3035 = ORIENTED_EDGE('',*,*,#3036,.F.);
#3036 = EDGE_CURVE('',#327,#3029,#3037,.T.);
#3037 = LINE('',#3038,#3039);
#3038 = CARTESIAN_POINT('',(-47.40007873944,52.150866418496,2.));
#3039 = VECTOR('',#3040,1.);
#3040 = DIRECTION('',(0.,0.,1.));
#3041 = ORIENTED_EDGE('',*,*,#334,.F.);
#3042 = ORIENTED_EDGE('',*,*,#2979,.F.);
#3043 = PLANE('',#3044);
#3044 = AXIS2_PLACEMENT_3D('',#3045,#3046,#3047);
#3045 = CARTESIAN_POINT('',(-49.52370205355,56.183956091402,4.));
#3046 = DIRECTION('',(-0.884832800033,-0.465908699195,0.));
#3047 = DIRECTION('',(0.465908699195,-0.884832800033,0.));
#3048 = ADVANCED_FACE('',(#3049),#3060,.T.);
#3049 = FACE_BOUND('',#3050,.F.);
#3050 = EDGE_LOOP('',(#3051,#3052,#3053,#3059));
#3051 = ORIENTED_EDGE('',*,*,#2995,.T.);
#3052 = ORIENTED_EDGE('',*,*,#1577,.T.);
#3053 = ORIENTED_EDGE('',*,*,#3054,.F.);
#3054 = EDGE_CURVE('',#245,#1578,#3055,.T.);
#3055 = LINE('',#3056,#3057);
#3056 = CARTESIAN_POINT('',(30.,100.,0.));
#3057 = VECTOR('',#3058,1.);
#3058 = DIRECTION('',(0.,0.,1.));
#3059 = ORIENTED_EDGE('',*,*,#244,.F.);
#3060 = CYLINDRICAL_SURFACE('',#3061,4.);
#3061 = AXIS2_PLACEMENT_3D('',#3062,#3063,#3064);
#3062 = CARTESIAN_POINT('',(30.,96.,0.));
#3063 = DIRECTION('',(-0.,-0.,-1.));
#3064 = DIRECTION('',(1.,0.,0.));
#3065 = ADVANCED_FACE('',(#3066),#3084,.F.);
#3066 = FACE_BOUND('',#3067,.F.);
#3067 = EDGE_LOOP('',(#3068,#3069,#3077,#3083));
#3068 = ORIENTED_EDGE('',*,*,#326,.F.);
#3069 = ORIENTED_EDGE('',*,*,#3070,.T.);
#3070 = EDGE_CURVE('',#319,#3071,#3073,.T.);
#3071 = VERTEX_POINT('',#3072);
#3072 = CARTESIAN_POINT('',(-45.04600986513,52.059158583229,1.6));
#3073 = LINE('',#3074,#3075);
#3074 = CARTESIAN_POINT('',(-45.04600986513,52.059158583229,0.));
#3075 = VECTOR('',#3076,1.);
#3076 = DIRECTION('',(0.,0.,1.));
#3077 = ORIENTED_EDGE('',*,*,#3078,.T.);
#3078 = EDGE_CURVE('',#3071,#3029,#3079,.T.);
#3079 = LINE('',#3080,#3081);
#3080 = CARTESIAN_POINT('',(-45.04600986513,52.059158583229,1.6));
#3081 = VECTOR('',#3082,1.);
#3082 = DIRECTION('',(-0.999242032528,3.892763067005E-02,-0.));
#3083 = ORIENTED_EDGE('',*,*,#3036,.F.);
#3084 = PLANE('',#3085);
#3085 = AXIS2_PLACEMENT_3D('',#3086,#3087,#3088);
#3086 = CARTESIAN_POINT('',(-45.04600986513,52.059158583229,0.));
#3087 = DIRECTION('',(-3.892763067005E-02,-0.999242032528,0.));
#3088 = DIRECTION('',(-0.999242032528,3.892763067005E-02,0.));
#3089 = ADVANCED_FACE('',(#3090),#3181,.T.);
#3090 = FACE_BOUND('',#3091,.T.);
#3091 = EDGE_LOOP('',(#3092,#3093,#3099,#3100,#3108,#3116,#3125,#3133,
    #3139,#3140,#3148,#3156,#3165,#3173,#3179,#3180));
#3092 = ORIENTED_EDGE('',*,*,#253,.F.);
#3093 = ORIENTED_EDGE('',*,*,#3094,.T.);
#3094 = EDGE_CURVE('',#254,#1653,#3095,.T.);
#3095 = LINE('',#3096,#3097);
#3096 = CARTESIAN_POINT('',(-30.,100.,0.));
#3097 = VECTOR('',#3098,1.);
#3098 = DIRECTION('',(0.,0.,1.));
#3099 = ORIENTED_EDGE('',*,*,#1652,.T.);
#3100 = ORIENTED_EDGE('',*,*,#3101,.F.);
#3101 = EDGE_CURVE('',#3102,#1645,#3104,.T.);
#3102 = VERTEX_POINT('',#3103);
#3103 = CARTESIAN_POINT('',(-25.5,100.,2.));
#3104 = LINE('',#3105,#3106);
#3105 = CARTESIAN_POINT('',(-25.5,100.,2.));
#3106 = VECTOR('',#3107,1.);
#3107 = DIRECTION('',(0.,0.,1.));
#3108 = ORIENTED_EDGE('',*,*,#3109,.T.);
#3109 = EDGE_CURVE('',#3102,#3110,#3112,.T.);
#3110 = VERTEX_POINT('',#3111);
#3111 = CARTESIAN_POINT('',(-21.8,100.,2.));
#3112 = LINE('',#3113,#3114);
#3113 = CARTESIAN_POINT('',(-15.,100.,2.));
#3114 = VECTOR('',#3115,1.);
#3115 = DIRECTION('',(1.,0.,0.));
#3116 = ORIENTED_EDGE('',*,*,#3117,.F.);
#3117 = EDGE_CURVE('',#3118,#3110,#3120,.T.);
#3118 = VERTEX_POINT('',#3119);
#3119 = CARTESIAN_POINT('',(-20.2,100.,2.));
#3120 = CIRCLE('',#3121,0.8);
#3121 = AXIS2_PLACEMENT_3D('',#3122,#3123,#3124);
#3122 = CARTESIAN_POINT('',(-21.,100.,2.));
#3123 = DIRECTION('',(0.,1.,-2.22044604925E-16));
#3124 = DIRECTION('',(-1.,0.,0.));
#3125 = ORIENTED_EDGE('',*,*,#3126,.T.);
#3126 = EDGE_CURVE('',#3118,#3127,#3129,.T.);
#3127 = VERTEX_POINT('',#3128);
#3128 = CARTESIAN_POINT('',(-16.5,100.,2.));
#3129 = LINE('',#3130,#3131);
#3130 = CARTESIAN_POINT('',(-15.,100.,2.));
#3131 = VECTOR('',#3132,1.);
#3132 = DIRECTION('',(1.,0.,0.));
#3133 = ORIENTED_EDGE('',*,*,#3134,.T.);
#3134 = EDGE_CURVE('',#3127,#1620,#3135,.T.);
#3135 = LINE('',#3136,#3137);
#3136 = CARTESIAN_POINT('',(-16.5,100.,2.));
#3137 = VECTOR('',#3138,1.);
#3138 = DIRECTION('',(0.,0.,1.));
#3139 = ORIENTED_EDGE('',*,*,#1619,.T.);
#3140 = ORIENTED_EDGE('',*,*,#3141,.F.);
#3141 = EDGE_CURVE('',#3142,#1612,#3144,.T.);
#3142 = VERTEX_POINT('',#3143);
#3143 = CARTESIAN_POINT('',(16.5,100.,2.));
#3144 = LINE('',#3145,#3146);
#3145 = CARTESIAN_POINT('',(16.5,100.,2.));
#3146 = VECTOR('',#3147,1.);
#3147 = DIRECTION('',(0.,0.,1.));
#3148 = ORIENTED_EDGE('',*,*,#3149,.T.);
#3149 = EDGE_CURVE('',#3142,#3150,#3152,.T.);
#3150 = VERTEX_POINT('',#3151);
#3151 = CARTESIAN_POINT('',(20.2,100.,2.));
#3152 = LINE('',#3153,#3154);
#3153 = CARTESIAN_POINT('',(-15.,100.,2.));
#3154 = VECTOR('',#3155,1.);
#3155 = DIRECTION('',(1.,0.,0.));
#3156 = ORIENTED_EDGE('',*,*,#3157,.F.);
#3157 = EDGE_CURVE('',#3158,#3150,#3160,.T.);
#3158 = VERTEX_POINT('',#3159);
#3159 = CARTESIAN_POINT('',(21.8,100.,2.));
#3160 = CIRCLE('',#3161,0.8);
#3161 = AXIS2_PLACEMENT_3D('',#3162,#3163,#3164);
#3162 = CARTESIAN_POINT('',(21.,100.,2.));
#3163 = DIRECTION('',(0.,1.,-2.22044604925E-16));
#3164 = DIRECTION('',(-1.,0.,0.));
#3165 = ORIENTED_EDGE('',*,*,#3166,.T.);
#3166 = EDGE_CURVE('',#3158,#3167,#3169,.T.);
#3167 = VERTEX_POINT('',#3168);
#3168 = CARTESIAN_POINT('',(25.5,100.,2.));
#3169 = LINE('',#3170,#3171);
#3170 = CARTESIAN_POINT('',(-15.,100.,2.));
#3171 = VECTOR('',#3172,1.);
#3172 = DIRECTION('',(1.,0.,0.));
#3173 = ORIENTED_EDGE('',*,*,#3174,.T.);
#3174 = EDGE_CURVE('',#3167,#1587,#3175,.T.);
#3175 = LINE('',#3176,#3177);
#3176 = CARTESIAN_POINT('',(25.5,100.,2.));
#3177 = VECTOR('',#3178,1.);
#3178 = DIRECTION('',(0.,0.,1.));
#3179 = ORIENTED_EDGE('',*,*,#1586,.T.);
#3180 = ORIENTED_EDGE('',*,*,#3054,.F.);
#3181 = PLANE('',#3182);
#3182 = AXIS2_PLACEMENT_3D('',#3183,#3184,#3185);
#3183 = CARTESIAN_POINT('',(-30.,100.,0.));
#3184 = DIRECTION('',(0.,1.,0.));
#3185 = DIRECTION('',(1.,0.,0.));
#3186 = ADVANCED_FACE('',(#3187),#3205,.F.);
#3187 = FACE_BOUND('',#3188,.F.);
#3188 = EDGE_LOOP('',(#3189,#3197,#3203,#3204));
#3189 = ORIENTED_EDGE('',*,*,#3190,.T.);
#3190 = EDGE_CURVE('',#311,#3191,#3193,.T.);
#3191 = VERTEX_POINT('',#3192);
#3192 = CARTESIAN_POINT('',(-43.7126765318,54.173921506637,1.6));
#3193 = LINE('',#3194,#3195);
#3194 = CARTESIAN_POINT('',(-43.7126765318,54.173921506637,0.));
#3195 = VECTOR('',#3196,1.);
#3196 = DIRECTION('',(0.,0.,1.));
#3197 = ORIENTED_EDGE('',*,*,#3198,.T.);
#3198 = EDGE_CURVE('',#3191,#3071,#3199,.T.);
#3199 = LINE('',#3200,#3201);
#3200 = CARTESIAN_POINT('',(-43.7126765318,54.173921506637,1.6));
#3201 = VECTOR('',#3202,1.);
#3202 = DIRECTION('',(-0.533333333333,-0.845905169363,0.));
#3203 = ORIENTED_EDGE('',*,*,#3070,.F.);
#3204 = ORIENTED_EDGE('',*,*,#318,.F.);
#3205 = PLANE('',#3206);
#3206 = AXIS2_PLACEMENT_3D('',#3207,#3208,#3209);
#3207 = CARTESIAN_POINT('',(-43.7126765318,54.173921506637,0.));
#3208 = DIRECTION('',(0.845905169363,-0.533333333333,0.));
#3209 = DIRECTION('',(-0.533333333333,-0.845905169363,0.));
#3210 = ADVANCED_FACE('',(#3211),#3222,.T.);
#3211 = FACE_BOUND('',#3212,.F.);
#3212 = EDGE_LOOP('',(#3213,#3214,#3215,#3221));
#3213 = ORIENTED_EDGE('',*,*,#3094,.T.);
#3214 = ORIENTED_EDGE('',*,*,#1660,.T.);
#3215 = ORIENTED_EDGE('',*,*,#3216,.F.);
#3216 = EDGE_CURVE('',#262,#1661,#3217,.T.);
#3217 = LINE('',#3218,#3219);
#3218 = CARTESIAN_POINT('',(-33.46410161513,98.,0.));
#3219 = VECTOR('',#3220,1.);
#3220 = DIRECTION('',(0.,0.,1.));
#3221 = ORIENTED_EDGE('',*,*,#261,.F.);
#3222 = CYLINDRICAL_SURFACE('',#3223,4.);
#3223 = AXIS2_PLACEMENT_3D('',#3224,#3225,#3226);
#3224 = CARTESIAN_POINT('',(-30.,96.,0.));
#3225 = DIRECTION('',(-0.,-0.,-1.));
#3226 = DIRECTION('',(1.,0.,0.));
#3227 = ADVANCED_FACE('',(#3228),#3246,.F.);
#3228 = FACE_BOUND('',#3229,.F.);
#3229 = EDGE_LOOP('',(#3230,#3238,#3244,#3245));
#3230 = ORIENTED_EDGE('',*,*,#3231,.T.);
#3231 = EDGE_CURVE('',#303,#3232,#3234,.T.);
#3232 = VERTEX_POINT('',#3233);
#3233 = CARTESIAN_POINT('',(-44.87744827978,56.38600350672,1.6));
#3234 = LINE('',#3235,#3236);
#3235 = CARTESIAN_POINT('',(-44.87744827978,56.38600350672,0.));
#3236 = VECTOR('',#3237,1.);
#3237 = DIRECTION('',(0.,0.,1.));
#3238 = ORIENTED_EDGE('',*,*,#3239,.T.);
#3239 = EDGE_CURVE('',#3232,#3191,#3240,.T.);
#3240 = LINE('',#3241,#3242);
#3241 = CARTESIAN_POINT('',(-44.87744827978,56.38600350672,1.6));
#3242 = VECTOR('',#3243,1.);
#3243 = DIRECTION('',(0.465908699195,-0.884832800033,0.));
#3244 = ORIENTED_EDGE('',*,*,#3190,.F.);
#3245 = ORIENTED_EDGE('',*,*,#310,.F.);
#3246 = PLANE('',#3247);
#3247 = AXIS2_PLACEMENT_3D('',#3248,#3249,#3250);
#3248 = CARTESIAN_POINT('',(-44.87744827978,56.38600350672,0.));
#3249 = DIRECTION('',(0.884832800033,0.465908699195,0.));
#3250 = DIRECTION('',(0.465908699195,-0.884832800033,0.));
#3251 = ADVANCED_FACE('',(#3252),#3263,.T.);
#3252 = FACE_BOUND('',#3253,.T.);
#3253 = EDGE_LOOP('',(#3254,#3255,#3261,#3262));
#3254 = ORIENTED_EDGE('',*,*,#270,.F.);
#3255 = ORIENTED_EDGE('',*,*,#3256,.F.);
#3256 = EDGE_CURVE('',#1670,#271,#3257,.T.);
#3257 = LINE('',#3258,#3259);
#3258 = CARTESIAN_POINT('',(-55.58587988004,59.683956091402,4.));
#3259 = VECTOR('',#3260,1.);
#3260 = DIRECTION('',(-0.,-0.,-1.));
#3261 = ORIENTED_EDGE('',*,*,#1669,.T.);
#3262 = ORIENTED_EDGE('',*,*,#3216,.F.);
#3263 = PLANE('',#3264);
#3264 = AXIS2_PLACEMENT_3D('',#3265,#3266,#3267);
#3265 = CARTESIAN_POINT('',(-67.08587988004,39.76537180436,0.));
#3266 = DIRECTION('',(-0.866025403784,0.5,0.));
#3267 = DIRECTION('',(0.5,0.866025403784,0.));
#3268 = ADVANCED_FACE('',(#3269),#3287,.F.);
#3269 = FACE_BOUND('',#3270,.F.);
#3270 = EDGE_LOOP('',(#3271,#3279,#3285,#3286));
#3271 = ORIENTED_EDGE('',*,*,#3272,.T.);
#3272 = EDGE_CURVE('',#295,#3273,#3275,.T.);
#3273 = VERTEX_POINT('',#3274);
#3274 = CARTESIAN_POINT('',(-47.3755533611,56.483322583395,1.6));
#3275 = LINE('',#3276,#3277);
#3276 = CARTESIAN_POINT('',(-47.3755533611,56.483322583395,0.));
#3277 = VECTOR('',#3278,1.);
#3278 = DIRECTION('',(0.,0.,1.));
#3279 = ORIENTED_EDGE('',*,*,#3280,.T.);
#3280 = EDGE_CURVE('',#3273,#3232,#3281,.T.);
#3281 = LINE('',#3282,#3283);
#3282 = CARTESIAN_POINT('',(-47.3755533611,56.483322583395,1.6));
#3283 = VECTOR('',#3284,1.);
#3284 = DIRECTION('',(0.999242032528,-3.892763067005E-02,0.));
#3285 = ORIENTED_EDGE('',*,*,#3231,.F.);
#3286 = ORIENTED_EDGE('',*,*,#302,.F.);
#3287 = PLANE('',#3288);
#3288 = AXIS2_PLACEMENT_3D('',#3289,#3290,#3291);
#3289 = CARTESIAN_POINT('',(-47.3755533611,56.483322583395,0.));
#3290 = DIRECTION('',(3.892763067005E-02,0.999242032528,0.));
#3291 = DIRECTION('',(0.999242032528,-3.892763067005E-02,0.));
#3292 = ADVANCED_FACE('',(#3293),#3299,.T.);
#3293 = FACE_BOUND('',#3294,.T.);
#3294 = EDGE_LOOP('',(#3295,#3296,#3297,#3298));
#3295 = ORIENTED_EDGE('',*,*,#1677,.F.);
#3296 = ORIENTED_EDGE('',*,*,#3256,.T.);
#3297 = ORIENTED_EDGE('',*,*,#278,.F.);
#3298 = ORIENTED_EDGE('',*,*,#3013,.F.);
#3299 = PLANE('',#3300);
#3300 = AXIS2_PLACEMENT_3D('',#3301,#3302,#3303);
#3301 = CARTESIAN_POINT('',(-55.58587988004,59.683956091402,4.));
#3302 = DIRECTION('',(-0.5,-0.866025403784,0.));
#3303 = DIRECTION('',(0.866025403784,-0.5,0.));
#3304 = ADVANCED_FACE('',(#3305),#3316,.F.);
#3305 = FACE_BOUND('',#3306,.F.);
#3306 = EDGE_LOOP('',(#3307,#3308,#3309,#3315));
#3307 = ORIENTED_EDGE('',*,*,#294,.F.);
#3308 = ORIENTED_EDGE('',*,*,#3020,.F.);
#3309 = ORIENTED_EDGE('',*,*,#3310,.T.);
#3310 = EDGE_CURVE('',#3021,#3273,#3311,.T.);
#3311 = LINE('',#3312,#3313);
#3312 = CARTESIAN_POINT('',(-48.70888669444,54.368559659987,1.6));
#3313 = VECTOR('',#3314,1.);
#3314 = DIRECTION('',(0.533333333333,0.845905169363,0.));
#3315 = ORIENTED_EDGE('',*,*,#3272,.F.);
#3316 = PLANE('',#3317);
#3317 = AXIS2_PLACEMENT_3D('',#3318,#3319,#3320);
#3318 = CARTESIAN_POINT('',(-48.70888669444,54.368559659987,0.));
#3319 = DIRECTION('',(-0.845905169363,0.533333333333,0.));
#3320 = DIRECTION('',(0.533333333333,0.845905169363,0.));
#3321 = ADVANCED_FACE('',(#3322),#3338,.F.);
#3322 = FACE_BOUND('',#3323,.F.);
#3323 = EDGE_LOOP('',(#3324,#3325,#3331,#3332));
#3324 = ORIENTED_EDGE('',*,*,#1813,.F.);
#3325 = ORIENTED_EDGE('',*,*,#3326,.T.);
#3326 = EDGE_CURVE('',#1755,#450,#3327,.T.);
#3327 = LINE('',#3328,#3329);
#3328 = CARTESIAN_POINT('',(-50.,-60.,4.));
#3329 = VECTOR('',#3330,1.);
#3330 = DIRECTION('',(-0.,-0.,-1.));
#3331 = ORIENTED_EDGE('',*,*,#449,.T.);
#3332 = ORIENTED_EDGE('',*,*,#3333,.F.);
#3333 = EDGE_CURVE('',#1806,#452,#3334,.T.);
#3334 = LINE('',#3335,#3336);
#3335 = CARTESIAN_POINT('',(-46.5,-63.5,4.));
#3336 = VECTOR('',#3337,1.);
#3337 = DIRECTION('',(-0.,-0.,-1.));
#3338 = CYLINDRICAL_SURFACE('',#3339,3.5);
#3339 = AXIS2_PLACEMENT_3D('',#3340,#3341,#3342);
#3340 = CARTESIAN_POINT('',(-46.5,-60.,4.));
#3341 = DIRECTION('',(0.,0.,1.));
#3342 = DIRECTION('',(1.,0.,0.));
#3343 = ADVANCED_FACE('',(#3344),#3355,.F.);
#3344 = FACE_BOUND('',#3345,.F.);
#3345 = EDGE_LOOP('',(#3346,#3347,#3353,#3354));
#3346 = ORIENTED_EDGE('',*,*,#1752,.F.);
#3347 = ORIENTED_EDGE('',*,*,#3348,.T.);
#3348 = EDGE_CURVE('',#1753,#461,#3349,.T.);
#3349 = LINE('',#3350,#3351);
#3350 = CARTESIAN_POINT('',(-50.,-40.,4.));
#3351 = VECTOR('',#3352,1.);
#3352 = DIRECTION('',(-0.,-0.,-1.));
#3353 = ORIENTED_EDGE('',*,*,#460,.F.);
#3354 = ORIENTED_EDGE('',*,*,#3326,.F.);
#3355 = PLANE('',#3356);
#3356 = AXIS2_PLACEMENT_3D('',#3357,#3358,#3359);
#3357 = CARTESIAN_POINT('',(-50.,-40.,4.));
#3358 = DIRECTION('',(-1.,0.,0.));
#3359 = DIRECTION('',(0.,-1.,0.));
#3360 = ADVANCED_FACE('',(#3361),#3372,.F.);
#3361 = FACE_BOUND('',#3362,.F.);
#3362 = EDGE_LOOP('',(#3363,#3364,#3365,#3366));
#3363 = ORIENTED_EDGE('',*,*,#1805,.F.);
#3364 = ORIENTED_EDGE('',*,*,#3333,.T.);
#3365 = ORIENTED_EDGE('',*,*,#511,.F.);
#3366 = ORIENTED_EDGE('',*,*,#3367,.F.);
#3367 = EDGE_CURVE('',#1797,#503,#3368,.T.);
#3368 = LINE('',#3369,#3370);
#3369 = CARTESIAN_POINT('',(-31.5,-63.5,4.));
#3370 = VECTOR('',#3371,1.);
#3371 = DIRECTION('',(-0.,-0.,-1.));
#3372 = PLANE('',#3373);
#3373 = AXIS2_PLACEMENT_3D('',#3374,#3375,#3376);
#3374 = CARTESIAN_POINT('',(-46.5,-63.5,4.));
#3375 = DIRECTION('',(0.,-1.,0.));
#3376 = DIRECTION('',(1.,0.,0.));
#3377 = ADVANCED_FACE('',(#3378),#3389,.F.);
#3378 = FACE_BOUND('',#3379,.F.);
#3379 = EDGE_LOOP('',(#3380,#3381,#3387,#3388));
#3380 = ORIENTED_EDGE('',*,*,#1762,.F.);
#3381 = ORIENTED_EDGE('',*,*,#3382,.T.);
#3382 = EDGE_CURVE('',#1763,#469,#3383,.T.);
#3383 = LINE('',#3384,#3385);
#3384 = CARTESIAN_POINT('',(-46.5,-36.5,4.));
#3385 = VECTOR('',#3386,1.);
#3386 = DIRECTION('',(-0.,-0.,-1.));
#3387 = ORIENTED_EDGE('',*,*,#468,.T.);
#3388 = ORIENTED_EDGE('',*,*,#3348,.F.);
#3389 = CYLINDRICAL_SURFACE('',#3390,3.5);
#3390 = AXIS2_PLACEMENT_3D('',#3391,#3392,#3393);
#3391 = CARTESIAN_POINT('',(-46.5,-40.,4.));
#3392 = DIRECTION('',(0.,0.,1.));
#3393 = DIRECTION('',(1.,0.,0.));
#3394 = ADVANCED_FACE('',(#3395),#3406,.F.);
#3395 = FACE_BOUND('',#3396,.F.);
#3396 = EDGE_LOOP('',(#3397,#3398,#3399,#3400));
#3397 = ORIENTED_EDGE('',*,*,#1796,.F.);
#3398 = ORIENTED_EDGE('',*,*,#3367,.T.);
#3399 = ORIENTED_EDGE('',*,*,#502,.T.);
#3400 = ORIENTED_EDGE('',*,*,#3401,.F.);
#3401 = EDGE_CURVE('',#1789,#495,#3402,.T.);
#3402 = LINE('',#3403,#3404);
#3403 = CARTESIAN_POINT('',(-28.,-60.,4.));
#3404 = VECTOR('',#3405,1.);
#3405 = DIRECTION('',(-0.,-0.,-1.));
#3406 = CYLINDRICAL_SURFACE('',#3407,3.5);
#3407 = AXIS2_PLACEMENT_3D('',#3408,#3409,#3410);
#3408 = CARTESIAN_POINT('',(-31.5,-60.,4.));
#3409 = DIRECTION('',(0.,0.,1.));
#3410 = DIRECTION('',(1.,0.,0.));
#3411 = ADVANCED_FACE('',(#3412),#3423,.F.);
#3412 = FACE_BOUND('',#3413,.F.);
#3413 = EDGE_LOOP('',(#3414,#3415,#3421,#3422));
#3414 = ORIENTED_EDGE('',*,*,#1771,.F.);
#3415 = ORIENTED_EDGE('',*,*,#3416,.T.);
#3416 = EDGE_CURVE('',#1772,#478,#3417,.T.);
#3417 = LINE('',#3418,#3419);
#3418 = CARTESIAN_POINT('',(-31.5,-36.5,4.));
#3419 = VECTOR('',#3420,1.);
#3420 = DIRECTION('',(-0.,-0.,-1.));
#3421 = ORIENTED_EDGE('',*,*,#477,.F.);
#3422 = ORIENTED_EDGE('',*,*,#3382,.F.);
#3423 = PLANE('',#3424);
#3424 = AXIS2_PLACEMENT_3D('',#3425,#3426,#3427);
#3425 = CARTESIAN_POINT('',(-31.5,-36.5,4.));
#3426 = DIRECTION('',(0.,1.,0.));
#3427 = DIRECTION('',(-1.,0.,0.));
#3428 = ADVANCED_FACE('',(#3429),#3440,.F.);
#3429 = FACE_BOUND('',#3430,.F.);
#3430 = EDGE_LOOP('',(#3431,#3432,#3433,#3434));
#3431 = ORIENTED_EDGE('',*,*,#1788,.F.);
#3432 = ORIENTED_EDGE('',*,*,#3401,.T.);
#3433 = ORIENTED_EDGE('',*,*,#494,.F.);
#3434 = ORIENTED_EDGE('',*,*,#3435,.F.);
#3435 = EDGE_CURVE('',#1780,#486,#3436,.T.);
#3436 = LINE('',#3437,#3438);
#3437 = CARTESIAN_POINT('',(-28.,-40.,4.));
#3438 = VECTOR('',#3439,1.);
#3439 = DIRECTION('',(-0.,-0.,-1.));
#3440 = PLANE('',#3441);
#3441 = AXIS2_PLACEMENT_3D('',#3442,#3443,#3444);
#3442 = CARTESIAN_POINT('',(-28.,-60.,4.));
#3443 = DIRECTION('',(1.,0.,0.));
#3444 = DIRECTION('',(0.,1.,0.));
#3445 = ADVANCED_FACE('',(#3446),#3452,.F.);
#3446 = FACE_BOUND('',#3447,.F.);
#3447 = EDGE_LOOP('',(#3448,#3449,#3450,#3451));
#3448 = ORIENTED_EDGE('',*,*,#1779,.F.);
#3449 = ORIENTED_EDGE('',*,*,#3435,.T.);
#3450 = ORIENTED_EDGE('',*,*,#485,.T.);
#3451 = ORIENTED_EDGE('',*,*,#3416,.F.);
#3452 = CYLINDRICAL_SURFACE('',#3453,3.5);
#3453 = AXIS2_PLACEMENT_3D('',#3454,#3455,#3456);
#3454 = CARTESIAN_POINT('',(-31.5,-40.,4.));
#3455 = DIRECTION('',(0.,0.,1.));
#3456 = DIRECTION('',(1.,0.,0.));
#3457 = ADVANCED_FACE('',(#3458),#3551,.F.);
#3458 = FACE_BOUND('',#3459,.T.);
#3459 = EDGE_LOOP('',(#3460,#3468,#3469,#3470,#3479,#3507,#3516,#3544));
#3460 = ORIENTED_EDGE('',*,*,#3461,.F.);
#3461 = EDGE_CURVE('',#520,#3462,#3464,.T.);
#3462 = VERTEX_POINT('',#3463);
#3463 = CARTESIAN_POINT('',(-21.25,-92.5,2.));
#3464 = LINE('',#3465,#3466);
#3465 = CARTESIAN_POINT('',(-21.25,-92.5,0.));
#3466 = VECTOR('',#3467,1.);
#3467 = DIRECTION('',(0.,0.,1.));
#3468 = ORIENTED_EDGE('',*,*,#519,.F.);
#3469 = ORIENTED_EDGE('',*,*,#3461,.T.);
#3470 = ORIENTED_EDGE('',*,*,#3471,.F.);
#3471 = EDGE_CURVE('',#3472,#3462,#3474,.T.);
#3472 = VERTEX_POINT('',#3473);
#3473 = CARTESIAN_POINT('',(-23.2,-89.86893557661,2.));
#3474 = CIRCLE('',#3475,2.75);
#3475 = AXIS2_PLACEMENT_3D('',#3476,#3477,#3478);
#3476 = CARTESIAN_POINT('',(-24.,-92.5,2.));
#3477 = DIRECTION('',(0.,0.,-1.));
#3478 = DIRECTION('',(1.,0.,0.));
#3479 = ORIENTED_EDGE('',*,*,#3480,.F.);
#3480 = EDGE_CURVE('',#3481,#3472,#3483,.T.);
#3481 = VERTEX_POINT('',#3482);
#3482 = CARTESIAN_POINT('',(-24.8,-89.86893557661,2.));
#3483 = B_SPLINE_CURVE_WITH_KNOTS('',8,(#3484,#3485,#3486,#3487,#3488,
    #3489,#3490,#3491,#3492,#3493,#3494,#3495,#3496,#3497,#3498,#3499,
    #3500,#3501,#3502,#3503,#3504,#3505,#3506),.UNSPECIFIED.,.F.,.F.,(9,
    7,7,9),(0.,0.388349451788,0.668724390016,1.),.UNSPECIFIED.);
#3484 = CARTESIAN_POINT('',(-24.79999983562,-89.86893552663,
    2.000512836963));
#3485 = CARTESIAN_POINT('',(-24.80007310682,-89.86895780543,
    1.886213447599));
#3486 = CARTESIAN_POINT('',(-24.78148328012,-89.86330510561,
    1.771575957562));
#3487 = CARTESIAN_POINT('',(-24.744041587,-89.85192005317,1.659621947359
    ));
#3488 = CARTESIAN_POINT('',(-24.68788554424,-89.83564323658,
    1.553459586653));
#3489 = CARTESIAN_POINT('',(-24.61350530714,-89.81630487886,
    1.456375869019));
#3490 = CARTESIAN_POINT('',(-24.52190850251,-89.7964193755,
    1.371899710536));
#3491 = CARTESIAN_POINT('',(-24.41471047283,-89.77876250274,
    1.303773646118));
#3492 = CARTESIAN_POINT('',(-24.20771155973,-89.75646660972,
    1.221816978631));
#3493 = CARTESIAN_POINT('',(-24.11482109904,-89.74964624626,
    1.198425865691));
#3494 = CARTESIAN_POINT('',(-24.01813584083,-89.74634226549,
    1.187741640269));
#3495 = CARTESIAN_POINT('',(-23.9203483404,-89.74718390263,
    1.190596650434));
#3496 = CARTESIAN_POINT('',(-23.82425026412,-89.75218066868,
    1.206979454954));
#3497 = CARTESIAN_POINT('',(-23.73254372244,-89.76068607764,
    1.23605112811));
#3498 = CARTESIAN_POINT('',(-23.64764033503,-89.77157378528,
    1.276115083274));
#3499 = CARTESIAN_POINT('',(-23.481184587,-89.79784147221,1.381751113162
    ));
#3500 = CARTESIAN_POINT('',(-23.4021387595,-89.8138201571,1.451205242062
    ));
#3501 = CARTESIAN_POINT('',(-23.33529952322,-89.82993884242,
    1.530420887772));
#3502 = CARTESIAN_POINT('',(-23.28135332941,-89.84462652707,
    1.617158184968));
#3503 = CARTESIAN_POINT('',(-23.24070441318,-89.85655914457,
    1.709354921722));
#3504 = CARTESIAN_POINT('',(-23.21356215161,-89.86481186222,
    1.805093603629));
#3505 = CARTESIAN_POINT('',(-23.2,-89.86893557661,1.902565506221));
#3506 = CARTESIAN_POINT('',(-23.2,-89.86893557661,2.));
#3507 = ORIENTED_EDGE('',*,*,#3508,.F.);
#3508 = EDGE_CURVE('',#3509,#3481,#3511,.T.);
#3509 = VERTEX_POINT('',#3510);
#3510 = CARTESIAN_POINT('',(-24.8,-95.13106442338,2.));
#3511 = CIRCLE('',#3512,2.75);
#3512 = AXIS2_PLACEMENT_3D('',#3513,#3514,#3515);
#3513 = CARTESIAN_POINT('',(-24.,-92.5,2.));
#3514 = DIRECTION('',(0.,0.,-1.));
#3515 = DIRECTION('',(1.,0.,0.));
#3516 = ORIENTED_EDGE('',*,*,#3517,.T.);
#3517 = EDGE_CURVE('',#3509,#3518,#3520,.T.);
#3518 = VERTEX_POINT('',#3519);
#3519 = CARTESIAN_POINT('',(-23.2,-95.13106442338,2.));
#3520 = B_SPLINE_CURVE_WITH_KNOTS('',8,(#3521,#3522,#3523,#3524,#3525,
    #3526,#3527,#3528,#3529,#3530,#3531,#3532,#3533,#3534,#3535,#3536,
    #3537,#3538,#3539,#3540,#3541,#3542,#3543),.UNSPECIFIED.,.F.,.F.,(9,
    7,7,9),(0.,0.388349451787,0.668724390016,1.),.UNSPECIFIED.);
#3521 = CARTESIAN_POINT('',(-24.79999983562,-95.13106447336,
    2.000512836963));
#3522 = CARTESIAN_POINT('',(-24.80007310682,-95.13104219456,
    1.886213447599));
#3523 = CARTESIAN_POINT('',(-24.78148328012,-95.13669489438,
    1.771575957562));
#3524 = CARTESIAN_POINT('',(-24.744041587,-95.14807994683,1.65962194736)
  );
#3525 = CARTESIAN_POINT('',(-24.68788554424,-95.16435676341,
    1.553459586652));
#3526 = CARTESIAN_POINT('',(-24.61350530714,-95.18369512113,
    1.456375869019));
#3527 = CARTESIAN_POINT('',(-24.5219085025,-95.20358062449,
    1.371899710535));
#3528 = CARTESIAN_POINT('',(-24.41471047283,-95.22123749725,
    1.303773646118));
#3529 = CARTESIAN_POINT('',(-24.20771155973,-95.24353339028,
    1.221816978631));
#3530 = CARTESIAN_POINT('',(-24.11482109904,-95.25035375373,
    1.198425865691));
#3531 = CARTESIAN_POINT('',(-24.01813584083,-95.2536577345,
    1.187741640269));
#3532 = CARTESIAN_POINT('',(-23.9203483404,-95.25281609736,
    1.190596650434));
#3533 = CARTESIAN_POINT('',(-23.82425026412,-95.24781933131,
    1.206979454954));
#3534 = CARTESIAN_POINT('',(-23.73254372244,-95.23931392235,
    1.23605112811));
#3535 = CARTESIAN_POINT('',(-23.64764033503,-95.22842621472,
    1.276115083274));
#3536 = CARTESIAN_POINT('',(-23.481184587,-95.20215852778,1.381751113162
    ));
#3537 = CARTESIAN_POINT('',(-23.4021387595,-95.18617984289,
    1.451205242061));
#3538 = CARTESIAN_POINT('',(-23.33529952322,-95.17006115757,
    1.530420887772));
#3539 = CARTESIAN_POINT('',(-23.28135332941,-95.15537347292,
    1.617158184969));
#3540 = CARTESIAN_POINT('',(-23.24070441318,-95.14344085542,
    1.709354921722));
#3541 = CARTESIAN_POINT('',(-23.21356215161,-95.13518813777,
    1.805093603629));
#3542 = CARTESIAN_POINT('',(-23.2,-95.13106442338,1.902565506221));
#3543 = CARTESIAN_POINT('',(-23.2,-95.13106442338,2.));
#3544 = ORIENTED_EDGE('',*,*,#3545,.F.);
#3545 = EDGE_CURVE('',#3462,#3518,#3546,.T.);
#3546 = CIRCLE('',#3547,2.75);
#3547 = AXIS2_PLACEMENT_3D('',#3548,#3549,#3550);
#3548 = CARTESIAN_POINT('',(-24.,-92.5,2.));
#3549 = DIRECTION('',(0.,0.,-1.));
#3550 = DIRECTION('',(1.,0.,0.));
#3551 = CYLINDRICAL_SURFACE('',#3552,2.75);
#3552 = AXIS2_PLACEMENT_3D('',#3553,#3554,#3555);
#3553 = CARTESIAN_POINT('',(-24.,-92.5,0.));
#3554 = DIRECTION('',(-0.,-0.,-1.));
#3555 = DIRECTION('',(1.,0.,0.));
#3556 = ADVANCED_FACE('',(#3557),#3575,.F.);
#3557 = FACE_BOUND('',#3558,.T.);
#3558 = EDGE_LOOP('',(#3559,#3566,#3567,#3568));
#3559 = ORIENTED_EDGE('',*,*,#3560,.F.);
#3560 = EDGE_CURVE('',#531,#3561,#3563,.T.);
#3561 = VERTEX_POINT('',#3562);
#3562 = CARTESIAN_POINT('',(2.75,-92.5,1.25));
#3563 = B_SPLINE_CURVE_WITH_KNOTS('',1,(#3564,#3565),.UNSPECIFIED.,.F.,
  .F.,(2,2),(0.,1.),.PIECEWISE_BEZIER_KNOTS.);
#3564 = CARTESIAN_POINT('',(4.,-92.5,0.));
#3565 = CARTESIAN_POINT('',(2.,-92.5,2.));
#3566 = ORIENTED_EDGE('',*,*,#530,.T.);
#3567 = ORIENTED_EDGE('',*,*,#3560,.T.);
#3568 = ORIENTED_EDGE('',*,*,#3569,.F.);
#3569 = EDGE_CURVE('',#3561,#3561,#3570,.T.);
#3570 = CIRCLE('',#3571,2.75);
#3571 = AXIS2_PLACEMENT_3D('',#3572,#3573,#3574);
#3572 = CARTESIAN_POINT('',(0.,-92.5,1.25));
#3573 = DIRECTION('',(0.,0.,-1.));
#3574 = DIRECTION('',(0.,1.,0.));
#3575 = CONICAL_SURFACE('',#3576,4.,0.785398163397);
#3576 = AXIS2_PLACEMENT_3D('',#3577,#3578,#3579);
#3577 = CARTESIAN_POINT('',(0.,-92.5,0.));
#3578 = DIRECTION('',(-0.,-0.,-1.));
#3579 = DIRECTION('',(1.,0.,0.));
#3580 = ADVANCED_FACE('',(#3581),#3674,.F.);
#3581 = FACE_BOUND('',#3582,.T.);
#3582 = EDGE_LOOP('',(#3583,#3591,#3592,#3593,#3602,#3630,#3639,#3667));
#3583 = ORIENTED_EDGE('',*,*,#3584,.F.);
#3584 = EDGE_CURVE('',#542,#3585,#3587,.T.);
#3585 = VERTEX_POINT('',#3586);
#3586 = CARTESIAN_POINT('',(26.75,-92.5,2.));
#3587 = LINE('',#3588,#3589);
#3588 = CARTESIAN_POINT('',(26.75,-92.5,0.));
#3589 = VECTOR('',#3590,1.);
#3590 = DIRECTION('',(0.,0.,1.));
#3591 = ORIENTED_EDGE('',*,*,#541,.F.);
#3592 = ORIENTED_EDGE('',*,*,#3584,.T.);
#3593 = ORIENTED_EDGE('',*,*,#3594,.F.);
#3594 = EDGE_CURVE('',#3595,#3585,#3597,.T.);
#3595 = VERTEX_POINT('',#3596);
#3596 = CARTESIAN_POINT('',(24.8,-89.86893557661,2.));
#3597 = CIRCLE('',#3598,2.75);
#3598 = AXIS2_PLACEMENT_3D('',#3599,#3600,#3601);
#3599 = CARTESIAN_POINT('',(24.,-92.5,2.));
#3600 = DIRECTION('',(0.,0.,-1.));
#3601 = DIRECTION('',(1.,0.,0.));
#3602 = ORIENTED_EDGE('',*,*,#3603,.F.);
#3603 = EDGE_CURVE('',#3604,#3595,#3606,.T.);
#3604 = VERTEX_POINT('',#3605);
#3605 = CARTESIAN_POINT('',(23.2,-89.86893557661,2.));
#3606 = B_SPLINE_CURVE_WITH_KNOTS('',8,(#3607,#3608,#3609,#3610,#3611,
    #3612,#3613,#3614,#3615,#3616,#3617,#3618,#3619,#3620,#3621,#3622,
    #3623,#3624,#3625,#3626,#3627,#3628,#3629),.UNSPECIFIED.,.F.,.F.,(9,
    7,7,9),(0.,0.388349451788,0.668724390016,1.),.UNSPECIFIED.);
#3607 = CARTESIAN_POINT('',(23.200000164376,-89.86893552663,
    2.000512836963));
#3608 = CARTESIAN_POINT('',(23.199926893171,-89.86895780543,
    1.886213447599));
#3609 = CARTESIAN_POINT('',(23.218516719875,-89.86330510561,
    1.771575957562));
#3610 = CARTESIAN_POINT('',(23.255958412993,-89.85192005317,
    1.659621947359));
#3611 = CARTESIAN_POINT('',(23.312114455758,-89.83564323658,
    1.553459586653));
#3612 = CARTESIAN_POINT('',(23.386494692852,-89.81630487886,
    1.456375869019));
#3613 = CARTESIAN_POINT('',(23.47809149749,-89.7964193755,1.371899710536
    ));
#3614 = CARTESIAN_POINT('',(23.585289527167,-89.77876250274,
    1.303773646118));
#3615 = CARTESIAN_POINT('',(23.792288440268,-89.75646660972,
    1.221816978631));
#3616 = CARTESIAN_POINT('',(23.885178900956,-89.74964624626,
    1.198425865691));
#3617 = CARTESIAN_POINT('',(23.981864159163,-89.74634226549,
    1.187741640269));
#3618 = CARTESIAN_POINT('',(24.079651659594,-89.74718390263,
    1.190596650434));
#3619 = CARTESIAN_POINT('',(24.175749735872,-89.75218066868,
    1.206979454954));
#3620 = CARTESIAN_POINT('',(24.26745627756,-89.76068607764,1.23605112811
    ));
#3621 = CARTESIAN_POINT('',(24.352359664966,-89.77157378528,
    1.276115083274));
#3622 = CARTESIAN_POINT('',(24.518815412998,-89.79784147221,
    1.381751113162));
#3623 = CARTESIAN_POINT('',(24.597861240494,-89.8138201571,
    1.451205242062));
#3624 = CARTESIAN_POINT('',(24.66470047678,-89.82993884242,
    1.530420887772));
#3625 = CARTESIAN_POINT('',(24.718646670585,-89.84462652707,
    1.617158184968));
#3626 = CARTESIAN_POINT('',(24.75929558682,-89.85655914457,
    1.709354921722));
#3627 = CARTESIAN_POINT('',(24.786437848386,-89.86481186222,
    1.805093603629));
#3628 = CARTESIAN_POINT('',(24.8,-89.86893557661,1.902565506221));
#3629 = CARTESIAN_POINT('',(24.8,-89.86893557661,2.));
#3630 = ORIENTED_EDGE('',*,*,#3631,.F.);
#3631 = EDGE_CURVE('',#3632,#3604,#3634,.T.);
#3632 = VERTEX_POINT('',#3633);
#3633 = CARTESIAN_POINT('',(23.2,-95.13106442338,2.));
#3634 = CIRCLE('',#3635,2.75);
#3635 = AXIS2_PLACEMENT_3D('',#3636,#3637,#3638);
#3636 = CARTESIAN_POINT('',(24.,-92.5,2.));
#3637 = DIRECTION('',(0.,0.,-1.));
#3638 = DIRECTION('',(1.,0.,0.));
#3639 = ORIENTED_EDGE('',*,*,#3640,.T.);
#3640 = EDGE_CURVE('',#3632,#3641,#3643,.T.);
#3641 = VERTEX_POINT('',#3642);
#3642 = CARTESIAN_POINT('',(24.8,-95.13106442338,2.));
#3643 = B_SPLINE_CURVE_WITH_KNOTS('',8,(#3644,#3645,#3646,#3647,#3648,
    #3649,#3650,#3651,#3652,#3653,#3654,#3655,#3656,#3657,#3658,#3659,
    #3660,#3661,#3662,#3663,#3664,#3665,#3666),.UNSPECIFIED.,.F.,.F.,(9,
    7,7,9),(0.,0.388349451787,0.668724390016,1.),.UNSPECIFIED.);
#3644 = CARTESIAN_POINT('',(23.200000164376,-95.13106447336,
    2.000512836963));
#3645 = CARTESIAN_POINT('',(23.199926893171,-95.13104219456,
    1.886213447599));
#3646 = CARTESIAN_POINT('',(23.218516719875,-95.13669489438,
    1.771575957562));
#3647 = CARTESIAN_POINT('',(23.255958412993,-95.14807994683,
    1.65962194736));
#3648 = CARTESIAN_POINT('',(23.312114455758,-95.16435676341,
    1.553459586652));
#3649 = CARTESIAN_POINT('',(23.386494692851,-95.18369512113,
    1.456375869019));
#3650 = CARTESIAN_POINT('',(23.478091497491,-95.20358062449,
    1.371899710535));
#3651 = CARTESIAN_POINT('',(23.585289527167,-95.22123749725,
    1.303773646118));
#3652 = CARTESIAN_POINT('',(23.792288440268,-95.24353339028,
    1.221816978631));
#3653 = CARTESIAN_POINT('',(23.885178900955,-95.25035375373,
    1.198425865691));
#3654 = CARTESIAN_POINT('',(23.981864159163,-95.2536577345,
    1.187741640269));
#3655 = CARTESIAN_POINT('',(24.079651659594,-95.25281609736,
    1.190596650434));
#3656 = CARTESIAN_POINT('',(24.175749735872,-95.24781933131,
    1.206979454954));
#3657 = CARTESIAN_POINT('',(24.26745627756,-95.23931392235,1.23605112811
    ));
#3658 = CARTESIAN_POINT('',(24.352359664966,-95.22842621472,
    1.276115083274));
#3659 = CARTESIAN_POINT('',(24.518815412998,-95.20215852778,
    1.381751113162));
#3660 = CARTESIAN_POINT('',(24.597861240494,-95.18617984289,
    1.451205242061));
#3661 = CARTESIAN_POINT('',(24.66470047678,-95.17006115757,
    1.530420887772));
#3662 = CARTESIAN_POINT('',(24.718646670585,-95.15537347292,
    1.617158184969));
#3663 = CARTESIAN_POINT('',(24.759295586819,-95.14344085542,
    1.709354921722));
#3664 = CARTESIAN_POINT('',(24.786437848386,-95.13518813777,
    1.805093603629));
#3665 = CARTESIAN_POINT('',(24.8,-95.13106442338,1.902565506221));
#3666 = CARTESIAN_POINT('',(24.8,-95.13106442338,2.));
#3667 = ORIENTED_EDGE('',*,*,#3668,.F.);
#3668 = EDGE_CURVE('',#3585,#3641,#3669,.T.);
#3669 = CIRCLE('',#3670,2.75);
#3670 = AXIS2_PLACEMENT_3D('',#3671,#3672,#3673);
#3671 = CARTESIAN_POINT('',(24.,-92.5,2.));
#3672 = DIRECTION('',(0.,0.,-1.));
#3673 = DIRECTION('',(1.,0.,0.));
#3674 = CYLINDRICAL_SURFACE('',#3675,2.75);
#3675 = AXIS2_PLACEMENT_3D('',#3676,#3677,#3678);
#3676 = CARTESIAN_POINT('',(24.,-92.5,0.));
#3677 = DIRECTION('',(-0.,-0.,-1.));
#3678 = DIRECTION('',(1.,0.,0.));
#3679 = ADVANCED_FACE('',(#3680),#3705,.F.);
#3680 = FACE_BOUND('',#3681,.F.);
#3681 = EDGE_LOOP('',(#3682,#3690,#3698,#3704));
#3682 = ORIENTED_EDGE('',*,*,#3683,.T.);
#3683 = EDGE_CURVE('',#553,#3684,#3686,.T.);
#3684 = VERTEX_POINT('',#3685);
#3685 = CARTESIAN_POINT('',(2.598076211353,-61.5,1.6));
#3686 = LINE('',#3687,#3688);
#3687 = CARTESIAN_POINT('',(2.598076211353,-61.5,0.));
#3688 = VECTOR('',#3689,1.);
#3689 = DIRECTION('',(0.,0.,1.));
#3690 = ORIENTED_EDGE('',*,*,#3691,.T.);
#3691 = EDGE_CURVE('',#3684,#3692,#3694,.T.);
#3692 = VERTEX_POINT('',#3693);
#3693 = CARTESIAN_POINT('',(0.,-63.,1.6));
#3694 = LINE('',#3695,#3696);
#3695 = CARTESIAN_POINT('',(2.598076211353,-61.5,1.6));
#3696 = VECTOR('',#3697,1.);
#3697 = DIRECTION('',(-0.866025403784,-0.5,0.));
#3698 = ORIENTED_EDGE('',*,*,#3699,.F.);
#3699 = EDGE_CURVE('',#555,#3692,#3700,.T.);
#3700 = LINE('',#3701,#3702);
#3701 = CARTESIAN_POINT('',(0.,-63.,0.));
#3702 = VECTOR('',#3703,1.);
#3703 = DIRECTION('',(0.,0.,1.));
#3704 = ORIENTED_EDGE('',*,*,#552,.F.);
#3705 = PLANE('',#3706);
#3706 = AXIS2_PLACEMENT_3D('',#3707,#3708,#3709);
#3707 = CARTESIAN_POINT('',(2.598076211353,-61.5,0.));
#3708 = DIRECTION('',(0.5,-0.866025403784,0.));
#3709 = DIRECTION('',(-0.866025403784,-0.5,0.));
#3710 = ADVANCED_FACE('',(#3711),#3729,.F.);
#3711 = FACE_BOUND('',#3712,.F.);
#3712 = EDGE_LOOP('',(#3713,#3721,#3727,#3728));
#3713 = ORIENTED_EDGE('',*,*,#3714,.T.);
#3714 = EDGE_CURVE('',#587,#3715,#3717,.T.);
#3715 = VERTEX_POINT('',#3716);
#3716 = CARTESIAN_POINT('',(2.598076211353,-58.5,1.6));
#3717 = LINE('',#3718,#3719);
#3718 = CARTESIAN_POINT('',(2.598076211353,-58.5,0.));
#3719 = VECTOR('',#3720,1.);
#3720 = DIRECTION('',(0.,0.,1.));
#3721 = ORIENTED_EDGE('',*,*,#3722,.T.);
#3722 = EDGE_CURVE('',#3715,#3684,#3723,.T.);
#3723 = LINE('',#3724,#3725);
#3724 = CARTESIAN_POINT('',(2.598076211353,-58.5,1.6));
#3725 = VECTOR('',#3726,1.);
#3726 = DIRECTION('',(0.,-1.,0.));
#3727 = ORIENTED_EDGE('',*,*,#3683,.F.);
#3728 = ORIENTED_EDGE('',*,*,#594,.F.);
#3729 = PLANE('',#3730);
#3730 = AXIS2_PLACEMENT_3D('',#3731,#3732,#3733);
#3731 = CARTESIAN_POINT('',(2.598076211353,-58.5,0.));
#3732 = DIRECTION('',(1.,0.,0.));
#3733 = DIRECTION('',(0.,-1.,0.));
#3734 = ADVANCED_FACE('',(#3735),#3753,.F.);
#3735 = FACE_BOUND('',#3736,.F.);
#3736 = EDGE_LOOP('',(#3737,#3738,#3746,#3752));
#3737 = ORIENTED_EDGE('',*,*,#3699,.T.);
#3738 = ORIENTED_EDGE('',*,*,#3739,.T.);
#3739 = EDGE_CURVE('',#3692,#3740,#3742,.T.);
#3740 = VERTEX_POINT('',#3741);
#3741 = CARTESIAN_POINT('',(-2.598076211353,-61.5,1.6));
#3742 = LINE('',#3743,#3744);
#3743 = CARTESIAN_POINT('',(0.,-63.,1.6));
#3744 = VECTOR('',#3745,1.);
#3745 = DIRECTION('',(-0.866025403784,0.5,-0.));
#3746 = ORIENTED_EDGE('',*,*,#3747,.F.);
#3747 = EDGE_CURVE('',#563,#3740,#3748,.T.);
#3748 = LINE('',#3749,#3750);
#3749 = CARTESIAN_POINT('',(-2.598076211353,-61.5,0.));
#3750 = VECTOR('',#3751,1.);
#3751 = DIRECTION('',(0.,0.,1.));
#3752 = ORIENTED_EDGE('',*,*,#562,.F.);
#3753 = PLANE('',#3754);
#3754 = AXIS2_PLACEMENT_3D('',#3755,#3756,#3757);
#3755 = CARTESIAN_POINT('',(0.,-63.,0.));
#3756 = DIRECTION('',(-0.5,-0.866025403784,0.));
#3757 = DIRECTION('',(-0.866025403784,0.5,0.));
#3758 = ADVANCED_FACE('',(#3759),#3777,.F.);
#3759 = FACE_BOUND('',#3760,.F.);
#3760 = EDGE_LOOP('',(#3761,#3769,#3775,#3776));
#3761 = ORIENTED_EDGE('',*,*,#3762,.T.);
#3762 = EDGE_CURVE('',#579,#3763,#3765,.T.);
#3763 = VERTEX_POINT('',#3764);
#3764 = CARTESIAN_POINT('',(0.,-57.,1.6));
#3765 = LINE('',#3766,#3767);
#3766 = CARTESIAN_POINT('',(0.,-57.,0.));
#3767 = VECTOR('',#3768,1.);
#3768 = DIRECTION('',(0.,0.,1.));
#3769 = ORIENTED_EDGE('',*,*,#3770,.T.);
#3770 = EDGE_CURVE('',#3763,#3715,#3771,.T.);
#3771 = LINE('',#3772,#3773);
#3772 = CARTESIAN_POINT('',(0.,-57.,1.6));
#3773 = VECTOR('',#3774,1.);
#3774 = DIRECTION('',(0.866025403784,-0.5,0.));
#3775 = ORIENTED_EDGE('',*,*,#3714,.F.);
#3776 = ORIENTED_EDGE('',*,*,#586,.F.);
#3777 = PLANE('',#3778);
#3778 = AXIS2_PLACEMENT_3D('',#3779,#3780,#3781);
#3779 = CARTESIAN_POINT('',(0.,-57.,0.));
#3780 = DIRECTION('',(0.5,0.866025403784,0.));
#3781 = DIRECTION('',(0.866025403784,-0.5,0.));
#3782 = ADVANCED_FACE('',(#3783),#3801,.F.);
#3783 = FACE_BOUND('',#3784,.F.);
#3784 = EDGE_LOOP('',(#3785,#3786,#3794,#3800));
#3785 = ORIENTED_EDGE('',*,*,#3747,.T.);
#3786 = ORIENTED_EDGE('',*,*,#3787,.T.);
#3787 = EDGE_CURVE('',#3740,#3788,#3790,.T.);
#3788 = VERTEX_POINT('',#3789);
#3789 = CARTESIAN_POINT('',(-2.598076211353,-58.5,1.6));
#3790 = LINE('',#3791,#3792);
#3791 = CARTESIAN_POINT('',(-2.598076211353,-61.5,1.6));
#3792 = VECTOR('',#3793,1.);
#3793 = DIRECTION('',(0.,1.,0.));
#3794 = ORIENTED_EDGE('',*,*,#3795,.F.);
#3795 = EDGE_CURVE('',#571,#3788,#3796,.T.);
#3796 = LINE('',#3797,#3798);
#3797 = CARTESIAN_POINT('',(-2.598076211353,-58.5,0.));
#3798 = VECTOR('',#3799,1.);
#3799 = DIRECTION('',(0.,0.,1.));
#3800 = ORIENTED_EDGE('',*,*,#570,.F.);
#3801 = PLANE('',#3802);
#3802 = AXIS2_PLACEMENT_3D('',#3803,#3804,#3805);
#3803 = CARTESIAN_POINT('',(-2.598076211353,-61.5,0.));
#3804 = DIRECTION('',(-1.,0.,0.));
#3805 = DIRECTION('',(0.,1.,0.));
#3806 = ADVANCED_FACE('',(#3807),#3818,.F.);
#3807 = FACE_BOUND('',#3808,.F.);
#3808 = EDGE_LOOP('',(#3809,#3810,#3816,#3817));
#3809 = ORIENTED_EDGE('',*,*,#3795,.T.);
#3810 = ORIENTED_EDGE('',*,*,#3811,.T.);
#3811 = EDGE_CURVE('',#3788,#3763,#3812,.T.);
#3812 = LINE('',#3813,#3814);
#3813 = CARTESIAN_POINT('',(-2.598076211353,-58.5,1.6));
#3814 = VECTOR('',#3815,1.);
#3815 = DIRECTION('',(0.866025403784,0.5,0.));
#3816 = ORIENTED_EDGE('',*,*,#3762,.F.);
#3817 = ORIENTED_EDGE('',*,*,#578,.F.);
#3818 = PLANE('',#3819);
#3819 = AXIS2_PLACEMENT_3D('',#3820,#3821,#3822);
#3820 = CARTESIAN_POINT('',(-2.598076211353,-58.5,0.));
#3821 = DIRECTION('',(-0.5,0.866025403784,0.));
#3822 = DIRECTION('',(0.866025403784,0.5,0.));
#3823 = ADVANCED_FACE('',(#3824),#3840,.F.);
#3824 = FACE_BOUND('',#3825,.F.);
#3825 = EDGE_LOOP('',(#3826,#3827,#3833,#3834));
#3826 = ORIENTED_EDGE('',*,*,#1905,.F.);
#3827 = ORIENTED_EDGE('',*,*,#3828,.T.);
#3828 = EDGE_CURVE('',#1847,#603,#3829,.T.);
#3829 = LINE('',#3830,#3831);
#3830 = CARTESIAN_POINT('',(18.000000000001,-60.,4.));
#3831 = VECTOR('',#3832,1.);
#3832 = DIRECTION('',(-0.,-0.,-1.));
#3833 = ORIENTED_EDGE('',*,*,#602,.T.);
#3834 = ORIENTED_EDGE('',*,*,#3835,.F.);
#3835 = EDGE_CURVE('',#1898,#605,#3836,.T.);
#3836 = LINE('',#3837,#3838);
#3837 = CARTESIAN_POINT('',(21.500000000002,-63.5,4.));
#3838 = VECTOR('',#3839,1.);
#3839 = DIRECTION('',(-0.,-0.,-1.));
#3840 = CYLINDRICAL_SURFACE('',#3841,3.5);
#3841 = AXIS2_PLACEMENT_3D('',#3842,#3843,#3844);
#3842 = CARTESIAN_POINT('',(21.500000000001,-60.,4.));
#3843 = DIRECTION('',(0.,0.,1.));
#3844 = DIRECTION('',(1.,0.,0.));
#3845 = ADVANCED_FACE('',(#3846),#3857,.F.);
#3846 = FACE_BOUND('',#3847,.F.);
#3847 = EDGE_LOOP('',(#3848,#3849,#3855,#3856));
#3848 = ORIENTED_EDGE('',*,*,#1844,.F.);
#3849 = ORIENTED_EDGE('',*,*,#3850,.T.);
#3850 = EDGE_CURVE('',#1845,#614,#3851,.T.);
#3851 = LINE('',#3852,#3853);
#3852 = CARTESIAN_POINT('',(18.000000000001,-40.,4.));
#3853 = VECTOR('',#3854,1.);
#3854 = DIRECTION('',(-0.,-0.,-1.));
#3855 = ORIENTED_EDGE('',*,*,#613,.F.);
#3856 = ORIENTED_EDGE('',*,*,#3828,.F.);
#3857 = PLANE('',#3858);
#3858 = AXIS2_PLACEMENT_3D('',#3859,#3860,#3861);
#3859 = CARTESIAN_POINT('',(18.000000000001,-40.,4.));
#3860 = DIRECTION('',(-1.,0.,0.));
#3861 = DIRECTION('',(0.,-1.,0.));
#3862 = ADVANCED_FACE('',(#3863),#3874,.F.);
#3863 = FACE_BOUND('',#3864,.F.);
#3864 = EDGE_LOOP('',(#3865,#3866,#3867,#3868));
#3865 = ORIENTED_EDGE('',*,*,#1897,.F.);
#3866 = ORIENTED_EDGE('',*,*,#3835,.T.);
#3867 = ORIENTED_EDGE('',*,*,#664,.F.);
#3868 = ORIENTED_EDGE('',*,*,#3869,.F.);
#3869 = EDGE_CURVE('',#1889,#656,#3870,.T.);
#3870 = LINE('',#3871,#3872);
#3871 = CARTESIAN_POINT('',(36.500000000002,-63.5,4.));
#3872 = VECTOR('',#3873,1.);
#3873 = DIRECTION('',(-0.,-0.,-1.));
#3874 = PLANE('',#3875);
#3875 = AXIS2_PLACEMENT_3D('',#3876,#3877,#3878);
#3876 = CARTESIAN_POINT('',(21.500000000002,-63.5,4.));
#3877 = DIRECTION('',(0.,-1.,0.));
#3878 = DIRECTION('',(1.,0.,0.));
#3879 = ADVANCED_FACE('',(#3880),#3891,.F.);
#3880 = FACE_BOUND('',#3881,.F.);
#3881 = EDGE_LOOP('',(#3882,#3883,#3889,#3890));
#3882 = ORIENTED_EDGE('',*,*,#1854,.F.);
#3883 = ORIENTED_EDGE('',*,*,#3884,.T.);
#3884 = EDGE_CURVE('',#1855,#622,#3885,.T.);
#3885 = LINE('',#3886,#3887);
#3886 = CARTESIAN_POINT('',(21.500000000001,-36.5,4.));
#3887 = VECTOR('',#3888,1.);
#3888 = DIRECTION('',(-0.,-0.,-1.));
#3889 = ORIENTED_EDGE('',*,*,#621,.T.);
#3890 = ORIENTED_EDGE('',*,*,#3850,.F.);
#3891 = CYLINDRICAL_SURFACE('',#3892,3.5);
#3892 = AXIS2_PLACEMENT_3D('',#3893,#3894,#3895);
#3893 = CARTESIAN_POINT('',(21.500000000001,-40.,4.));
#3894 = DIRECTION('',(0.,0.,1.));
#3895 = DIRECTION('',(1.,0.,0.));
#3896 = ADVANCED_FACE('',(#3897),#3908,.F.);
#3897 = FACE_BOUND('',#3898,.F.);
#3898 = EDGE_LOOP('',(#3899,#3900,#3901,#3902));
#3899 = ORIENTED_EDGE('',*,*,#1888,.F.);
#3900 = ORIENTED_EDGE('',*,*,#3869,.T.);
#3901 = ORIENTED_EDGE('',*,*,#655,.T.);
#3902 = ORIENTED_EDGE('',*,*,#3903,.F.);
#3903 = EDGE_CURVE('',#1881,#648,#3904,.T.);
#3904 = LINE('',#3905,#3906);
#3905 = CARTESIAN_POINT('',(40.000000000002,-60.,4.));
#3906 = VECTOR('',#3907,1.);
#3907 = DIRECTION('',(-0.,-0.,-1.));
#3908 = CYLINDRICAL_SURFACE('',#3909,3.5);
#3909 = AXIS2_PLACEMENT_3D('',#3910,#3911,#3912);
#3910 = CARTESIAN_POINT('',(36.500000000002,-60.,4.));
#3911 = DIRECTION('',(0.,0.,1.));
#3912 = DIRECTION('',(1.,0.,0.));
#3913 = ADVANCED_FACE('',(#3914),#3925,.F.);
#3914 = FACE_BOUND('',#3915,.F.);
#3915 = EDGE_LOOP('',(#3916,#3917,#3923,#3924));
#3916 = ORIENTED_EDGE('',*,*,#1863,.F.);
#3917 = ORIENTED_EDGE('',*,*,#3918,.T.);
#3918 = EDGE_CURVE('',#1864,#631,#3919,.T.);
#3919 = LINE('',#3920,#3921);
#3920 = CARTESIAN_POINT('',(36.500000000002,-36.5,4.));
#3921 = VECTOR('',#3922,1.);
#3922 = DIRECTION('',(-0.,-0.,-1.));
#3923 = ORIENTED_EDGE('',*,*,#630,.F.);
#3924 = ORIENTED_EDGE('',*,*,#3884,.F.);
#3925 = PLANE('',#3926);
#3926 = AXIS2_PLACEMENT_3D('',#3927,#3928,#3929);
#3927 = CARTESIAN_POINT('',(36.500000000002,-36.5,4.));
#3928 = DIRECTION('',(0.,1.,0.));
#3929 = DIRECTION('',(-1.,0.,0.));
#3930 = ADVANCED_FACE('',(#3931),#3942,.F.);
#3931 = FACE_BOUND('',#3932,.F.);
#3932 = EDGE_LOOP('',(#3933,#3934,#3935,#3936));
#3933 = ORIENTED_EDGE('',*,*,#1880,.F.);
#3934 = ORIENTED_EDGE('',*,*,#3903,.T.);
#3935 = ORIENTED_EDGE('',*,*,#647,.F.);
#3936 = ORIENTED_EDGE('',*,*,#3937,.F.);
#3937 = EDGE_CURVE('',#1872,#639,#3938,.T.);
#3938 = LINE('',#3939,#3940);
#3939 = CARTESIAN_POINT('',(40.000000000002,-40.,4.));
#3940 = VECTOR('',#3941,1.);
#3941 = DIRECTION('',(-0.,-0.,-1.));
#3942 = PLANE('',#3943);
#3943 = AXIS2_PLACEMENT_3D('',#3944,#3945,#3946);
#3944 = CARTESIAN_POINT('',(40.000000000002,-60.,4.));
#3945 = DIRECTION('',(1.,0.,0.));
#3946 = DIRECTION('',(0.,1.,0.));
#3947 = ADVANCED_FACE('',(#3948),#3954,.F.);
#3948 = FACE_BOUND('',#3949,.F.);
#3949 = EDGE_LOOP('',(#3950,#3951,#3952,#3953));
#3950 = ORIENTED_EDGE('',*,*,#1871,.F.);
#3951 = ORIENTED_EDGE('',*,*,#3937,.T.);
#3952 = ORIENTED_EDGE('',*,*,#638,.T.);
#3953 = ORIENTED_EDGE('',*,*,#3918,.F.);
#3954 = CYLINDRICAL_SURFACE('',#3955,3.5);
#3955 = AXIS2_PLACEMENT_3D('',#3956,#3957,#3958);
#3956 = CARTESIAN_POINT('',(36.500000000002,-40.,4.));
#3957 = DIRECTION('',(0.,0.,1.));
#3958 = DIRECTION('',(1.,0.,0.));
#3959 = ADVANCED_FACE('',(#3960),#3985,.F.);
#3960 = FACE_BOUND('',#3961,.F.);
#3961 = EDGE_LOOP('',(#3962,#3970,#3978,#3984));
#3962 = ORIENTED_EDGE('',*,*,#3963,.T.);
#3963 = EDGE_CURVE('',#673,#3964,#3966,.T.);
#3964 = VERTEX_POINT('',#3965);
#3965 = CARTESIAN_POINT('',(2.598076211353,-41.5,1.6));
#3966 = LINE('',#3967,#3968);
#3967 = CARTESIAN_POINT('',(2.598076211353,-41.5,0.));
#3968 = VECTOR('',#3969,1.);
#3969 = DIRECTION('',(0.,0.,1.));
#3970 = ORIENTED_EDGE('',*,*,#3971,.T.);
#3971 = EDGE_CURVE('',#3964,#3972,#3974,.T.);
#3972 = VERTEX_POINT('',#3973);
#3973 = CARTESIAN_POINT('',(0.,-43.,1.6));
#3974 = LINE('',#3975,#3976);
#3975 = CARTESIAN_POINT('',(2.598076211353,-41.5,1.6));
#3976 = VECTOR('',#3977,1.);
#3977 = DIRECTION('',(-0.866025403784,-0.5,0.));
#3978 = ORIENTED_EDGE('',*,*,#3979,.F.);
#3979 = EDGE_CURVE('',#675,#3972,#3980,.T.);
#3980 = LINE('',#3981,#3982);
#3981 = CARTESIAN_POINT('',(0.,-43.,0.));
#3982 = VECTOR('',#3983,1.);
#3983 = DIRECTION('',(0.,0.,1.));
#3984 = ORIENTED_EDGE('',*,*,#672,.F.);
#3985 = PLANE('',#3986);
#3986 = AXIS2_PLACEMENT_3D('',#3987,#3988,#3989);
#3987 = CARTESIAN_POINT('',(2.598076211353,-41.5,0.));
#3988 = DIRECTION('',(0.5,-0.866025403784,0.));
#3989 = DIRECTION('',(-0.866025403784,-0.5,0.));
#3990 = ADVANCED_FACE('',(#3991),#4009,.F.);
#3991 = FACE_BOUND('',#3992,.F.);
#3992 = EDGE_LOOP('',(#3993,#4001,#4007,#4008));
#3993 = ORIENTED_EDGE('',*,*,#3994,.T.);
#3994 = EDGE_CURVE('',#707,#3995,#3997,.T.);
#3995 = VERTEX_POINT('',#3996);
#3996 = CARTESIAN_POINT('',(2.598076211353,-38.5,1.6));
#3997 = LINE('',#3998,#3999);
#3998 = CARTESIAN_POINT('',(2.598076211353,-38.5,0.));
#3999 = VECTOR('',#4000,1.);
#4000 = DIRECTION('',(0.,0.,1.));
#4001 = ORIENTED_EDGE('',*,*,#4002,.T.);
#4002 = EDGE_CURVE('',#3995,#3964,#4003,.T.);
#4003 = LINE('',#4004,#4005);
#4004 = CARTESIAN_POINT('',(2.598076211353,-38.5,1.6));
#4005 = VECTOR('',#4006,1.);
#4006 = DIRECTION('',(0.,-1.,0.));
#4007 = ORIENTED_EDGE('',*,*,#3963,.F.);
#4008 = ORIENTED_EDGE('',*,*,#714,.F.);
#4009 = PLANE('',#4010);
#4010 = AXIS2_PLACEMENT_3D('',#4011,#4012,#4013);
#4011 = CARTESIAN_POINT('',(2.598076211353,-38.5,0.));
#4012 = DIRECTION('',(1.,0.,0.));
#4013 = DIRECTION('',(0.,-1.,0.));
#4014 = ADVANCED_FACE('',(#4015),#4033,.F.);
#4015 = FACE_BOUND('',#4016,.F.);
#4016 = EDGE_LOOP('',(#4017,#4018,#4026,#4032));
#4017 = ORIENTED_EDGE('',*,*,#3979,.T.);
#4018 = ORIENTED_EDGE('',*,*,#4019,.T.);
#4019 = EDGE_CURVE('',#3972,#4020,#4022,.T.);
#4020 = VERTEX_POINT('',#4021);
#4021 = CARTESIAN_POINT('',(-2.598076211353,-41.5,1.6));
#4022 = LINE('',#4023,#4024);
#4023 = CARTESIAN_POINT('',(0.,-43.,1.6));
#4024 = VECTOR('',#4025,1.);
#4025 = DIRECTION('',(-0.866025403784,0.5,-0.));
#4026 = ORIENTED_EDGE('',*,*,#4027,.F.);
#4027 = EDGE_CURVE('',#683,#4020,#4028,.T.);
#4028 = LINE('',#4029,#4030);
#4029 = CARTESIAN_POINT('',(-2.598076211353,-41.5,0.));
#4030 = VECTOR('',#4031,1.);
#4031 = DIRECTION('',(0.,0.,1.));
#4032 = ORIENTED_EDGE('',*,*,#682,.F.);
#4033 = PLANE('',#4034);
#4034 = AXIS2_PLACEMENT_3D('',#4035,#4036,#4037);
#4035 = CARTESIAN_POINT('',(0.,-43.,0.));
#4036 = DIRECTION('',(-0.5,-0.866025403784,0.));
#4037 = DIRECTION('',(-0.866025403784,0.5,0.));
#4038 = ADVANCED_FACE('',(#4039),#4057,.F.);
#4039 = FACE_BOUND('',#4040,.F.);
#4040 = EDGE_LOOP('',(#4041,#4049,#4055,#4056));
#4041 = ORIENTED_EDGE('',*,*,#4042,.T.);
#4042 = EDGE_CURVE('',#699,#4043,#4045,.T.);
#4043 = VERTEX_POINT('',#4044);
#4044 = CARTESIAN_POINT('',(0.,-37.,1.6));
#4045 = LINE('',#4046,#4047);
#4046 = CARTESIAN_POINT('',(0.,-37.,0.));
#4047 = VECTOR('',#4048,1.);
#4048 = DIRECTION('',(0.,0.,1.));
#4049 = ORIENTED_EDGE('',*,*,#4050,.T.);
#4050 = EDGE_CURVE('',#4043,#3995,#4051,.T.);
#4051 = LINE('',#4052,#4053);
#4052 = CARTESIAN_POINT('',(0.,-37.,1.6));
#4053 = VECTOR('',#4054,1.);
#4054 = DIRECTION('',(0.866025403784,-0.5,0.));
#4055 = ORIENTED_EDGE('',*,*,#3994,.F.);
#4056 = ORIENTED_EDGE('',*,*,#706,.F.);
#4057 = PLANE('',#4058);
#4058 = AXIS2_PLACEMENT_3D('',#4059,#4060,#4061);
#4059 = CARTESIAN_POINT('',(0.,-37.,0.));
#4060 = DIRECTION('',(0.5,0.866025403784,0.));
#4061 = DIRECTION('',(0.866025403784,-0.5,0.));
#4062 = ADVANCED_FACE('',(#4063),#4081,.F.);
#4063 = FACE_BOUND('',#4064,.F.);
#4064 = EDGE_LOOP('',(#4065,#4066,#4074,#4080));
#4065 = ORIENTED_EDGE('',*,*,#4027,.T.);
#4066 = ORIENTED_EDGE('',*,*,#4067,.T.);
#4067 = EDGE_CURVE('',#4020,#4068,#4070,.T.);
#4068 = VERTEX_POINT('',#4069);
#4069 = CARTESIAN_POINT('',(-2.598076211353,-38.5,1.6));
#4070 = LINE('',#4071,#4072);
#4071 = CARTESIAN_POINT('',(-2.598076211353,-41.5,1.6));
#4072 = VECTOR('',#4073,1.);
#4073 = DIRECTION('',(0.,1.,0.));
#4074 = ORIENTED_EDGE('',*,*,#4075,.F.);
#4075 = EDGE_CURVE('',#691,#4068,#4076,.T.);
#4076 = LINE('',#4077,#4078);
#4077 = CARTESIAN_POINT('',(-2.598076211353,-38.5,0.));
#4078 = VECTOR('',#4079,1.);
#4079 = DIRECTION('',(0.,0.,1.));
#4080 = ORIENTED_EDGE('',*,*,#690,.F.);
#4081 = PLANE('',#4082);
#4082 = AXIS2_PLACEMENT_3D('',#4083,#4084,#4085);
#4083 = CARTESIAN_POINT('',(-2.598076211353,-41.5,0.));
#4084 = DIRECTION('',(-1.,0.,0.));
#4085 = DIRECTION('',(0.,1.,0.));
#4086 = ADVANCED_FACE('',(#4087),#4098,.F.);
#4087 = FACE_BOUND('',#4088,.F.);
#4088 = EDGE_LOOP('',(#4089,#4090,#4096,#4097));
#4089 = ORIENTED_EDGE('',*,*,#4075,.T.);
#4090 = ORIENTED_EDGE('',*,*,#4091,.T.);
#4091 = EDGE_CURVE('',#4068,#4043,#4092,.T.);
#4092 = LINE('',#4093,#4094);
#4093 = CARTESIAN_POINT('',(-2.598076211353,-38.5,1.6));
#4094 = VECTOR('',#4095,1.);
#4095 = DIRECTION('',(0.866025403784,0.5,0.));
#4096 = ORIENTED_EDGE('',*,*,#4042,.F.);
#4097 = ORIENTED_EDGE('',*,*,#698,.F.);
#4098 = PLANE('',#4099);
#4099 = AXIS2_PLACEMENT_3D('',#4100,#4101,#4102);
#4100 = CARTESIAN_POINT('',(-2.598076211353,-38.5,0.));
#4101 = DIRECTION('',(-0.5,0.866025403784,0.));
#4102 = DIRECTION('',(0.866025403784,0.5,0.));
#4103 = ADVANCED_FACE('',(#4104),#4120,.F.);
#4104 = FACE_BOUND('',#4105,.F.);
#4105 = EDGE_LOOP('',(#4106,#4107,#4113,#4114));
#4106 = ORIENTED_EDGE('',*,*,#1986,.F.);
#4107 = ORIENTED_EDGE('',*,*,#4108,.T.);
#4108 = EDGE_CURVE('',#1928,#723,#4109,.T.);
#4109 = LINE('',#4110,#4111);
#4110 = CARTESIAN_POINT('',(-28.,-27.5,4.));
#4111 = VECTOR('',#4112,1.);
#4112 = DIRECTION('',(-0.,-0.,-1.));
#4113 = ORIENTED_EDGE('',*,*,#722,.T.);
#4114 = ORIENTED_EDGE('',*,*,#4115,.F.);
#4115 = EDGE_CURVE('',#1979,#725,#4116,.T.);
#4116 = LINE('',#4117,#4118);
#4117 = CARTESIAN_POINT('',(-24.5,-31.,4.));
#4118 = VECTOR('',#4119,1.);
#4119 = DIRECTION('',(-0.,-0.,-1.));
#4120 = CYLINDRICAL_SURFACE('',#4121,3.5);
#4121 = AXIS2_PLACEMENT_3D('',#4122,#4123,#4124);
#4122 = CARTESIAN_POINT('',(-24.5,-27.5,4.));
#4123 = DIRECTION('',(0.,0.,1.));
#4124 = DIRECTION('',(1.,0.,0.));
#4125 = ADVANCED_FACE('',(#4126),#4137,.F.);
#4126 = FACE_BOUND('',#4127,.F.);
#4127 = EDGE_LOOP('',(#4128,#4129,#4135,#4136));
#4128 = ORIENTED_EDGE('',*,*,#1925,.F.);
#4129 = ORIENTED_EDGE('',*,*,#4130,.T.);
#4130 = EDGE_CURVE('',#1926,#734,#4131,.T.);
#4131 = LINE('',#4132,#4133);
#4132 = CARTESIAN_POINT('',(-28.,-10.5,4.));
#4133 = VECTOR('',#4134,1.);
#4134 = DIRECTION('',(-0.,-0.,-1.));
#4135 = ORIENTED_EDGE('',*,*,#733,.F.);
#4136 = ORIENTED_EDGE('',*,*,#4108,.F.);
#4137 = PLANE('',#4138);
#4138 = AXIS2_PLACEMENT_3D('',#4139,#4140,#4141);
#4139 = CARTESIAN_POINT('',(-28.,-10.5,4.));
#4140 = DIRECTION('',(-1.,0.,0.));
#4141 = DIRECTION('',(0.,-1.,0.));
#4142 = ADVANCED_FACE('',(#4143),#4154,.F.);
#4143 = FACE_BOUND('',#4144,.F.);
#4144 = EDGE_LOOP('',(#4145,#4146,#4147,#4148));
#4145 = ORIENTED_EDGE('',*,*,#1978,.F.);
#4146 = ORIENTED_EDGE('',*,*,#4115,.T.);
#4147 = ORIENTED_EDGE('',*,*,#784,.F.);
#4148 = ORIENTED_EDGE('',*,*,#4149,.F.);
#4149 = EDGE_CURVE('',#1970,#776,#4150,.T.);
#4150 = LINE('',#4151,#4152);
#4151 = CARTESIAN_POINT('',(24.5,-31.,4.));
#4152 = VECTOR('',#4153,1.);
#4153 = DIRECTION('',(-0.,-0.,-1.));
#4154 = PLANE('',#4155);
#4155 = AXIS2_PLACEMENT_3D('',#4156,#4157,#4158);
#4156 = CARTESIAN_POINT('',(-24.5,-31.,4.));
#4157 = DIRECTION('',(0.,-1.,0.));
#4158 = DIRECTION('',(1.,0.,0.));
#4159 = ADVANCED_FACE('',(#4160),#4171,.F.);
#4160 = FACE_BOUND('',#4161,.F.);
#4161 = EDGE_LOOP('',(#4162,#4163,#4169,#4170));
#4162 = ORIENTED_EDGE('',*,*,#1935,.F.);
#4163 = ORIENTED_EDGE('',*,*,#4164,.T.);
#4164 = EDGE_CURVE('',#1936,#742,#4165,.T.);
#4165 = LINE('',#4166,#4167);
#4166 = CARTESIAN_POINT('',(-24.5,-7.,4.));
#4167 = VECTOR('',#4168,1.);
#4168 = DIRECTION('',(-0.,-0.,-1.));
#4169 = ORIENTED_EDGE('',*,*,#741,.T.);
#4170 = ORIENTED_EDGE('',*,*,#4130,.F.);
#4171 = CYLINDRICAL_SURFACE('',#4172,3.5);
#4172 = AXIS2_PLACEMENT_3D('',#4173,#4174,#4175);
#4173 = CARTESIAN_POINT('',(-24.5,-10.5,4.));
#4174 = DIRECTION('',(0.,0.,1.));
#4175 = DIRECTION('',(1.,0.,0.));
#4176 = ADVANCED_FACE('',(#4177),#4188,.F.);
#4177 = FACE_BOUND('',#4178,.F.);
#4178 = EDGE_LOOP('',(#4179,#4180,#4181,#4182));
#4179 = ORIENTED_EDGE('',*,*,#1969,.F.);
#4180 = ORIENTED_EDGE('',*,*,#4149,.T.);
#4181 = ORIENTED_EDGE('',*,*,#775,.T.);
#4182 = ORIENTED_EDGE('',*,*,#4183,.F.);
#4183 = EDGE_CURVE('',#1962,#768,#4184,.T.);
#4184 = LINE('',#4185,#4186);
#4185 = CARTESIAN_POINT('',(28.,-27.5,4.));
#4186 = VECTOR('',#4187,1.);
#4187 = DIRECTION('',(-0.,-0.,-1.));
#4188 = CYLINDRICAL_SURFACE('',#4189,3.5);
#4189 = AXIS2_PLACEMENT_3D('',#4190,#4191,#4192);
#4190 = CARTESIAN_POINT('',(24.5,-27.5,4.));
#4191 = DIRECTION('',(0.,0.,1.));
#4192 = DIRECTION('',(1.,0.,0.));
#4193 = ADVANCED_FACE('',(#4194),#4205,.F.);
#4194 = FACE_BOUND('',#4195,.F.);
#4195 = EDGE_LOOP('',(#4196,#4197,#4203,#4204));
#4196 = ORIENTED_EDGE('',*,*,#1944,.F.);
#4197 = ORIENTED_EDGE('',*,*,#4198,.T.);
#4198 = EDGE_CURVE('',#1945,#751,#4199,.T.);
#4199 = LINE('',#4200,#4201);
#4200 = CARTESIAN_POINT('',(24.5,-7.,4.));
#4201 = VECTOR('',#4202,1.);
#4202 = DIRECTION('',(-0.,-0.,-1.));
#4203 = ORIENTED_EDGE('',*,*,#750,.F.);
#4204 = ORIENTED_EDGE('',*,*,#4164,.F.);
#4205 = PLANE('',#4206);
#4206 = AXIS2_PLACEMENT_3D('',#4207,#4208,#4209);
#4207 = CARTESIAN_POINT('',(24.5,-7.,4.));
#4208 = DIRECTION('',(0.,1.,0.));
#4209 = DIRECTION('',(-1.,0.,0.));
#4210 = ADVANCED_FACE('',(#4211),#4222,.F.);
#4211 = FACE_BOUND('',#4212,.F.);
#4212 = EDGE_LOOP('',(#4213,#4214,#4215,#4216));
#4213 = ORIENTED_EDGE('',*,*,#1961,.F.);
#4214 = ORIENTED_EDGE('',*,*,#4183,.T.);
#4215 = ORIENTED_EDGE('',*,*,#767,.F.);
#4216 = ORIENTED_EDGE('',*,*,#4217,.F.);
#4217 = EDGE_CURVE('',#1953,#759,#4218,.T.);
#4218 = LINE('',#4219,#4220);
#4219 = CARTESIAN_POINT('',(28.,-10.5,4.));
#4220 = VECTOR('',#4221,1.);
#4221 = DIRECTION('',(-0.,-0.,-1.));
#4222 = PLANE('',#4223);
#4223 = AXIS2_PLACEMENT_3D('',#4224,#4225,#4226);
#4224 = CARTESIAN_POINT('',(28.,-27.5,4.));
#4225 = DIRECTION('',(1.,0.,0.));
#4226 = DIRECTION('',(0.,1.,0.));
#4227 = ADVANCED_FACE('',(#4228),#4234,.F.);
#4228 = FACE_BOUND('',#4229,.F.);
#4229 = EDGE_LOOP('',(#4230,#4231,#4232,#4233));
#4230 = ORIENTED_EDGE('',*,*,#1952,.F.);
#4231 = ORIENTED_EDGE('',*,*,#4217,.T.);
#4232 = ORIENTED_EDGE('',*,*,#758,.T.);
#4233 = ORIENTED_EDGE('',*,*,#4198,.F.);
#4234 = CYLINDRICAL_SURFACE('',#4235,3.5);
#4235 = AXIS2_PLACEMENT_3D('',#4236,#4237,#4238);
#4236 = CARTESIAN_POINT('',(24.5,-10.5,4.));
#4237 = DIRECTION('',(0.,0.,1.));
#4238 = DIRECTION('',(1.,0.,0.));
#4239 = ADVANCED_FACE('',(#4240),#4256,.F.);
#4240 = FACE_BOUND('',#4241,.F.);
#4241 = EDGE_LOOP('',(#4242,#4243,#4249,#4250));
#4242 = ORIENTED_EDGE('',*,*,#2056,.F.);
#4243 = ORIENTED_EDGE('',*,*,#4244,.T.);
#4244 = EDGE_CURVE('',#1998,#793,#4245,.T.);
#4245 = LINE('',#4246,#4247);
#4246 = CARTESIAN_POINT('',(-69.99999999999,-26.,4.));
#4247 = VECTOR('',#4248,1.);
#4248 = DIRECTION('',(-0.,-0.,-1.));
#4249 = ORIENTED_EDGE('',*,*,#792,.T.);
#4250 = ORIENTED_EDGE('',*,*,#4251,.F.);
#4251 = EDGE_CURVE('',#2049,#795,#4252,.T.);
#4252 = LINE('',#4253,#4254);
#4253 = CARTESIAN_POINT('',(-66.49999999999,-29.5,4.));
#4254 = VECTOR('',#4255,1.);
#4255 = DIRECTION('',(-0.,-0.,-1.));
#4256 = CYLINDRICAL_SURFACE('',#4257,3.5);
#4257 = AXIS2_PLACEMENT_3D('',#4258,#4259,#4260);
#4258 = CARTESIAN_POINT('',(-66.49999999999,-26.,4.));
#4259 = DIRECTION('',(0.,0.,1.));
#4260 = DIRECTION('',(1.,0.,0.));
#4261 = ADVANCED_FACE('',(#4262),#4273,.F.);
#4262 = FACE_BOUND('',#4263,.F.);
#4263 = EDGE_LOOP('',(#4264,#4265,#4271,#4272));
#4264 = ORIENTED_EDGE('',*,*,#1995,.F.);
#4265 = ORIENTED_EDGE('',*,*,#4266,.T.);
#4266 = EDGE_CURVE('',#1996,#804,#4267,.T.);
#4267 = LINE('',#4268,#4269);
#4268 = CARTESIAN_POINT('',(-69.99999999999,26.,4.));
#4269 = VECTOR('',#4270,1.);
#4270 = DIRECTION('',(-0.,-0.,-1.));
#4271 = ORIENTED_EDGE('',*,*,#803,.F.);
#4272 = ORIENTED_EDGE('',*,*,#4244,.F.);
#4273 = PLANE('',#4274);
#4274 = AXIS2_PLACEMENT_3D('',#4275,#4276,#4277);
#4275 = CARTESIAN_POINT('',(-69.99999999999,26.,4.));
#4276 = DIRECTION('',(-1.,0.,0.));
#4277 = DIRECTION('',(0.,-1.,0.));
#4278 = ADVANCED_FACE('',(#4279),#4290,.F.);
#4279 = FACE_BOUND('',#4280,.F.);
#4280 = EDGE_LOOP('',(#4281,#4282,#4283,#4284));
#4281 = ORIENTED_EDGE('',*,*,#2048,.F.);
#4282 = ORIENTED_EDGE('',*,*,#4251,.T.);
#4283 = ORIENTED_EDGE('',*,*,#854,.F.);
#4284 = ORIENTED_EDGE('',*,*,#4285,.F.);
#4285 = EDGE_CURVE('',#2040,#846,#4286,.T.);
#4286 = LINE('',#4287,#4288);
#4287 = CARTESIAN_POINT('',(-46.49999999999,-29.5,4.));
#4288 = VECTOR('',#4289,1.);
#4289 = DIRECTION('',(-0.,-0.,-1.));
#4290 = PLANE('',#4291);
#4291 = AXIS2_PLACEMENT_3D('',#4292,#4293,#4294);
#4292 = CARTESIAN_POINT('',(-66.49999999999,-29.5,4.));
#4293 = DIRECTION('',(0.,-1.,0.));
#4294 = DIRECTION('',(1.,0.,0.));
#4295 = ADVANCED_FACE('',(#4296),#4307,.F.);
#4296 = FACE_BOUND('',#4297,.F.);
#4297 = EDGE_LOOP('',(#4298,#4299,#4305,#4306));
#4298 = ORIENTED_EDGE('',*,*,#2005,.F.);
#4299 = ORIENTED_EDGE('',*,*,#4300,.T.);
#4300 = EDGE_CURVE('',#2006,#812,#4301,.T.);
#4301 = LINE('',#4302,#4303);
#4302 = CARTESIAN_POINT('',(-66.49999999999,29.5,4.));
#4303 = VECTOR('',#4304,1.);
#4304 = DIRECTION('',(-0.,-0.,-1.));
#4305 = ORIENTED_EDGE('',*,*,#811,.T.);
#4306 = ORIENTED_EDGE('',*,*,#4266,.F.);
#4307 = CYLINDRICAL_SURFACE('',#4308,3.5);
#4308 = AXIS2_PLACEMENT_3D('',#4309,#4310,#4311);
#4309 = CARTESIAN_POINT('',(-66.49999999999,26.,4.));
#4310 = DIRECTION('',(0.,0.,1.));
#4311 = DIRECTION('',(1.,0.,0.));
#4312 = ADVANCED_FACE('',(#4313),#4324,.F.);
#4313 = FACE_BOUND('',#4314,.F.);
#4314 = EDGE_LOOP('',(#4315,#4316,#4317,#4318));
#4315 = ORIENTED_EDGE('',*,*,#2039,.F.);
#4316 = ORIENTED_EDGE('',*,*,#4285,.T.);
#4317 = ORIENTED_EDGE('',*,*,#845,.T.);
#4318 = ORIENTED_EDGE('',*,*,#4319,.F.);
#4319 = EDGE_CURVE('',#2032,#838,#4320,.T.);
#4320 = LINE('',#4321,#4322);
#4321 = CARTESIAN_POINT('',(-42.99999999999,-26.,4.));
#4322 = VECTOR('',#4323,1.);
#4323 = DIRECTION('',(-0.,-0.,-1.));
#4324 = CYLINDRICAL_SURFACE('',#4325,3.5);
#4325 = AXIS2_PLACEMENT_3D('',#4326,#4327,#4328);
#4326 = CARTESIAN_POINT('',(-46.49999999999,-26.,4.));
#4327 = DIRECTION('',(0.,0.,1.));
#4328 = DIRECTION('',(1.,0.,0.));
#4329 = ADVANCED_FACE('',(#4330),#4341,.F.);
#4330 = FACE_BOUND('',#4331,.F.);
#4331 = EDGE_LOOP('',(#4332,#4333,#4339,#4340));
#4332 = ORIENTED_EDGE('',*,*,#2014,.F.);
#4333 = ORIENTED_EDGE('',*,*,#4334,.T.);
#4334 = EDGE_CURVE('',#2015,#821,#4335,.T.);
#4335 = LINE('',#4336,#4337);
#4336 = CARTESIAN_POINT('',(-46.49999999999,29.5,4.));
#4337 = VECTOR('',#4338,1.);
#4338 = DIRECTION('',(-0.,-0.,-1.));
#4339 = ORIENTED_EDGE('',*,*,#820,.F.);
#4340 = ORIENTED_EDGE('',*,*,#4300,.F.);
#4341 = PLANE('',#4342);
#4342 = AXIS2_PLACEMENT_3D('',#4343,#4344,#4345);
#4343 = CARTESIAN_POINT('',(-46.49999999999,29.5,4.));
#4344 = DIRECTION('',(0.,1.,0.));
#4345 = DIRECTION('',(-1.,0.,0.));
#4346 = ADVANCED_FACE('',(#4347),#4358,.F.);
#4347 = FACE_BOUND('',#4348,.F.);
#4348 = EDGE_LOOP('',(#4349,#4350,#4351,#4352));
#4349 = ORIENTED_EDGE('',*,*,#2031,.F.);
#4350 = ORIENTED_EDGE('',*,*,#4319,.T.);
#4351 = ORIENTED_EDGE('',*,*,#837,.F.);
#4352 = ORIENTED_EDGE('',*,*,#4353,.F.);
#4353 = EDGE_CURVE('',#2023,#829,#4354,.T.);
#4354 = LINE('',#4355,#4356);
#4355 = CARTESIAN_POINT('',(-42.99999999999,26.,4.));
#4356 = VECTOR('',#4357,1.);
#4357 = DIRECTION('',(-0.,-0.,-1.));
#4358 = PLANE('',#4359);
#4359 = AXIS2_PLACEMENT_3D('',#4360,#4361,#4362);
#4360 = CARTESIAN_POINT('',(-42.99999999999,-26.,4.));
#4361 = DIRECTION('',(1.,0.,0.));
#4362 = DIRECTION('',(0.,1.,0.));
#4363 = ADVANCED_FACE('',(#4364),#4370,.F.);
#4364 = FACE_BOUND('',#4365,.F.);
#4365 = EDGE_LOOP('',(#4366,#4367,#4368,#4369));
#4366 = ORIENTED_EDGE('',*,*,#2022,.F.);
#4367 = ORIENTED_EDGE('',*,*,#4353,.T.);
#4368 = ORIENTED_EDGE('',*,*,#828,.T.);
#4369 = ORIENTED_EDGE('',*,*,#4334,.F.);
#4370 = CYLINDRICAL_SURFACE('',#4371,3.5);
#4371 = AXIS2_PLACEMENT_3D('',#4372,#4373,#4374);
#4372 = CARTESIAN_POINT('',(-46.49999999999,26.,4.));
#4373 = DIRECTION('',(0.,0.,1.));
#4374 = DIRECTION('',(1.,0.,0.));
#4375 = ADVANCED_FACE('',(#4376),#4401,.F.);
#4376 = FACE_BOUND('',#4377,.F.);
#4377 = EDGE_LOOP('',(#4378,#4386,#4394,#4400));
#4378 = ORIENTED_EDGE('',*,*,#4379,.T.);
#4379 = EDGE_CURVE('',#863,#4380,#4382,.T.);
#4380 = VERTEX_POINT('',#4381);
#4381 = CARTESIAN_POINT('',(-23.,2.598076211353,1.6));
#4382 = LINE('',#4383,#4384);
#4383 = CARTESIAN_POINT('',(-23.,2.598076211353,0.));
#4384 = VECTOR('',#4385,1.);
#4385 = DIRECTION('',(0.,0.,1.));
#4386 = ORIENTED_EDGE('',*,*,#4387,.T.);
#4387 = EDGE_CURVE('',#4380,#4388,#4390,.T.);
#4388 = VERTEX_POINT('',#4389);
#4389 = CARTESIAN_POINT('',(-21.5,0.,1.6));
#4390 = LINE('',#4391,#4392);
#4391 = CARTESIAN_POINT('',(-23.,2.598076211353,1.6));
#4392 = VECTOR('',#4393,1.);
#4393 = DIRECTION('',(0.5,-0.866025403784,0.));
#4394 = ORIENTED_EDGE('',*,*,#4395,.F.);
#4395 = EDGE_CURVE('',#865,#4388,#4396,.T.);
#4396 = LINE('',#4397,#4398);
#4397 = CARTESIAN_POINT('',(-21.5,0.,0.));
#4398 = VECTOR('',#4399,1.);
#4399 = DIRECTION('',(0.,0.,1.));
#4400 = ORIENTED_EDGE('',*,*,#862,.F.);
#4401 = PLANE('',#4402);
#4402 = AXIS2_PLACEMENT_3D('',#4403,#4404,#4405);
#4403 = CARTESIAN_POINT('',(-23.,2.598076211353,0.));
#4404 = DIRECTION('',(0.866025403784,0.5,0.));
#4405 = DIRECTION('',(0.5,-0.866025403784,0.));
#4406 = ADVANCED_FACE('',(#4407),#4425,.F.);
#4407 = FACE_BOUND('',#4408,.F.);
#4408 = EDGE_LOOP('',(#4409,#4417,#4423,#4424));
#4409 = ORIENTED_EDGE('',*,*,#4410,.T.);
#4410 = EDGE_CURVE('',#897,#4411,#4413,.T.);
#4411 = VERTEX_POINT('',#4412);
#4412 = CARTESIAN_POINT('',(-26.,2.598076211353,1.6));
#4413 = LINE('',#4414,#4415);
#4414 = CARTESIAN_POINT('',(-26.,2.598076211353,0.));
#4415 = VECTOR('',#4416,1.);
#4416 = DIRECTION('',(0.,0.,1.));
#4417 = ORIENTED_EDGE('',*,*,#4418,.T.);
#4418 = EDGE_CURVE('',#4411,#4380,#4419,.T.);
#4419 = LINE('',#4420,#4421);
#4420 = CARTESIAN_POINT('',(-26.,2.598076211353,1.6));
#4421 = VECTOR('',#4422,1.);
#4422 = DIRECTION('',(1.,0.,0.));
#4423 = ORIENTED_EDGE('',*,*,#4379,.F.);
#4424 = ORIENTED_EDGE('',*,*,#904,.F.);
#4425 = PLANE('',#4426);
#4426 = AXIS2_PLACEMENT_3D('',#4427,#4428,#4429);
#4427 = CARTESIAN_POINT('',(-26.,2.598076211353,0.));
#4428 = DIRECTION('',(0.,1.,0.));
#4429 = DIRECTION('',(1.,0.,0.));
#4430 = ADVANCED_FACE('',(#4431),#4449,.F.);
#4431 = FACE_BOUND('',#4432,.F.);
#4432 = EDGE_LOOP('',(#4433,#4434,#4442,#4448));
#4433 = ORIENTED_EDGE('',*,*,#4395,.T.);
#4434 = ORIENTED_EDGE('',*,*,#4435,.T.);
#4435 = EDGE_CURVE('',#4388,#4436,#4438,.T.);
#4436 = VERTEX_POINT('',#4437);
#4437 = CARTESIAN_POINT('',(-23.,-2.598076211353,1.6));
#4438 = LINE('',#4439,#4440);
#4439 = CARTESIAN_POINT('',(-21.5,0.,1.6));
#4440 = VECTOR('',#4441,1.);
#4441 = DIRECTION('',(-0.5,-0.866025403784,0.));
#4442 = ORIENTED_EDGE('',*,*,#4443,.F.);
#4443 = EDGE_CURVE('',#873,#4436,#4444,.T.);
#4444 = LINE('',#4445,#4446);
#4445 = CARTESIAN_POINT('',(-23.,-2.598076211353,0.));
#4446 = VECTOR('',#4447,1.);
#4447 = DIRECTION('',(0.,0.,1.));
#4448 = ORIENTED_EDGE('',*,*,#872,.F.);
#4449 = PLANE('',#4450);
#4450 = AXIS2_PLACEMENT_3D('',#4451,#4452,#4453);
#4451 = CARTESIAN_POINT('',(-21.5,0.,0.));
#4452 = DIRECTION('',(0.866025403784,-0.5,0.));
#4453 = DIRECTION('',(-0.5,-0.866025403784,0.));
#4454 = ADVANCED_FACE('',(#4455),#4473,.F.);
#4455 = FACE_BOUND('',#4456,.F.);
#4456 = EDGE_LOOP('',(#4457,#4465,#4471,#4472));
#4457 = ORIENTED_EDGE('',*,*,#4458,.T.);
#4458 = EDGE_CURVE('',#889,#4459,#4461,.T.);
#4459 = VERTEX_POINT('',#4460);
#4460 = CARTESIAN_POINT('',(-27.5,0.,1.6));
#4461 = LINE('',#4462,#4463);
#4462 = CARTESIAN_POINT('',(-27.5,0.,0.));
#4463 = VECTOR('',#4464,1.);
#4464 = DIRECTION('',(0.,0.,1.));
#4465 = ORIENTED_EDGE('',*,*,#4466,.T.);
#4466 = EDGE_CURVE('',#4459,#4411,#4467,.T.);
#4467 = LINE('',#4468,#4469);
#4468 = CARTESIAN_POINT('',(-27.5,0.,1.6));
#4469 = VECTOR('',#4470,1.);
#4470 = DIRECTION('',(0.5,0.866025403784,0.));
#4471 = ORIENTED_EDGE('',*,*,#4410,.F.);
#4472 = ORIENTED_EDGE('',*,*,#896,.F.);
#4473 = PLANE('',#4474);
#4474 = AXIS2_PLACEMENT_3D('',#4475,#4476,#4477);
#4475 = CARTESIAN_POINT('',(-27.5,0.,0.));
#4476 = DIRECTION('',(-0.866025403784,0.5,0.));
#4477 = DIRECTION('',(0.5,0.866025403784,0.));
#4478 = ADVANCED_FACE('',(#4479),#4497,.F.);
#4479 = FACE_BOUND('',#4480,.F.);
#4480 = EDGE_LOOP('',(#4481,#4482,#4490,#4496));
#4481 = ORIENTED_EDGE('',*,*,#4443,.T.);
#4482 = ORIENTED_EDGE('',*,*,#4483,.T.);
#4483 = EDGE_CURVE('',#4436,#4484,#4486,.T.);
#4484 = VERTEX_POINT('',#4485);
#4485 = CARTESIAN_POINT('',(-26.,-2.598076211353,1.6));
#4486 = LINE('',#4487,#4488);
#4487 = CARTESIAN_POINT('',(-23.,-2.598076211353,1.6));
#4488 = VECTOR('',#4489,1.);
#4489 = DIRECTION('',(-1.,0.,0.));
#4490 = ORIENTED_EDGE('',*,*,#4491,.F.);
#4491 = EDGE_CURVE('',#881,#4484,#4492,.T.);
#4492 = LINE('',#4493,#4494);
#4493 = CARTESIAN_POINT('',(-26.,-2.598076211353,0.));
#4494 = VECTOR('',#4495,1.);
#4495 = DIRECTION('',(0.,0.,1.));
#4496 = ORIENTED_EDGE('',*,*,#880,.F.);
#4497 = PLANE('',#4498);
#4498 = AXIS2_PLACEMENT_3D('',#4499,#4500,#4501);
#4499 = CARTESIAN_POINT('',(-23.,-2.598076211353,0.));
#4500 = DIRECTION('',(0.,-1.,0.));
#4501 = DIRECTION('',(-1.,0.,0.));
#4502 = ADVANCED_FACE('',(#4503),#4514,.F.);
#4503 = FACE_BOUND('',#4504,.F.);
#4504 = EDGE_LOOP('',(#4505,#4506,#4512,#4513));
#4505 = ORIENTED_EDGE('',*,*,#4491,.T.);
#4506 = ORIENTED_EDGE('',*,*,#4507,.T.);
#4507 = EDGE_CURVE('',#4484,#4459,#4508,.T.);
#4508 = LINE('',#4509,#4510);
#4509 = CARTESIAN_POINT('',(-26.,-2.598076211353,1.6));
#4510 = VECTOR('',#4511,1.);
#4511 = DIRECTION('',(-0.5,0.866025403784,-0.));
#4512 = ORIENTED_EDGE('',*,*,#4458,.F.);
#4513 = ORIENTED_EDGE('',*,*,#888,.F.);
#4514 = PLANE('',#4515);
#4515 = AXIS2_PLACEMENT_3D('',#4516,#4517,#4518);
#4516 = CARTESIAN_POINT('',(-26.,-2.598076211353,0.));
#4517 = DIRECTION('',(-0.866025403784,-0.5,0.));
#4518 = DIRECTION('',(-0.5,0.866025403784,0.));
#4519 = ADVANCED_FACE('',(#4520),#4538,.F.);
#4520 = FACE_BOUND('',#4521,.T.);
#4521 = EDGE_LOOP('',(#4522,#4529,#4530,#4531));
#4522 = ORIENTED_EDGE('',*,*,#4523,.F.);
#4523 = EDGE_CURVE('',#913,#4524,#4526,.T.);
#4524 = VERTEX_POINT('',#4525);
#4525 = CARTESIAN_POINT('',(-32.25,80.,1.25));
#4526 = B_SPLINE_CURVE_WITH_KNOTS('',1,(#4527,#4528),.UNSPECIFIED.,.F.,
  .F.,(2,2),(0.,1.),.PIECEWISE_BEZIER_KNOTS.);
#4527 = CARTESIAN_POINT('',(-31.,80.,0.));
#4528 = CARTESIAN_POINT('',(-33.,80.,2.));
#4529 = ORIENTED_EDGE('',*,*,#912,.T.);
#4530 = ORIENTED_EDGE('',*,*,#4523,.T.);
#4531 = ORIENTED_EDGE('',*,*,#4532,.F.);
#4532 = EDGE_CURVE('',#4524,#4524,#4533,.T.);
#4533 = CIRCLE('',#4534,2.75);
#4534 = AXIS2_PLACEMENT_3D('',#4535,#4536,#4537);
#4535 = CARTESIAN_POINT('',(-35.,80.,1.25));
#4536 = DIRECTION('',(0.,0.,-1.));
#4537 = DIRECTION('',(0.,1.,0.));
#4538 = CONICAL_SURFACE('',#4539,4.,0.785398163397);
#4539 = AXIS2_PLACEMENT_3D('',#4540,#4541,#4542);
#4540 = CARTESIAN_POINT('',(-35.,80.,0.));
#4541 = DIRECTION('',(-0.,-0.,-1.));
#4542 = DIRECTION('',(1.,0.,0.));
#4543 = ADVANCED_FACE('',(#4544),#4569,.F.);
#4544 = FACE_BOUND('',#4545,.F.);
#4545 = EDGE_LOOP('',(#4546,#4554,#4562,#4568));
#4546 = ORIENTED_EDGE('',*,*,#4547,.T.);
#4547 = EDGE_CURVE('',#924,#4548,#4550,.T.);
#4548 = VERTEX_POINT('',#4549);
#4549 = CARTESIAN_POINT('',(-23.,60.598076211353,1.6));
#4550 = LINE('',#4551,#4552);
#4551 = CARTESIAN_POINT('',(-23.,60.598076211353,0.));
#4552 = VECTOR('',#4553,1.);
#4553 = DIRECTION('',(0.,0.,1.));
#4554 = ORIENTED_EDGE('',*,*,#4555,.T.);
#4555 = EDGE_CURVE('',#4548,#4556,#4558,.T.);
#4556 = VERTEX_POINT('',#4557);
#4557 = CARTESIAN_POINT('',(-21.5,58.,1.6));
#4558 = LINE('',#4559,#4560);
#4559 = CARTESIAN_POINT('',(-23.,60.598076211353,1.6));
#4560 = VECTOR('',#4561,1.);
#4561 = DIRECTION('',(0.5,-0.866025403784,0.));
#4562 = ORIENTED_EDGE('',*,*,#4563,.F.);
#4563 = EDGE_CURVE('',#926,#4556,#4564,.T.);
#4564 = LINE('',#4565,#4566);
#4565 = CARTESIAN_POINT('',(-21.5,58.,0.));
#4566 = VECTOR('',#4567,1.);
#4567 = DIRECTION('',(0.,0.,1.));
#4568 = ORIENTED_EDGE('',*,*,#923,.F.);
#4569 = PLANE('',#4570);
#4570 = AXIS2_PLACEMENT_3D('',#4571,#4572,#4573);
#4571 = CARTESIAN_POINT('',(-23.,60.598076211353,0.));
#4572 = DIRECTION('',(0.866025403784,0.5,0.));
#4573 = DIRECTION('',(0.5,-0.866025403784,0.));
#4574 = ADVANCED_FACE('',(#4575),#4593,.F.);
#4575 = FACE_BOUND('',#4576,.F.);
#4576 = EDGE_LOOP('',(#4577,#4585,#4591,#4592));
#4577 = ORIENTED_EDGE('',*,*,#4578,.T.);
#4578 = EDGE_CURVE('',#958,#4579,#4581,.T.);
#4579 = VERTEX_POINT('',#4580);
#4580 = CARTESIAN_POINT('',(-26.,60.598076211353,1.6));
#4581 = LINE('',#4582,#4583);
#4582 = CARTESIAN_POINT('',(-26.,60.598076211353,0.));
#4583 = VECTOR('',#4584,1.);
#4584 = DIRECTION('',(0.,0.,1.));
#4585 = ORIENTED_EDGE('',*,*,#4586,.T.);
#4586 = EDGE_CURVE('',#4579,#4548,#4587,.T.);
#4587 = LINE('',#4588,#4589);
#4588 = CARTESIAN_POINT('',(-26.,60.598076211353,1.6));
#4589 = VECTOR('',#4590,1.);
#4590 = DIRECTION('',(1.,0.,0.));
#4591 = ORIENTED_EDGE('',*,*,#4547,.F.);
#4592 = ORIENTED_EDGE('',*,*,#965,.F.);
#4593 = PLANE('',#4594);
#4594 = AXIS2_PLACEMENT_3D('',#4595,#4596,#4597);
#4595 = CARTESIAN_POINT('',(-26.,60.598076211353,0.));
#4596 = DIRECTION('',(0.,1.,0.));
#4597 = DIRECTION('',(1.,0.,0.));
#4598 = ADVANCED_FACE('',(#4599),#4617,.F.);
#4599 = FACE_BOUND('',#4600,.F.);
#4600 = EDGE_LOOP('',(#4601,#4602,#4610,#4616));
#4601 = ORIENTED_EDGE('',*,*,#4563,.T.);
#4602 = ORIENTED_EDGE('',*,*,#4603,.T.);
#4603 = EDGE_CURVE('',#4556,#4604,#4606,.T.);
#4604 = VERTEX_POINT('',#4605);
#4605 = CARTESIAN_POINT('',(-23.,55.401923788647,1.6));
#4606 = LINE('',#4607,#4608);
#4607 = CARTESIAN_POINT('',(-21.5,58.,1.6));
#4608 = VECTOR('',#4609,1.);
#4609 = DIRECTION('',(-0.5,-0.866025403784,0.));
#4610 = ORIENTED_EDGE('',*,*,#4611,.F.);
#4611 = EDGE_CURVE('',#934,#4604,#4612,.T.);
#4612 = LINE('',#4613,#4614);
#4613 = CARTESIAN_POINT('',(-23.,55.401923788647,0.));
#4614 = VECTOR('',#4615,1.);
#4615 = DIRECTION('',(0.,0.,1.));
#4616 = ORIENTED_EDGE('',*,*,#933,.F.);
#4617 = PLANE('',#4618);
#4618 = AXIS2_PLACEMENT_3D('',#4619,#4620,#4621);
#4619 = CARTESIAN_POINT('',(-21.5,58.,0.));
#4620 = DIRECTION('',(0.866025403784,-0.5,0.));
#4621 = DIRECTION('',(-0.5,-0.866025403784,0.));
#4622 = ADVANCED_FACE('',(#4623),#4641,.F.);
#4623 = FACE_BOUND('',#4624,.F.);
#4624 = EDGE_LOOP('',(#4625,#4633,#4639,#4640));
#4625 = ORIENTED_EDGE('',*,*,#4626,.T.);
#4626 = EDGE_CURVE('',#950,#4627,#4629,.T.);
#4627 = VERTEX_POINT('',#4628);
#4628 = CARTESIAN_POINT('',(-27.5,58.,1.6));
#4629 = LINE('',#4630,#4631);
#4630 = CARTESIAN_POINT('',(-27.5,58.,0.));
#4631 = VECTOR('',#4632,1.);
#4632 = DIRECTION('',(0.,0.,1.));
#4633 = ORIENTED_EDGE('',*,*,#4634,.T.);
#4634 = EDGE_CURVE('',#4627,#4579,#4635,.T.);
#4635 = LINE('',#4636,#4637);
#4636 = CARTESIAN_POINT('',(-27.5,58.,1.6));
#4637 = VECTOR('',#4638,1.);
#4638 = DIRECTION('',(0.5,0.866025403784,0.));
#4639 = ORIENTED_EDGE('',*,*,#4578,.F.);
#4640 = ORIENTED_EDGE('',*,*,#957,.F.);
#4641 = PLANE('',#4642);
#4642 = AXIS2_PLACEMENT_3D('',#4643,#4644,#4645);
#4643 = CARTESIAN_POINT('',(-27.5,58.,0.));
#4644 = DIRECTION('',(-0.866025403784,0.5,0.));
#4645 = DIRECTION('',(0.5,0.866025403784,0.));
#4646 = ADVANCED_FACE('',(#4647),#4665,.F.);
#4647 = FACE_BOUND('',#4648,.F.);
#4648 = EDGE_LOOP('',(#4649,#4650,#4658,#4664));
#4649 = ORIENTED_EDGE('',*,*,#4611,.T.);
#4650 = ORIENTED_EDGE('',*,*,#4651,.T.);
#4651 = EDGE_CURVE('',#4604,#4652,#4654,.T.);
#4652 = VERTEX_POINT('',#4653);
#4653 = CARTESIAN_POINT('',(-26.,55.401923788647,1.6));
#4654 = LINE('',#4655,#4656);
#4655 = CARTESIAN_POINT('',(-23.,55.401923788647,1.6));
#4656 = VECTOR('',#4657,1.);
#4657 = DIRECTION('',(-1.,0.,0.));
#4658 = ORIENTED_EDGE('',*,*,#4659,.F.);
#4659 = EDGE_CURVE('',#942,#4652,#4660,.T.);
#4660 = LINE('',#4661,#4662);
#4661 = CARTESIAN_POINT('',(-26.,55.401923788647,0.));
#4662 = VECTOR('',#4663,1.);
#4663 = DIRECTION('',(0.,0.,1.));
#4664 = ORIENTED_EDGE('',*,*,#941,.F.);
#4665 = PLANE('',#4666);
#4666 = AXIS2_PLACEMENT_3D('',#4667,#4668,#4669);
#4667 = CARTESIAN_POINT('',(-23.,55.401923788647,0.));
#4668 = DIRECTION('',(0.,-1.,0.));
#4669 = DIRECTION('',(-1.,0.,0.));
#4670 = ADVANCED_FACE('',(#4671),#4682,.F.);
#4671 = FACE_BOUND('',#4672,.F.);
#4672 = EDGE_LOOP('',(#4673,#4674,#4680,#4681));
#4673 = ORIENTED_EDGE('',*,*,#4659,.T.);
#4674 = ORIENTED_EDGE('',*,*,#4675,.T.);
#4675 = EDGE_CURVE('',#4652,#4627,#4676,.T.);
#4676 = LINE('',#4677,#4678);
#4677 = CARTESIAN_POINT('',(-26.,55.401923788647,1.6));
#4678 = VECTOR('',#4679,1.);
#4679 = DIRECTION('',(-0.5,0.866025403784,-0.));
#4680 = ORIENTED_EDGE('',*,*,#4626,.F.);
#4681 = ORIENTED_EDGE('',*,*,#949,.F.);
#4682 = PLANE('',#4683);
#4683 = AXIS2_PLACEMENT_3D('',#4684,#4685,#4686);
#4684 = CARTESIAN_POINT('',(-26.,55.401923788647,0.));
#4685 = DIRECTION('',(-0.866025403784,-0.5,0.));
#4686 = DIRECTION('',(-0.5,0.866025403784,0.));
#4687 = ADVANCED_FACE('',(#4688),#4781,.F.);
#4688 = FACE_BOUND('',#4689,.T.);
#4689 = EDGE_LOOP('',(#4690,#4698,#4699,#4700,#4709,#4737,#4746,#4774));
#4690 = ORIENTED_EDGE('',*,*,#4691,.F.);
#4691 = EDGE_CURVE('',#974,#4692,#4694,.T.);
#4692 = VERTEX_POINT('',#4693);
#4693 = CARTESIAN_POINT('',(-18.25,92.5,2.));
#4694 = LINE('',#4695,#4696);
#4695 = CARTESIAN_POINT('',(-18.25,92.5,0.));
#4696 = VECTOR('',#4697,1.);
#4697 = DIRECTION('',(0.,0.,1.));
#4698 = ORIENTED_EDGE('',*,*,#973,.F.);
#4699 = ORIENTED_EDGE('',*,*,#4691,.T.);
#4700 = ORIENTED_EDGE('',*,*,#4701,.F.);
#4701 = EDGE_CURVE('',#4702,#4692,#4704,.T.);
#4702 = VERTEX_POINT('',#4703);
#4703 = CARTESIAN_POINT('',(-20.2,95.131064423385,2.));
#4704 = CIRCLE('',#4705,2.75);
#4705 = AXIS2_PLACEMENT_3D('',#4706,#4707,#4708);
#4706 = CARTESIAN_POINT('',(-21.,92.5,2.));
#4707 = DIRECTION('',(0.,0.,-1.));
#4708 = DIRECTION('',(1.,0.,0.));
#4709 = ORIENTED_EDGE('',*,*,#4710,.T.);
#4710 = EDGE_CURVE('',#4702,#4711,#4713,.T.);
#4711 = VERTEX_POINT('',#4712);
#4712 = CARTESIAN_POINT('',(-21.8,95.131064423385,2.));
#4713 = B_SPLINE_CURVE_WITH_KNOTS('',8,(#4714,#4715,#4716,#4717,#4718,
    #4719,#4720,#4721,#4722,#4723,#4724,#4725,#4726,#4727,#4728,#4729,
    #4730,#4731,#4732,#4733,#4734,#4735,#4736),.UNSPECIFIED.,.F.,.F.,(9,
    7,7,9),(0.,0.426636442019,0.688670209049,1.),.UNSPECIFIED.);
#4714 = CARTESIAN_POINT('',(-20.20000016437,95.131064473365,
    2.000512836963));
#4715 = CARTESIAN_POINT('',(-20.19991997988,95.131040092516,
    1.875429061742));
#4716 = CARTESIAN_POINT('',(-20.22219053086,95.137812339903,
    1.749495584097));
#4717 = CARTESIAN_POINT('',(-20.26733769967,95.151538719246,
    1.626984746435));
#4718 = CARTESIAN_POINT('',(-20.33511076182,95.1710052121,1.512247990383
    ));
#4719 = CARTESIAN_POINT('',(-20.42465354403,95.193441314603,
    1.409807155155));
#4720 = CARTESIAN_POINT('',(-20.53420417225,95.215231526871,
    1.324446181078));
#4721 = CARTESIAN_POINT('',(-20.66108193079,95.232641239495,
    1.261070672778));
#4722 = CARTESIAN_POINT('',(-20.88701322688,95.249029442613,
    1.203061375501));
#4723 = CARTESIAN_POINT('',(-20.97641727673,95.252418998377,
    1.191724316279));
#4724 = CARTESIAN_POINT('',(-21.06725127527,95.252411717059,
    1.191941749113));
#4725 = CARTESIAN_POINT('',(-21.15735095716,95.248815438442,
    1.203913080882));
#4726 = CARTESIAN_POINT('',(-21.24456180695,95.241904065212,
    1.227253849681));
#4727 = CARTESIAN_POINT('',(-21.32686186872,95.232386991333,
    1.260999115922));
#4728 = CARTESIAN_POINT('',(-21.40250261826,95.221252752875,
    1.303580887804));
#4729 = CARTESIAN_POINT('',(-21.55069489898,95.19553427621,
    1.411248882066));
#4730 = CARTESIAN_POINT('',(-21.62096083317,95.180526396331,
    1.479768723496));
#4731 = CARTESIAN_POINT('',(-21.68022836931,95.165804357593,
    1.556327947014));
#4732 = CARTESIAN_POINT('',(-21.7279964618,95.152622739582,
    1.639095550285));
#4733 = CARTESIAN_POINT('',(-21.76396890085,95.142019888425,
    1.726383327485));
#4734 = CARTESIAN_POINT('',(-21.78799008802,95.134716177511,
    1.816618173805));
#4735 = CARTESIAN_POINT('',(-21.8,95.131064423385,1.908310702556));
#4736 = CARTESIAN_POINT('',(-21.8,95.131064423385,2.));
#4737 = ORIENTED_EDGE('',*,*,#4738,.F.);
#4738 = EDGE_CURVE('',#4739,#4711,#4741,.T.);
#4739 = VERTEX_POINT('',#4740);
#4740 = CARTESIAN_POINT('',(-21.8,89.868935576615,2.));
#4741 = CIRCLE('',#4742,2.75);
#4742 = AXIS2_PLACEMENT_3D('',#4743,#4744,#4745);
#4743 = CARTESIAN_POINT('',(-21.,92.5,2.));
#4744 = DIRECTION('',(0.,0.,-1.));
#4745 = DIRECTION('',(1.,0.,0.));
#4746 = ORIENTED_EDGE('',*,*,#4747,.F.);
#4747 = EDGE_CURVE('',#4748,#4739,#4750,.T.);
#4748 = VERTEX_POINT('',#4749);
#4749 = CARTESIAN_POINT('',(-20.2,89.868935576615,2.));
#4750 = B_SPLINE_CURVE_WITH_KNOTS('',8,(#4751,#4752,#4753,#4754,#4755,
    #4756,#4757,#4758,#4759,#4760,#4761,#4762,#4763,#4764,#4765,#4766,
    #4767,#4768,#4769,#4770,#4771,#4772,#4773),.UNSPECIFIED.,.F.,.F.,(9,
    7,7,9),(0.,0.388349451787,0.668724390016,1.),.UNSPECIFIED.);
#4751 = CARTESIAN_POINT('',(-20.20000016437,89.868935526635,
    2.000512836963));
#4752 = CARTESIAN_POINT('',(-20.19992689317,89.868957805433,
    1.886213447599));
#4753 = CARTESIAN_POINT('',(-20.21851671987,89.863305105612,
    1.771575957562));
#4754 = CARTESIAN_POINT('',(-20.25595841299,89.85192005317,
    1.659621947359));
#4755 = CARTESIAN_POINT('',(-20.31211445575,89.835643236581,
    1.553459586653));
#4756 = CARTESIAN_POINT('',(-20.38649469285,89.816304878864,
    1.456375869019));
#4757 = CARTESIAN_POINT('',(-20.47809149749,89.796419375501,
    1.371899710535));
#4758 = CARTESIAN_POINT('',(-20.58528952716,89.778762502743,
    1.303773646118));
#4759 = CARTESIAN_POINT('',(-20.79228844026,89.75646660972,
    1.221816978631));
#4760 = CARTESIAN_POINT('',(-20.88517890095,89.749646246266,
    1.198425865691));
#4761 = CARTESIAN_POINT('',(-20.98186415916,89.746342265497,
    1.187741640269));
#4762 = CARTESIAN_POINT('',(-21.07965165959,89.747183902634,
    1.190596650434));
#4763 = CARTESIAN_POINT('',(-21.17574973587,89.752180668686,
    1.206979454954));
#4764 = CARTESIAN_POINT('',(-21.26745627756,89.760686077649,
    1.23605112811));
#4765 = CARTESIAN_POINT('',(-21.35235966496,89.77157378528,
    1.276115083274));
#4766 = CARTESIAN_POINT('',(-21.51881541299,89.797841472212,
    1.381751113162));
#4767 = CARTESIAN_POINT('',(-21.59786124049,89.813820157109,
    1.451205242061));
#4768 = CARTESIAN_POINT('',(-21.66470047678,89.829938842425,
    1.530420887772));
#4769 = CARTESIAN_POINT('',(-21.71864667058,89.844626527079,
    1.617158184969));
#4770 = CARTESIAN_POINT('',(-21.75929558682,89.856559144578,
    1.709354921722));
#4771 = CARTESIAN_POINT('',(-21.78643784838,89.864811862224,
    1.805093603629));
#4772 = CARTESIAN_POINT('',(-21.8,89.868935576615,1.902565506221));
#4773 = CARTESIAN_POINT('',(-21.8,89.868935576615,2.));
#4774 = ORIENTED_EDGE('',*,*,#4775,.F.);
#4775 = EDGE_CURVE('',#4692,#4748,#4776,.T.);
#4776 = CIRCLE('',#4777,2.75);
#4777 = AXIS2_PLACEMENT_3D('',#4778,#4779,#4780);
#4778 = CARTESIAN_POINT('',(-21.,92.5,2.));
#4779 = DIRECTION('',(0.,0.,-1.));
#4780 = DIRECTION('',(1.,0.,0.));
#4781 = CYLINDRICAL_SURFACE('',#4782,2.75);
#4782 = AXIS2_PLACEMENT_3D('',#4783,#4784,#4785);
#4783 = CARTESIAN_POINT('',(-21.,92.5,0.));
#4784 = DIRECTION('',(-0.,-0.,-1.));
#4785 = DIRECTION('',(1.,0.,0.));
#4786 = ADVANCED_FACE('',(#4787),#4803,.F.);
#4787 = FACE_BOUND('',#4788,.F.);
#4788 = EDGE_LOOP('',(#4789,#4790,#4796,#4797));
#4789 = ORIENTED_EDGE('',*,*,#2181,.F.);
#4790 = ORIENTED_EDGE('',*,*,#4791,.T.);
#4791 = EDGE_CURVE('',#2123,#985,#4792,.T.);
#4792 = LINE('',#4793,#4794);
#4793 = CARTESIAN_POINT('',(-14.8,75.4,4.));
#4794 = VECTOR('',#4795,1.);
#4795 = DIRECTION('',(-0.,-0.,-1.));
#4796 = ORIENTED_EDGE('',*,*,#984,.T.);
#4797 = ORIENTED_EDGE('',*,*,#4798,.F.);
#4798 = EDGE_CURVE('',#2174,#987,#4799,.T.);
#4799 = LINE('',#4800,#4801);
#4800 = CARTESIAN_POINT('',(-14.4,75.,4.));
#4801 = VECTOR('',#4802,1.);
#4802 = DIRECTION('',(-0.,-0.,-1.));
#4803 = CYLINDRICAL_SURFACE('',#4804,0.4);
#4804 = AXIS2_PLACEMENT_3D('',#4805,#4806,#4807);
#4805 = CARTESIAN_POINT('',(-14.4,75.4,4.));
#4806 = DIRECTION('',(0.,0.,1.));
#4807 = DIRECTION('',(1.,0.,0.));
#4808 = ADVANCED_FACE('',(#4809),#4820,.F.);
#4809 = FACE_BOUND('',#4810,.F.);
#4810 = EDGE_LOOP('',(#4811,#4812,#4818,#4819));
#4811 = ORIENTED_EDGE('',*,*,#2120,.F.);
#4812 = ORIENTED_EDGE('',*,*,#4813,.T.);
#4813 = EDGE_CURVE('',#2121,#996,#4814,.T.);
#4814 = LINE('',#4815,#4816);
#4815 = CARTESIAN_POINT('',(-14.8,83.4,4.));
#4816 = VECTOR('',#4817,1.);
#4817 = DIRECTION('',(-0.,-0.,-1.));
#4818 = ORIENTED_EDGE('',*,*,#995,.F.);
#4819 = ORIENTED_EDGE('',*,*,#4791,.F.);
#4820 = PLANE('',#4821);
#4821 = AXIS2_PLACEMENT_3D('',#4822,#4823,#4824);
#4822 = CARTESIAN_POINT('',(-14.8,83.4,4.));
#4823 = DIRECTION('',(-1.,0.,0.));
#4824 = DIRECTION('',(0.,-1.,0.));
#4825 = ADVANCED_FACE('',(#4826),#4837,.F.);
#4826 = FACE_BOUND('',#4827,.F.);
#4827 = EDGE_LOOP('',(#4828,#4829,#4830,#4831));
#4828 = ORIENTED_EDGE('',*,*,#2173,.F.);
#4829 = ORIENTED_EDGE('',*,*,#4798,.T.);
#4830 = ORIENTED_EDGE('',*,*,#1046,.F.);
#4831 = ORIENTED_EDGE('',*,*,#4832,.F.);
#4832 = EDGE_CURVE('',#2165,#1038,#4833,.T.);
#4833 = LINE('',#4834,#4835);
#4834 = CARTESIAN_POINT('',(-6.399999999999,75.,4.));
#4835 = VECTOR('',#4836,1.);
#4836 = DIRECTION('',(-0.,-0.,-1.));
#4837 = PLANE('',#4838);
#4838 = AXIS2_PLACEMENT_3D('',#4839,#4840,#4841);
#4839 = CARTESIAN_POINT('',(-14.4,75.,4.));
#4840 = DIRECTION('',(0.,-1.,0.));
#4841 = DIRECTION('',(1.,0.,0.));
#4842 = ADVANCED_FACE('',(#4843),#4854,.F.);
#4843 = FACE_BOUND('',#4844,.F.);
#4844 = EDGE_LOOP('',(#4845,#4846,#4852,#4853));
#4845 = ORIENTED_EDGE('',*,*,#2130,.F.);
#4846 = ORIENTED_EDGE('',*,*,#4847,.T.);
#4847 = EDGE_CURVE('',#2131,#1004,#4848,.T.);
#4848 = LINE('',#4849,#4850);
#4849 = CARTESIAN_POINT('',(-14.4,83.8,4.));
#4850 = VECTOR('',#4851,1.);
#4851 = DIRECTION('',(-0.,-0.,-1.));
#4852 = ORIENTED_EDGE('',*,*,#1003,.T.);
#4853 = ORIENTED_EDGE('',*,*,#4813,.F.);
#4854 = CYLINDRICAL_SURFACE('',#4855,0.4);
#4855 = AXIS2_PLACEMENT_3D('',#4856,#4857,#4858);
#4856 = CARTESIAN_POINT('',(-14.4,83.4,4.));
#4857 = DIRECTION('',(0.,0.,1.));
#4858 = DIRECTION('',(1.,0.,0.));
#4859 = ADVANCED_FACE('',(#4860),#4871,.F.);
#4860 = FACE_BOUND('',#4861,.F.);
#4861 = EDGE_LOOP('',(#4862,#4863,#4864,#4865));
#4862 = ORIENTED_EDGE('',*,*,#2164,.F.);
#4863 = ORIENTED_EDGE('',*,*,#4832,.T.);
#4864 = ORIENTED_EDGE('',*,*,#1037,.T.);
#4865 = ORIENTED_EDGE('',*,*,#4866,.F.);
#4866 = EDGE_CURVE('',#2157,#1030,#4867,.T.);
#4867 = LINE('',#4868,#4869);
#4868 = CARTESIAN_POINT('',(-6.,75.4,4.));
#4869 = VECTOR('',#4870,1.);
#4870 = DIRECTION('',(-0.,-0.,-1.));
#4871 = CYLINDRICAL_SURFACE('',#4872,0.4);
#4872 = AXIS2_PLACEMENT_3D('',#4873,#4874,#4875);
#4873 = CARTESIAN_POINT('',(-6.4,75.4,4.));
#4874 = DIRECTION('',(0.,0.,1.));
#4875 = DIRECTION('',(1.,0.,0.));
#4876 = ADVANCED_FACE('',(#4877),#4888,.F.);
#4877 = FACE_BOUND('',#4878,.F.);
#4878 = EDGE_LOOP('',(#4879,#4880,#4886,#4887));
#4879 = ORIENTED_EDGE('',*,*,#2139,.F.);
#4880 = ORIENTED_EDGE('',*,*,#4881,.T.);
#4881 = EDGE_CURVE('',#2140,#1013,#4882,.T.);
#4882 = LINE('',#4883,#4884);
#4883 = CARTESIAN_POINT('',(-6.4,83.8,4.));
#4884 = VECTOR('',#4885,1.);
#4885 = DIRECTION('',(-0.,-0.,-1.));
#4886 = ORIENTED_EDGE('',*,*,#1012,.F.);
#4887 = ORIENTED_EDGE('',*,*,#4847,.F.);
#4888 = PLANE('',#4889);
#4889 = AXIS2_PLACEMENT_3D('',#4890,#4891,#4892);
#4890 = CARTESIAN_POINT('',(-6.4,83.8,4.));
#4891 = DIRECTION('',(0.,1.,0.));
#4892 = DIRECTION('',(-1.,0.,0.));
#4893 = ADVANCED_FACE('',(#4894),#4905,.F.);
#4894 = FACE_BOUND('',#4895,.F.);
#4895 = EDGE_LOOP('',(#4896,#4897,#4898,#4899));
#4896 = ORIENTED_EDGE('',*,*,#2156,.F.);
#4897 = ORIENTED_EDGE('',*,*,#4866,.T.);
#4898 = ORIENTED_EDGE('',*,*,#1029,.F.);
#4899 = ORIENTED_EDGE('',*,*,#4900,.F.);
#4900 = EDGE_CURVE('',#2148,#1021,#4901,.T.);
#4901 = LINE('',#4902,#4903);
#4902 = CARTESIAN_POINT('',(-6.,83.4,4.));
#4903 = VECTOR('',#4904,1.);
#4904 = DIRECTION('',(-0.,-0.,-1.));
#4905 = PLANE('',#4906);
#4906 = AXIS2_PLACEMENT_3D('',#4907,#4908,#4909);
#4907 = CARTESIAN_POINT('',(-6.,75.4,4.));
#4908 = DIRECTION('',(1.,0.,0.));
#4909 = DIRECTION('',(0.,1.,0.));
#4910 = ADVANCED_FACE('',(#4911),#4917,.F.);
#4911 = FACE_BOUND('',#4912,.F.);
#4912 = EDGE_LOOP('',(#4913,#4914,#4915,#4916));
#4913 = ORIENTED_EDGE('',*,*,#2147,.F.);
#4914 = ORIENTED_EDGE('',*,*,#4900,.T.);
#4915 = ORIENTED_EDGE('',*,*,#1020,.T.);
#4916 = ORIENTED_EDGE('',*,*,#4881,.F.);
#4917 = CYLINDRICAL_SURFACE('',#4918,0.4);
#4918 = AXIS2_PLACEMENT_3D('',#4919,#4920,#4921);
#4919 = CARTESIAN_POINT('',(-6.4,83.4,4.));
#4920 = DIRECTION('',(0.,0.,1.));
#4921 = DIRECTION('',(1.,0.,0.));
#4922 = ADVANCED_FACE('',(#4923),#4948,.F.);
#4923 = FACE_BOUND('',#4924,.F.);
#4924 = EDGE_LOOP('',(#4925,#4933,#4941,#4947));
#4925 = ORIENTED_EDGE('',*,*,#4926,.T.);
#4926 = EDGE_CURVE('',#1055,#4927,#4929,.T.);
#4927 = VERTEX_POINT('',#4928);
#4928 = CARTESIAN_POINT('',(26.,2.598076211353,1.6));
#4929 = LINE('',#4930,#4931);
#4930 = CARTESIAN_POINT('',(26.,2.598076211353,0.));
#4931 = VECTOR('',#4932,1.);
#4932 = DIRECTION('',(0.,0.,1.));
#4933 = ORIENTED_EDGE('',*,*,#4934,.T.);
#4934 = EDGE_CURVE('',#4927,#4935,#4937,.T.);
#4935 = VERTEX_POINT('',#4936);
#4936 = CARTESIAN_POINT('',(27.5,0.,1.6));
#4937 = LINE('',#4938,#4939);
#4938 = CARTESIAN_POINT('',(26.,2.598076211353,1.6));
#4939 = VECTOR('',#4940,1.);
#4940 = DIRECTION('',(0.5,-0.866025403784,0.));
#4941 = ORIENTED_EDGE('',*,*,#4942,.F.);
#4942 = EDGE_CURVE('',#1057,#4935,#4943,.T.);
#4943 = LINE('',#4944,#4945);
#4944 = CARTESIAN_POINT('',(27.5,0.,0.));
#4945 = VECTOR('',#4946,1.);
#4946 = DIRECTION('',(0.,0.,1.));
#4947 = ORIENTED_EDGE('',*,*,#1054,.F.);
#4948 = PLANE('',#4949);
#4949 = AXIS2_PLACEMENT_3D('',#4950,#4951,#4952);
#4950 = CARTESIAN_POINT('',(26.,2.598076211353,0.));
#4951 = DIRECTION('',(0.866025403784,0.5,0.));
#4952 = DIRECTION('',(0.5,-0.866025403784,0.));
#4953 = ADVANCED_FACE('',(#4954),#4972,.F.);
#4954 = FACE_BOUND('',#4955,.F.);
#4955 = EDGE_LOOP('',(#4956,#4964,#4970,#4971));
#4956 = ORIENTED_EDGE('',*,*,#4957,.T.);
#4957 = EDGE_CURVE('',#1089,#4958,#4960,.T.);
#4958 = VERTEX_POINT('',#4959);
#4959 = CARTESIAN_POINT('',(23.,2.598076211353,1.6));
#4960 = LINE('',#4961,#4962);
#4961 = CARTESIAN_POINT('',(23.,2.598076211353,0.));
#4962 = VECTOR('',#4963,1.);
#4963 = DIRECTION('',(0.,0.,1.));
#4964 = ORIENTED_EDGE('',*,*,#4965,.T.);
#4965 = EDGE_CURVE('',#4958,#4927,#4966,.T.);
#4966 = LINE('',#4967,#4968);
#4967 = CARTESIAN_POINT('',(23.,2.598076211353,1.6));
#4968 = VECTOR('',#4969,1.);
#4969 = DIRECTION('',(1.,0.,0.));
#4970 = ORIENTED_EDGE('',*,*,#4926,.F.);
#4971 = ORIENTED_EDGE('',*,*,#1096,.F.);
#4972 = PLANE('',#4973);
#4973 = AXIS2_PLACEMENT_3D('',#4974,#4975,#4976);
#4974 = CARTESIAN_POINT('',(23.,2.598076211353,0.));
#4975 = DIRECTION('',(0.,1.,0.));
#4976 = DIRECTION('',(1.,0.,0.));
#4977 = ADVANCED_FACE('',(#4978),#4996,.F.);
#4978 = FACE_BOUND('',#4979,.F.);
#4979 = EDGE_LOOP('',(#4980,#4981,#4989,#4995));
#4980 = ORIENTED_EDGE('',*,*,#4942,.T.);
#4981 = ORIENTED_EDGE('',*,*,#4982,.T.);
#4982 = EDGE_CURVE('',#4935,#4983,#4985,.T.);
#4983 = VERTEX_POINT('',#4984);
#4984 = CARTESIAN_POINT('',(26.,-2.598076211353,1.6));
#4985 = LINE('',#4986,#4987);
#4986 = CARTESIAN_POINT('',(27.5,0.,1.6));
#4987 = VECTOR('',#4988,1.);
#4988 = DIRECTION('',(-0.5,-0.866025403784,0.));
#4989 = ORIENTED_EDGE('',*,*,#4990,.F.);
#4990 = EDGE_CURVE('',#1065,#4983,#4991,.T.);
#4991 = LINE('',#4992,#4993);
#4992 = CARTESIAN_POINT('',(26.,-2.598076211353,0.));
#4993 = VECTOR('',#4994,1.);
#4994 = DIRECTION('',(0.,0.,1.));
#4995 = ORIENTED_EDGE('',*,*,#1064,.F.);
#4996 = PLANE('',#4997);
#4997 = AXIS2_PLACEMENT_3D('',#4998,#4999,#5000);
#4998 = CARTESIAN_POINT('',(27.5,0.,0.));
#4999 = DIRECTION('',(0.866025403784,-0.5,0.));
#5000 = DIRECTION('',(-0.5,-0.866025403784,0.));
#5001 = ADVANCED_FACE('',(#5002),#5020,.F.);
#5002 = FACE_BOUND('',#5003,.F.);
#5003 = EDGE_LOOP('',(#5004,#5012,#5018,#5019));
#5004 = ORIENTED_EDGE('',*,*,#5005,.T.);
#5005 = EDGE_CURVE('',#1081,#5006,#5008,.T.);
#5006 = VERTEX_POINT('',#5007);
#5007 = CARTESIAN_POINT('',(21.5,0.,1.6));
#5008 = LINE('',#5009,#5010);
#5009 = CARTESIAN_POINT('',(21.5,0.,0.));
#5010 = VECTOR('',#5011,1.);
#5011 = DIRECTION('',(0.,0.,1.));
#5012 = ORIENTED_EDGE('',*,*,#5013,.T.);
#5013 = EDGE_CURVE('',#5006,#4958,#5014,.T.);
#5014 = LINE('',#5015,#5016);
#5015 = CARTESIAN_POINT('',(21.5,0.,1.6));
#5016 = VECTOR('',#5017,1.);
#5017 = DIRECTION('',(0.5,0.866025403784,0.));
#5018 = ORIENTED_EDGE('',*,*,#4957,.F.);
#5019 = ORIENTED_EDGE('',*,*,#1088,.F.);
#5020 = PLANE('',#5021);
#5021 = AXIS2_PLACEMENT_3D('',#5022,#5023,#5024);
#5022 = CARTESIAN_POINT('',(21.5,0.,0.));
#5023 = DIRECTION('',(-0.866025403784,0.5,0.));
#5024 = DIRECTION('',(0.5,0.866025403784,0.));
#5025 = ADVANCED_FACE('',(#5026),#5044,.F.);
#5026 = FACE_BOUND('',#5027,.F.);
#5027 = EDGE_LOOP('',(#5028,#5029,#5037,#5043));
#5028 = ORIENTED_EDGE('',*,*,#4990,.T.);
#5029 = ORIENTED_EDGE('',*,*,#5030,.T.);
#5030 = EDGE_CURVE('',#4983,#5031,#5033,.T.);
#5031 = VERTEX_POINT('',#5032);
#5032 = CARTESIAN_POINT('',(23.,-2.598076211353,1.6));
#5033 = LINE('',#5034,#5035);
#5034 = CARTESIAN_POINT('',(26.,-2.598076211353,1.6));
#5035 = VECTOR('',#5036,1.);
#5036 = DIRECTION('',(-1.,0.,0.));
#5037 = ORIENTED_EDGE('',*,*,#5038,.F.);
#5038 = EDGE_CURVE('',#1073,#5031,#5039,.T.);
#5039 = LINE('',#5040,#5041);
#5040 = CARTESIAN_POINT('',(23.,-2.598076211353,0.));
#5041 = VECTOR('',#5042,1.);
#5042 = DIRECTION('',(0.,0.,1.));
#5043 = ORIENTED_EDGE('',*,*,#1072,.F.);
#5044 = PLANE('',#5045);
#5045 = AXIS2_PLACEMENT_3D('',#5046,#5047,#5048);
#5046 = CARTESIAN_POINT('',(26.,-2.598076211353,0.));
#5047 = DIRECTION('',(0.,-1.,0.));
#5048 = DIRECTION('',(-1.,0.,0.));
#5049 = ADVANCED_FACE('',(#5050),#5061,.F.);
#5050 = FACE_BOUND('',#5051,.F.);
#5051 = EDGE_LOOP('',(#5052,#5053,#5059,#5060));
#5052 = ORIENTED_EDGE('',*,*,#5038,.T.);
#5053 = ORIENTED_EDGE('',*,*,#5054,.T.);
#5054 = EDGE_CURVE('',#5031,#5006,#5055,.T.);
#5055 = LINE('',#5056,#5057);
#5056 = CARTESIAN_POINT('',(23.,-2.598076211353,1.6));
#5057 = VECTOR('',#5058,1.);
#5058 = DIRECTION('',(-0.5,0.866025403784,-0.));
#5059 = ORIENTED_EDGE('',*,*,#5005,.F.);
#5060 = ORIENTED_EDGE('',*,*,#1080,.F.);
#5061 = PLANE('',#5062);
#5062 = AXIS2_PLACEMENT_3D('',#5063,#5064,#5065);
#5063 = CARTESIAN_POINT('',(23.,-2.598076211353,0.));
#5064 = DIRECTION('',(-0.866025403784,-0.5,0.));
#5065 = DIRECTION('',(-0.5,0.866025403784,0.));
#5066 = ADVANCED_FACE('',(#5067),#5083,.F.);
#5067 = FACE_BOUND('',#5068,.F.);
#5068 = EDGE_LOOP('',(#5069,#5070,#5076,#5077));
#5069 = ORIENTED_EDGE('',*,*,#2262,.F.);
#5070 = ORIENTED_EDGE('',*,*,#5071,.T.);
#5071 = EDGE_CURVE('',#2204,#1105,#5072,.T.);
#5072 = LINE('',#5073,#5074);
#5073 = CARTESIAN_POINT('',(-35.,7.5,4.));
#5074 = VECTOR('',#5075,1.);
#5075 = DIRECTION('',(-0.,-0.,-1.));
#5076 = ORIENTED_EDGE('',*,*,#1104,.T.);
#5077 = ORIENTED_EDGE('',*,*,#5078,.F.);
#5078 = EDGE_CURVE('',#2255,#1107,#5079,.T.);
#5079 = LINE('',#5080,#5081);
#5080 = CARTESIAN_POINT('',(-31.5,4.,4.));
#5081 = VECTOR('',#5082,1.);
#5082 = DIRECTION('',(-0.,-0.,-1.));
#5083 = CYLINDRICAL_SURFACE('',#5084,3.5);
#5084 = AXIS2_PLACEMENT_3D('',#5085,#5086,#5087);
#5085 = CARTESIAN_POINT('',(-31.5,7.5,4.));
#5086 = DIRECTION('',(0.,0.,1.));
#5087 = DIRECTION('',(1.,0.,0.));
#5088 = ADVANCED_FACE('',(#5089),#5100,.F.);
#5089 = FACE_BOUND('',#5090,.F.);
#5090 = EDGE_LOOP('',(#5091,#5092,#5098,#5099));
#5091 = ORIENTED_EDGE('',*,*,#2201,.F.);
#5092 = ORIENTED_EDGE('',*,*,#5093,.T.);
#5093 = EDGE_CURVE('',#2202,#1116,#5094,.T.);
#5094 = LINE('',#5095,#5096);
#5095 = CARTESIAN_POINT('',(-35.,50.5,4.));
#5096 = VECTOR('',#5097,1.);
#5097 = DIRECTION('',(-0.,-0.,-1.));
#5098 = ORIENTED_EDGE('',*,*,#1115,.F.);
#5099 = ORIENTED_EDGE('',*,*,#5071,.F.);
#5100 = PLANE('',#5101);
#5101 = AXIS2_PLACEMENT_3D('',#5102,#5103,#5104);
#5102 = CARTESIAN_POINT('',(-35.,50.5,4.));
#5103 = DIRECTION('',(-1.,0.,0.));
#5104 = DIRECTION('',(0.,-1.,0.));
#5105 = ADVANCED_FACE('',(#5106),#5117,.F.);
#5106 = FACE_BOUND('',#5107,.F.);
#5107 = EDGE_LOOP('',(#5108,#5109,#5110,#5111));
#5108 = ORIENTED_EDGE('',*,*,#2254,.F.);
#5109 = ORIENTED_EDGE('',*,*,#5078,.T.);
#5110 = ORIENTED_EDGE('',*,*,#1166,.F.);
#5111 = ORIENTED_EDGE('',*,*,#5112,.F.);
#5112 = EDGE_CURVE('',#2246,#1158,#5113,.T.);
#5113 = LINE('',#5114,#5115);
#5114 = CARTESIAN_POINT('',(31.5,4.,4.));
#5115 = VECTOR('',#5116,1.);
#5116 = DIRECTION('',(-0.,-0.,-1.));
#5117 = PLANE('',#5118);
#5118 = AXIS2_PLACEMENT_3D('',#5119,#5120,#5121);
#5119 = CARTESIAN_POINT('',(-31.5,4.,4.));
#5120 = DIRECTION('',(0.,-1.,0.));
#5121 = DIRECTION('',(1.,0.,0.));
#5122 = ADVANCED_FACE('',(#5123),#5134,.F.);
#5123 = FACE_BOUND('',#5124,.F.);
#5124 = EDGE_LOOP('',(#5125,#5126,#5132,#5133));
#5125 = ORIENTED_EDGE('',*,*,#2211,.F.);
#5126 = ORIENTED_EDGE('',*,*,#5127,.T.);
#5127 = EDGE_CURVE('',#2212,#1124,#5128,.T.);
#5128 = LINE('',#5129,#5130);
#5129 = CARTESIAN_POINT('',(-31.5,54.,4.));
#5130 = VECTOR('',#5131,1.);
#5131 = DIRECTION('',(-0.,-0.,-1.));
#5132 = ORIENTED_EDGE('',*,*,#1123,.T.);
#5133 = ORIENTED_EDGE('',*,*,#5093,.F.);
#5134 = CYLINDRICAL_SURFACE('',#5135,3.5);
#5135 = AXIS2_PLACEMENT_3D('',#5136,#5137,#5138);
#5136 = CARTESIAN_POINT('',(-31.5,50.5,4.));
#5137 = DIRECTION('',(0.,0.,1.));
#5138 = DIRECTION('',(1.,0.,0.));
#5139 = ADVANCED_FACE('',(#5140),#5151,.F.);
#5140 = FACE_BOUND('',#5141,.F.);
#5141 = EDGE_LOOP('',(#5142,#5143,#5144,#5145));
#5142 = ORIENTED_EDGE('',*,*,#2245,.F.);
#5143 = ORIENTED_EDGE('',*,*,#5112,.T.);
#5144 = ORIENTED_EDGE('',*,*,#1157,.T.);
#5145 = ORIENTED_EDGE('',*,*,#5146,.F.);
#5146 = EDGE_CURVE('',#2238,#1150,#5147,.T.);
#5147 = LINE('',#5148,#5149);
#5148 = CARTESIAN_POINT('',(35.,7.5,4.));
#5149 = VECTOR('',#5150,1.);
#5150 = DIRECTION('',(-0.,-0.,-1.));
#5151 = CYLINDRICAL_SURFACE('',#5152,3.5);
#5152 = AXIS2_PLACEMENT_3D('',#5153,#5154,#5155);
#5153 = CARTESIAN_POINT('',(31.5,7.5,4.));
#5154 = DIRECTION('',(0.,0.,1.));
#5155 = DIRECTION('',(1.,0.,0.));
#5156 = ADVANCED_FACE('',(#5157),#5168,.F.);
#5157 = FACE_BOUND('',#5158,.F.);
#5158 = EDGE_LOOP('',(#5159,#5160,#5166,#5167));
#5159 = ORIENTED_EDGE('',*,*,#2220,.F.);
#5160 = ORIENTED_EDGE('',*,*,#5161,.T.);
#5161 = EDGE_CURVE('',#2221,#1133,#5162,.T.);
#5162 = LINE('',#5163,#5164);
#5163 = CARTESIAN_POINT('',(31.5,54.,4.));
#5164 = VECTOR('',#5165,1.);
#5165 = DIRECTION('',(-0.,-0.,-1.));
#5166 = ORIENTED_EDGE('',*,*,#1132,.F.);
#5167 = ORIENTED_EDGE('',*,*,#5127,.F.);
#5168 = PLANE('',#5169);
#5169 = AXIS2_PLACEMENT_3D('',#5170,#5171,#5172);
#5170 = CARTESIAN_POINT('',(31.5,54.,4.));
#5171 = DIRECTION('',(0.,1.,0.));
#5172 = DIRECTION('',(-1.,0.,0.));
#5173 = ADVANCED_FACE('',(#5174),#5185,.F.);
#5174 = FACE_BOUND('',#5175,.F.);
#5175 = EDGE_LOOP('',(#5176,#5177,#5178,#5179));
#5176 = ORIENTED_EDGE('',*,*,#2237,.F.);
#5177 = ORIENTED_EDGE('',*,*,#5146,.T.);
#5178 = ORIENTED_EDGE('',*,*,#1149,.F.);
#5179 = ORIENTED_EDGE('',*,*,#5180,.F.);
#5180 = EDGE_CURVE('',#2229,#1141,#5181,.T.);
#5181 = LINE('',#5182,#5183);
#5182 = CARTESIAN_POINT('',(35.,50.5,4.));
#5183 = VECTOR('',#5184,1.);
#5184 = DIRECTION('',(-0.,-0.,-1.));
#5185 = PLANE('',#5186);
#5186 = AXIS2_PLACEMENT_3D('',#5187,#5188,#5189);
#5187 = CARTESIAN_POINT('',(35.,7.5,4.));
#5188 = DIRECTION('',(1.,0.,0.));
#5189 = DIRECTION('',(0.,1.,0.));
#5190 = ADVANCED_FACE('',(#5191),#5197,.F.);
#5191 = FACE_BOUND('',#5192,.F.);
#5192 = EDGE_LOOP('',(#5193,#5194,#5195,#5196));
#5193 = ORIENTED_EDGE('',*,*,#2228,.F.);
#5194 = ORIENTED_EDGE('',*,*,#5180,.T.);
#5195 = ORIENTED_EDGE('',*,*,#1140,.T.);
#5196 = ORIENTED_EDGE('',*,*,#5161,.F.);
#5197 = CYLINDRICAL_SURFACE('',#5198,3.5);
#5198 = AXIS2_PLACEMENT_3D('',#5199,#5200,#5201);
#5199 = CARTESIAN_POINT('',(31.5,50.5,4.));
#5200 = DIRECTION('',(0.,0.,1.));
#5201 = DIRECTION('',(1.,0.,0.));
#5202 = ADVANCED_FACE('',(#5203),#5219,.F.);
#5203 = FACE_BOUND('',#5204,.F.);
#5204 = EDGE_LOOP('',(#5205,#5206,#5212,#5213));
#5205 = ORIENTED_EDGE('',*,*,#2332,.F.);
#5206 = ORIENTED_EDGE('',*,*,#5207,.T.);
#5207 = EDGE_CURVE('',#2274,#1175,#5208,.T.);
#5208 = LINE('',#5209,#5210);
#5209 = CARTESIAN_POINT('',(46.499999999998,29.5,4.));
#5210 = VECTOR('',#5211,1.);
#5211 = DIRECTION('',(-0.,-0.,-1.));
#5212 = ORIENTED_EDGE('',*,*,#1174,.T.);
#5213 = ORIENTED_EDGE('',*,*,#5214,.F.);
#5214 = EDGE_CURVE('',#2325,#1177,#5215,.T.);
#5215 = LINE('',#5216,#5217);
#5216 = CARTESIAN_POINT('',(42.999999999998,26.,4.));
#5217 = VECTOR('',#5218,1.);
#5218 = DIRECTION('',(-0.,-0.,-1.));
#5219 = CYLINDRICAL_SURFACE('',#5220,3.5);
#5220 = AXIS2_PLACEMENT_3D('',#5221,#5222,#5223);
#5221 = CARTESIAN_POINT('',(46.499999999998,26.,4.));
#5222 = DIRECTION('',(0.,0.,1.));
#5223 = DIRECTION('',(1.,0.,0.));
#5224 = ADVANCED_FACE('',(#5225),#5236,.F.);
#5225 = FACE_BOUND('',#5226,.F.);
#5226 = EDGE_LOOP('',(#5227,#5228,#5234,#5235));
#5227 = ORIENTED_EDGE('',*,*,#2271,.F.);
#5228 = ORIENTED_EDGE('',*,*,#5229,.T.);
#5229 = EDGE_CURVE('',#2272,#1186,#5230,.T.);
#5230 = LINE('',#5231,#5232);
#5231 = CARTESIAN_POINT('',(66.499999999998,29.5,4.));
#5232 = VECTOR('',#5233,1.);
#5233 = DIRECTION('',(-0.,-0.,-1.));
#5234 = ORIENTED_EDGE('',*,*,#1185,.F.);
#5235 = ORIENTED_EDGE('',*,*,#5207,.F.);
#5236 = PLANE('',#5237);
#5237 = AXIS2_PLACEMENT_3D('',#5238,#5239,#5240);
#5238 = CARTESIAN_POINT('',(66.499999999998,29.5,4.));
#5239 = DIRECTION('',(0.,1.,0.));
#5240 = DIRECTION('',(-1.,0.,0.));
#5241 = ADVANCED_FACE('',(#5242),#5253,.F.);
#5242 = FACE_BOUND('',#5243,.F.);
#5243 = EDGE_LOOP('',(#5244,#5245,#5246,#5247));
#5244 = ORIENTED_EDGE('',*,*,#2324,.F.);
#5245 = ORIENTED_EDGE('',*,*,#5214,.T.);
#5246 = ORIENTED_EDGE('',*,*,#1236,.F.);
#5247 = ORIENTED_EDGE('',*,*,#5248,.F.);
#5248 = EDGE_CURVE('',#2316,#1228,#5249,.T.);
#5249 = LINE('',#5250,#5251);
#5250 = CARTESIAN_POINT('',(42.999999999998,-26.,4.));
#5251 = VECTOR('',#5252,1.);
#5252 = DIRECTION('',(-0.,-0.,-1.));
#5253 = PLANE('',#5254);
#5254 = AXIS2_PLACEMENT_3D('',#5255,#5256,#5257);
#5255 = CARTESIAN_POINT('',(42.999999999998,26.,4.));
#5256 = DIRECTION('',(-1.,2.732856676E-16,0.));
#5257 = DIRECTION('',(-2.732856676E-16,-1.,0.));
#5258 = ADVANCED_FACE('',(#5259),#5270,.F.);
#5259 = FACE_BOUND('',#5260,.F.);
#5260 = EDGE_LOOP('',(#5261,#5262,#5268,#5269));
#5261 = ORIENTED_EDGE('',*,*,#2281,.F.);
#5262 = ORIENTED_EDGE('',*,*,#5263,.T.);
#5263 = EDGE_CURVE('',#2282,#1194,#5264,.T.);
#5264 = LINE('',#5265,#5266);
#5265 = CARTESIAN_POINT('',(69.999999999999,25.999999999999,4.));
#5266 = VECTOR('',#5267,1.);
#5267 = DIRECTION('',(-0.,-0.,-1.));
#5268 = ORIENTED_EDGE('',*,*,#1193,.T.);
#5269 = ORIENTED_EDGE('',*,*,#5229,.F.);
#5270 = CYLINDRICAL_SURFACE('',#5271,3.5);
#5271 = AXIS2_PLACEMENT_3D('',#5272,#5273,#5274);
#5272 = CARTESIAN_POINT('',(66.499999999999,26.,4.));
#5273 = DIRECTION('',(0.,0.,1.));
#5274 = DIRECTION('',(1.,0.,0.));
#5275 = ADVANCED_FACE('',(#5276),#5287,.F.);
#5276 = FACE_BOUND('',#5277,.F.);
#5277 = EDGE_LOOP('',(#5278,#5279,#5280,#5281));
#5278 = ORIENTED_EDGE('',*,*,#2315,.F.);
#5279 = ORIENTED_EDGE('',*,*,#5248,.T.);
#5280 = ORIENTED_EDGE('',*,*,#1227,.T.);
#5281 = ORIENTED_EDGE('',*,*,#5282,.F.);
#5282 = EDGE_CURVE('',#2308,#1220,#5283,.T.);
#5283 = LINE('',#5284,#5285);
#5284 = CARTESIAN_POINT('',(46.499999999998,-29.5,4.));
#5285 = VECTOR('',#5286,1.);
#5286 = DIRECTION('',(-0.,-0.,-1.));
#5287 = CYLINDRICAL_SURFACE('',#5288,3.5);
#5288 = AXIS2_PLACEMENT_3D('',#5289,#5290,#5291);
#5289 = CARTESIAN_POINT('',(46.499999999998,-26.,4.));
#5290 = DIRECTION('',(0.,0.,1.));
#5291 = DIRECTION('',(1.,0.,0.));
#5292 = ADVANCED_FACE('',(#5293),#5304,.F.);
#5293 = FACE_BOUND('',#5294,.F.);
#5294 = EDGE_LOOP('',(#5295,#5296,#5302,#5303));
#5295 = ORIENTED_EDGE('',*,*,#2290,.F.);
#5296 = ORIENTED_EDGE('',*,*,#5297,.T.);
#5297 = EDGE_CURVE('',#2291,#1203,#5298,.T.);
#5298 = LINE('',#5299,#5300);
#5299 = CARTESIAN_POINT('',(69.999999999999,-25.99999999999,4.));
#5300 = VECTOR('',#5301,1.);
#5301 = DIRECTION('',(-0.,-0.,-1.));
#5302 = ORIENTED_EDGE('',*,*,#1202,.F.);
#5303 = ORIENTED_EDGE('',*,*,#5263,.F.);
#5304 = PLANE('',#5305);
#5305 = AXIS2_PLACEMENT_3D('',#5306,#5307,#5308);
#5306 = CARTESIAN_POINT('',(69.999999999999,-25.99999999999,4.));
#5307 = DIRECTION('',(1.,0.,0.));
#5308 = DIRECTION('',(0.,1.,0.));
#5309 = ADVANCED_FACE('',(#5310),#5321,.F.);
#5310 = FACE_BOUND('',#5311,.F.);
#5311 = EDGE_LOOP('',(#5312,#5313,#5314,#5315));
#5312 = ORIENTED_EDGE('',*,*,#2307,.F.);
#5313 = ORIENTED_EDGE('',*,*,#5282,.T.);
#5314 = ORIENTED_EDGE('',*,*,#1219,.F.);
#5315 = ORIENTED_EDGE('',*,*,#5316,.F.);
#5316 = EDGE_CURVE('',#2299,#1211,#5317,.T.);
#5317 = LINE('',#5318,#5319);
#5318 = CARTESIAN_POINT('',(66.499999999998,-29.5,4.));
#5319 = VECTOR('',#5320,1.);
#5320 = DIRECTION('',(-0.,-0.,-1.));
#5321 = PLANE('',#5322);
#5322 = AXIS2_PLACEMENT_3D('',#5323,#5324,#5325);
#5323 = CARTESIAN_POINT('',(46.499999999998,-29.5,4.));
#5324 = DIRECTION('',(0.,-1.,0.));
#5325 = DIRECTION('',(1.,0.,0.));
#5326 = ADVANCED_FACE('',(#5327),#5333,.F.);
#5327 = FACE_BOUND('',#5328,.F.);
#5328 = EDGE_LOOP('',(#5329,#5330,#5331,#5332));
#5329 = ORIENTED_EDGE('',*,*,#2298,.F.);
#5330 = ORIENTED_EDGE('',*,*,#5316,.T.);
#5331 = ORIENTED_EDGE('',*,*,#1210,.T.);
#5332 = ORIENTED_EDGE('',*,*,#5297,.F.);
#5333 = CYLINDRICAL_SURFACE('',#5334,3.5);
#5334 = AXIS2_PLACEMENT_3D('',#5335,#5336,#5337);
#5335 = CARTESIAN_POINT('',(66.499999999999,-26.,4.));
#5336 = DIRECTION('',(0.,0.,1.));
#5337 = DIRECTION('',(1.,0.,0.));
#5338 = ADVANCED_FACE('',(#5339),#5364,.F.);
#5339 = FACE_BOUND('',#5340,.F.);
#5340 = EDGE_LOOP('',(#5341,#5349,#5357,#5363));
#5341 = ORIENTED_EDGE('',*,*,#5342,.T.);
#5342 = EDGE_CURVE('',#1245,#5343,#5345,.T.);
#5343 = VERTEX_POINT('',#5344);
#5344 = CARTESIAN_POINT('',(26.,60.598076211353,1.6));
#5345 = LINE('',#5346,#5347);
#5346 = CARTESIAN_POINT('',(26.,60.598076211353,0.));
#5347 = VECTOR('',#5348,1.);
#5348 = DIRECTION('',(0.,0.,1.));
#5349 = ORIENTED_EDGE('',*,*,#5350,.T.);
#5350 = EDGE_CURVE('',#5343,#5351,#5353,.T.);
#5351 = VERTEX_POINT('',#5352);
#5352 = CARTESIAN_POINT('',(27.5,58.,1.6));
#5353 = LINE('',#5354,#5355);
#5354 = CARTESIAN_POINT('',(26.,60.598076211353,1.6));
#5355 = VECTOR('',#5356,1.);
#5356 = DIRECTION('',(0.5,-0.866025403784,0.));
#5357 = ORIENTED_EDGE('',*,*,#5358,.F.);
#5358 = EDGE_CURVE('',#1247,#5351,#5359,.T.);
#5359 = LINE('',#5360,#5361);
#5360 = CARTESIAN_POINT('',(27.5,58.,0.));
#5361 = VECTOR('',#5362,1.);
#5362 = DIRECTION('',(0.,0.,1.));
#5363 = ORIENTED_EDGE('',*,*,#1244,.F.);
#5364 = PLANE('',#5365);
#5365 = AXIS2_PLACEMENT_3D('',#5366,#5367,#5368);
#5366 = CARTESIAN_POINT('',(26.,60.598076211353,0.));
#5367 = DIRECTION('',(0.866025403784,0.5,0.));
#5368 = DIRECTION('',(0.5,-0.866025403784,0.));
#5369 = ADVANCED_FACE('',(#5370),#5388,.F.);
#5370 = FACE_BOUND('',#5371,.F.);
#5371 = EDGE_LOOP('',(#5372,#5380,#5386,#5387));
#5372 = ORIENTED_EDGE('',*,*,#5373,.T.);
#5373 = EDGE_CURVE('',#1279,#5374,#5376,.T.);
#5374 = VERTEX_POINT('',#5375);
#5375 = CARTESIAN_POINT('',(23.,60.598076211353,1.6));
#5376 = LINE('',#5377,#5378);
#5377 = CARTESIAN_POINT('',(23.,60.598076211353,0.));
#5378 = VECTOR('',#5379,1.);
#5379 = DIRECTION('',(0.,0.,1.));
#5380 = ORIENTED_EDGE('',*,*,#5381,.T.);
#5381 = EDGE_CURVE('',#5374,#5343,#5382,.T.);
#5382 = LINE('',#5383,#5384);
#5383 = CARTESIAN_POINT('',(23.,60.598076211353,1.6));
#5384 = VECTOR('',#5385,1.);
#5385 = DIRECTION('',(1.,0.,0.));
#5386 = ORIENTED_EDGE('',*,*,#5342,.F.);
#5387 = ORIENTED_EDGE('',*,*,#1286,.F.);
#5388 = PLANE('',#5389);
#5389 = AXIS2_PLACEMENT_3D('',#5390,#5391,#5392);
#5390 = CARTESIAN_POINT('',(23.,60.598076211353,0.));
#5391 = DIRECTION('',(0.,1.,0.));
#5392 = DIRECTION('',(1.,0.,0.));
#5393 = ADVANCED_FACE('',(#5394),#5412,.F.);
#5394 = FACE_BOUND('',#5395,.F.);
#5395 = EDGE_LOOP('',(#5396,#5397,#5405,#5411));
#5396 = ORIENTED_EDGE('',*,*,#5358,.T.);
#5397 = ORIENTED_EDGE('',*,*,#5398,.T.);
#5398 = EDGE_CURVE('',#5351,#5399,#5401,.T.);
#5399 = VERTEX_POINT('',#5400);
#5400 = CARTESIAN_POINT('',(26.,55.401923788647,1.6));
#5401 = LINE('',#5402,#5403);
#5402 = CARTESIAN_POINT('',(27.5,58.,1.6));
#5403 = VECTOR('',#5404,1.);
#5404 = DIRECTION('',(-0.5,-0.866025403784,0.));
#5405 = ORIENTED_EDGE('',*,*,#5406,.F.);
#5406 = EDGE_CURVE('',#1255,#5399,#5407,.T.);
#5407 = LINE('',#5408,#5409);
#5408 = CARTESIAN_POINT('',(26.,55.401923788647,0.));
#5409 = VECTOR('',#5410,1.);
#5410 = DIRECTION('',(0.,0.,1.));
#5411 = ORIENTED_EDGE('',*,*,#1254,.F.);
#5412 = PLANE('',#5413);
#5413 = AXIS2_PLACEMENT_3D('',#5414,#5415,#5416);
#5414 = CARTESIAN_POINT('',(27.5,58.,0.));
#5415 = DIRECTION('',(0.866025403784,-0.5,0.));
#5416 = DIRECTION('',(-0.5,-0.866025403784,0.));
#5417 = ADVANCED_FACE('',(#5418),#5436,.F.);
#5418 = FACE_BOUND('',#5419,.F.);
#5419 = EDGE_LOOP('',(#5420,#5428,#5434,#5435));
#5420 = ORIENTED_EDGE('',*,*,#5421,.T.);
#5421 = EDGE_CURVE('',#1271,#5422,#5424,.T.);
#5422 = VERTEX_POINT('',#5423);
#5423 = CARTESIAN_POINT('',(21.5,58.,1.6));
#5424 = LINE('',#5425,#5426);
#5425 = CARTESIAN_POINT('',(21.5,58.,0.));
#5426 = VECTOR('',#5427,1.);
#5427 = DIRECTION('',(0.,0.,1.));
#5428 = ORIENTED_EDGE('',*,*,#5429,.T.);
#5429 = EDGE_CURVE('',#5422,#5374,#5430,.T.);
#5430 = LINE('',#5431,#5432);
#5431 = CARTESIAN_POINT('',(21.5,58.,1.6));
#5432 = VECTOR('',#5433,1.);
#5433 = DIRECTION('',(0.5,0.866025403784,0.));
#5434 = ORIENTED_EDGE('',*,*,#5373,.F.);
#5435 = ORIENTED_EDGE('',*,*,#1278,.F.);
#5436 = PLANE('',#5437);
#5437 = AXIS2_PLACEMENT_3D('',#5438,#5439,#5440);
#5438 = CARTESIAN_POINT('',(21.5,58.,0.));
#5439 = DIRECTION('',(-0.866025403784,0.5,0.));
#5440 = DIRECTION('',(0.5,0.866025403784,0.));
#5441 = ADVANCED_FACE('',(#5442),#5460,.F.);
#5442 = FACE_BOUND('',#5443,.F.);
#5443 = EDGE_LOOP('',(#5444,#5445,#5453,#5459));
#5444 = ORIENTED_EDGE('',*,*,#5406,.T.);
#5445 = ORIENTED_EDGE('',*,*,#5446,.T.);
#5446 = EDGE_CURVE('',#5399,#5447,#5449,.T.);
#5447 = VERTEX_POINT('',#5448);
#5448 = CARTESIAN_POINT('',(23.,55.401923788647,1.6));
#5449 = LINE('',#5450,#5451);
#5450 = CARTESIAN_POINT('',(26.,55.401923788647,1.6));
#5451 = VECTOR('',#5452,1.);
#5452 = DIRECTION('',(-1.,0.,0.));
#5453 = ORIENTED_EDGE('',*,*,#5454,.F.);
#5454 = EDGE_CURVE('',#1263,#5447,#5455,.T.);
#5455 = LINE('',#5456,#5457);
#5456 = CARTESIAN_POINT('',(23.,55.401923788647,0.));
#5457 = VECTOR('',#5458,1.);
#5458 = DIRECTION('',(0.,0.,1.));
#5459 = ORIENTED_EDGE('',*,*,#1262,.F.);
#5460 = PLANE('',#5461);
#5461 = AXIS2_PLACEMENT_3D('',#5462,#5463,#5464);
#5462 = CARTESIAN_POINT('',(26.,55.401923788647,0.));
#5463 = DIRECTION('',(0.,-1.,0.));
#5464 = DIRECTION('',(-1.,0.,0.));
#5465 = ADVANCED_FACE('',(#5466),#5477,.F.);
#5466 = FACE_BOUND('',#5467,.F.);
#5467 = EDGE_LOOP('',(#5468,#5469,#5475,#5476));
#5468 = ORIENTED_EDGE('',*,*,#5454,.T.);
#5469 = ORIENTED_EDGE('',*,*,#5470,.T.);
#5470 = EDGE_CURVE('',#5447,#5422,#5471,.T.);
#5471 = LINE('',#5472,#5473);
#5472 = CARTESIAN_POINT('',(23.,55.401923788647,1.6));
#5473 = VECTOR('',#5474,1.);
#5474 = DIRECTION('',(-0.5,0.866025403784,-0.));
#5475 = ORIENTED_EDGE('',*,*,#5421,.F.);
#5476 = ORIENTED_EDGE('',*,*,#1270,.F.);
#5477 = PLANE('',#5478);
#5478 = AXIS2_PLACEMENT_3D('',#5479,#5480,#5481);
#5479 = CARTESIAN_POINT('',(23.,55.401923788647,0.));
#5480 = DIRECTION('',(-0.866025403784,-0.5,0.));
#5481 = DIRECTION('',(-0.5,0.866025403784,0.));
#5482 = ADVANCED_FACE('',(#5483),#5499,.F.);
#5483 = FACE_BOUND('',#5484,.F.);
#5484 = EDGE_LOOP('',(#5485,#5486,#5492,#5493));
#5485 = ORIENTED_EDGE('',*,*,#2413,.F.);
#5486 = ORIENTED_EDGE('',*,*,#5487,.T.);
#5487 = EDGE_CURVE('',#2355,#1295,#5488,.T.);
#5488 = LINE('',#5489,#5490);
#5489 = CARTESIAN_POINT('',(6.,75.4,4.));
#5490 = VECTOR('',#5491,1.);
#5491 = DIRECTION('',(-0.,-0.,-1.));
#5492 = ORIENTED_EDGE('',*,*,#1294,.T.);
#5493 = ORIENTED_EDGE('',*,*,#5494,.F.);
#5494 = EDGE_CURVE('',#2406,#1297,#5495,.T.);
#5495 = LINE('',#5496,#5497);
#5496 = CARTESIAN_POINT('',(6.4,75.,4.));
#5497 = VECTOR('',#5498,1.);
#5498 = DIRECTION('',(-0.,-0.,-1.));
#5499 = CYLINDRICAL_SURFACE('',#5500,0.4);
#5500 = AXIS2_PLACEMENT_3D('',#5501,#5502,#5503);
#5501 = CARTESIAN_POINT('',(6.4,75.4,4.));
#5502 = DIRECTION('',(0.,0.,1.));
#5503 = DIRECTION('',(1.,0.,0.));
#5504 = ADVANCED_FACE('',(#5505),#5516,.F.);
#5505 = FACE_BOUND('',#5506,.F.);
#5506 = EDGE_LOOP('',(#5507,#5508,#5514,#5515));
#5507 = ORIENTED_EDGE('',*,*,#2352,.F.);
#5508 = ORIENTED_EDGE('',*,*,#5509,.T.);
#5509 = EDGE_CURVE('',#2353,#1306,#5510,.T.);
#5510 = LINE('',#5511,#5512);
#5511 = CARTESIAN_POINT('',(6.,83.4,4.));
#5512 = VECTOR('',#5513,1.);
#5513 = DIRECTION('',(-0.,-0.,-1.));
#5514 = ORIENTED_EDGE('',*,*,#1305,.F.);
#5515 = ORIENTED_EDGE('',*,*,#5487,.F.);
#5516 = PLANE('',#5517);
#5517 = AXIS2_PLACEMENT_3D('',#5518,#5519,#5520);
#5518 = CARTESIAN_POINT('',(6.,83.4,4.));
#5519 = DIRECTION('',(-1.,0.,0.));
#5520 = DIRECTION('',(0.,-1.,0.));
#5521 = ADVANCED_FACE('',(#5522),#5533,.F.);
#5522 = FACE_BOUND('',#5523,.F.);
#5523 = EDGE_LOOP('',(#5524,#5525,#5526,#5527));
#5524 = ORIENTED_EDGE('',*,*,#2405,.F.);
#5525 = ORIENTED_EDGE('',*,*,#5494,.T.);
#5526 = ORIENTED_EDGE('',*,*,#1356,.F.);
#5527 = ORIENTED_EDGE('',*,*,#5528,.F.);
#5528 = EDGE_CURVE('',#2397,#1348,#5529,.T.);
#5529 = LINE('',#5530,#5531);
#5530 = CARTESIAN_POINT('',(14.4,75.,4.));
#5531 = VECTOR('',#5532,1.);
#5532 = DIRECTION('',(-0.,-0.,-1.));
#5533 = PLANE('',#5534);
#5534 = AXIS2_PLACEMENT_3D('',#5535,#5536,#5537);
#5535 = CARTESIAN_POINT('',(6.4,75.,4.));
#5536 = DIRECTION('',(0.,-1.,0.));
#5537 = DIRECTION('',(1.,0.,0.));
#5538 = ADVANCED_FACE('',(#5539),#5550,.F.);
#5539 = FACE_BOUND('',#5540,.F.);
#5540 = EDGE_LOOP('',(#5541,#5542,#5548,#5549));
#5541 = ORIENTED_EDGE('',*,*,#2362,.F.);
#5542 = ORIENTED_EDGE('',*,*,#5543,.T.);
#5543 = EDGE_CURVE('',#2363,#1314,#5544,.T.);
#5544 = LINE('',#5545,#5546);
#5545 = CARTESIAN_POINT('',(6.4,83.8,4.));
#5546 = VECTOR('',#5547,1.);
#5547 = DIRECTION('',(-0.,-0.,-1.));
#5548 = ORIENTED_EDGE('',*,*,#1313,.T.);
#5549 = ORIENTED_EDGE('',*,*,#5509,.F.);
#5550 = CYLINDRICAL_SURFACE('',#5551,0.4);
#5551 = AXIS2_PLACEMENT_3D('',#5552,#5553,#5554);
#5552 = CARTESIAN_POINT('',(6.4,83.4,4.));
#5553 = DIRECTION('',(0.,0.,1.));
#5554 = DIRECTION('',(1.,0.,0.));
#5555 = ADVANCED_FACE('',(#5556),#5567,.F.);
#5556 = FACE_BOUND('',#5557,.F.);
#5557 = EDGE_LOOP('',(#5558,#5559,#5560,#5561));
#5558 = ORIENTED_EDGE('',*,*,#2396,.F.);
#5559 = ORIENTED_EDGE('',*,*,#5528,.T.);
#5560 = ORIENTED_EDGE('',*,*,#1347,.T.);
#5561 = ORIENTED_EDGE('',*,*,#5562,.F.);
#5562 = EDGE_CURVE('',#2389,#1340,#5563,.T.);
#5563 = LINE('',#5564,#5565);
#5564 = CARTESIAN_POINT('',(14.8,75.4,4.));
#5565 = VECTOR('',#5566,1.);
#5566 = DIRECTION('',(-0.,-0.,-1.));
#5567 = CYLINDRICAL_SURFACE('',#5568,0.4);
#5568 = AXIS2_PLACEMENT_3D('',#5569,#5570,#5571);
#5569 = CARTESIAN_POINT('',(14.4,75.4,4.));
#5570 = DIRECTION('',(0.,0.,1.));
#5571 = DIRECTION('',(1.,0.,0.));
#5572 = ADVANCED_FACE('',(#5573),#5584,.F.);
#5573 = FACE_BOUND('',#5574,.F.);
#5574 = EDGE_LOOP('',(#5575,#5576,#5582,#5583));
#5575 = ORIENTED_EDGE('',*,*,#2371,.F.);
#5576 = ORIENTED_EDGE('',*,*,#5577,.T.);
#5577 = EDGE_CURVE('',#2372,#1323,#5578,.T.);
#5578 = LINE('',#5579,#5580);
#5579 = CARTESIAN_POINT('',(14.4,83.8,4.));
#5580 = VECTOR('',#5581,1.);
#5581 = DIRECTION('',(-0.,-0.,-1.));
#5582 = ORIENTED_EDGE('',*,*,#1322,.F.);
#5583 = ORIENTED_EDGE('',*,*,#5543,.F.);
#5584 = PLANE('',#5585);
#5585 = AXIS2_PLACEMENT_3D('',#5586,#5587,#5588);
#5586 = CARTESIAN_POINT('',(14.4,83.8,4.));
#5587 = DIRECTION('',(0.,1.,0.));
#5588 = DIRECTION('',(-1.,0.,0.));
#5589 = ADVANCED_FACE('',(#5590),#5601,.F.);
#5590 = FACE_BOUND('',#5591,.F.);
#5591 = EDGE_LOOP('',(#5592,#5593,#5594,#5595));
#5592 = ORIENTED_EDGE('',*,*,#2388,.F.);
#5593 = ORIENTED_EDGE('',*,*,#5562,.T.);
#5594 = ORIENTED_EDGE('',*,*,#1339,.F.);
#5595 = ORIENTED_EDGE('',*,*,#5596,.F.);
#5596 = EDGE_CURVE('',#2380,#1331,#5597,.T.);
#5597 = LINE('',#5598,#5599);
#5598 = CARTESIAN_POINT('',(14.8,83.4,4.));
#5599 = VECTOR('',#5600,1.);
#5600 = DIRECTION('',(-0.,-0.,-1.));
#5601 = PLANE('',#5602);
#5602 = AXIS2_PLACEMENT_3D('',#5603,#5604,#5605);
#5603 = CARTESIAN_POINT('',(14.8,75.4,4.));
#5604 = DIRECTION('',(1.,0.,0.));
#5605 = DIRECTION('',(0.,1.,0.));
#5606 = ADVANCED_FACE('',(#5607),#5613,.F.);
#5607 = FACE_BOUND('',#5608,.F.);
#5608 = EDGE_LOOP('',(#5609,#5610,#5611,#5612));
#5609 = ORIENTED_EDGE('',*,*,#2379,.F.);
#5610 = ORIENTED_EDGE('',*,*,#5596,.T.);
#5611 = ORIENTED_EDGE('',*,*,#1330,.T.);
#5612 = ORIENTED_EDGE('',*,*,#5577,.F.);
#5613 = CYLINDRICAL_SURFACE('',#5614,0.4);
#5614 = AXIS2_PLACEMENT_3D('',#5615,#5616,#5617);
#5615 = CARTESIAN_POINT('',(14.4,83.4,4.));
#5616 = DIRECTION('',(0.,0.,1.));
#5617 = DIRECTION('',(1.,0.,0.));
#5618 = ADVANCED_FACE('',(#5619),#5712,.F.);
#5619 = FACE_BOUND('',#5620,.T.);
#5620 = EDGE_LOOP('',(#5621,#5629,#5630,#5631,#5640,#5668,#5677,#5705));
#5621 = ORIENTED_EDGE('',*,*,#5622,.F.);
#5622 = EDGE_CURVE('',#1365,#5623,#5625,.T.);
#5623 = VERTEX_POINT('',#5624);
#5624 = CARTESIAN_POINT('',(23.75,92.5,2.));
#5625 = LINE('',#5626,#5627);
#5626 = CARTESIAN_POINT('',(23.75,92.5,0.));
#5627 = VECTOR('',#5628,1.);
#5628 = DIRECTION('',(0.,0.,1.));
#5629 = ORIENTED_EDGE('',*,*,#1364,.F.);
#5630 = ORIENTED_EDGE('',*,*,#5622,.T.);
#5631 = ORIENTED_EDGE('',*,*,#5632,.F.);
#5632 = EDGE_CURVE('',#5633,#5623,#5635,.T.);
#5633 = VERTEX_POINT('',#5634);
#5634 = CARTESIAN_POINT('',(21.8,95.131064423385,2.));
#5635 = CIRCLE('',#5636,2.75);
#5636 = AXIS2_PLACEMENT_3D('',#5637,#5638,#5639);
#5637 = CARTESIAN_POINT('',(21.,92.5,2.));
#5638 = DIRECTION('',(0.,0.,-1.));
#5639 = DIRECTION('',(1.,0.,0.));
#5640 = ORIENTED_EDGE('',*,*,#5641,.T.);
#5641 = EDGE_CURVE('',#5633,#5642,#5644,.T.);
#5642 = VERTEX_POINT('',#5643);
#5643 = CARTESIAN_POINT('',(20.2,95.131064423385,2.));
#5644 = B_SPLINE_CURVE_WITH_KNOTS('',8,(#5645,#5646,#5647,#5648,#5649,
    #5650,#5651,#5652,#5653,#5654,#5655,#5656,#5657,#5658,#5659,#5660,
    #5661,#5662,#5663,#5664,#5665,#5666,#5667),.UNSPECIFIED.,.F.,.F.,(9,
    7,7,9),(0.,0.426636442019,0.688670209049,1.),.UNSPECIFIED.);
#5645 = CARTESIAN_POINT('',(21.799999835624,95.131064473365,
    2.000512836963));
#5646 = CARTESIAN_POINT('',(21.80008002012,95.131040092516,
    1.875429061742));
#5647 = CARTESIAN_POINT('',(21.77780946914,95.137812339903,
    1.749495584097));
#5648 = CARTESIAN_POINT('',(21.732662300325,95.151538719246,
    1.626984746435));
#5649 = CARTESIAN_POINT('',(21.664889238178,95.1710052121,1.512247990383
    ));
#5650 = CARTESIAN_POINT('',(21.575346455964,95.193441314603,
    1.409807155155));
#5651 = CARTESIAN_POINT('',(21.46579582775,95.215231526871,
    1.324446181078));
#5652 = CARTESIAN_POINT('',(21.338918069206,95.232641239495,
    1.261070672778));
#5653 = CARTESIAN_POINT('',(21.112986773116,95.249029442613,
    1.203061375501));
#5654 = CARTESIAN_POINT('',(21.023582723262,95.252418998377,
    1.191724316279));
#5655 = CARTESIAN_POINT('',(20.932748724723,95.252411717059,
    1.191941749113));
#5656 = CARTESIAN_POINT('',(20.842649042839,95.248815438442,
    1.203913080882));
#5657 = CARTESIAN_POINT('',(20.755438193041,95.241904065212,
    1.227253849681));
#5658 = CARTESIAN_POINT('',(20.673138131275,95.232386991333,
    1.260999115922));
#5659 = CARTESIAN_POINT('',(20.597497381733,95.221252752875,
    1.303580887804));
#5660 = CARTESIAN_POINT('',(20.449305101018,95.19553427621,
    1.411248882066));
#5661 = CARTESIAN_POINT('',(20.379039166827,95.180526396331,
    1.479768723496));
#5662 = CARTESIAN_POINT('',(20.319771630681,95.165804357593,
    1.556327947014));
#5663 = CARTESIAN_POINT('',(20.272003538198,95.152622739582,
    1.639095550285));
#5664 = CARTESIAN_POINT('',(20.236031099147,95.142019888425,
    1.726383327485));
#5665 = CARTESIAN_POINT('',(20.212009911976,95.134716177511,
    1.816618173805));
#5666 = CARTESIAN_POINT('',(20.2,95.131064423385,1.908310702556));
#5667 = CARTESIAN_POINT('',(20.2,95.131064423385,2.));
#5668 = ORIENTED_EDGE('',*,*,#5669,.F.);
#5669 = EDGE_CURVE('',#5670,#5642,#5672,.T.);
#5670 = VERTEX_POINT('',#5671);
#5671 = CARTESIAN_POINT('',(20.2,89.868935576615,2.));
#5672 = CIRCLE('',#5673,2.75);
#5673 = AXIS2_PLACEMENT_3D('',#5674,#5675,#5676);
#5674 = CARTESIAN_POINT('',(21.,92.5,2.));
#5675 = DIRECTION('',(0.,0.,-1.));
#5676 = DIRECTION('',(1.,0.,0.));
#5677 = ORIENTED_EDGE('',*,*,#5678,.F.);
#5678 = EDGE_CURVE('',#5679,#5670,#5681,.T.);
#5679 = VERTEX_POINT('',#5680);
#5680 = CARTESIAN_POINT('',(21.8,89.868935576615,2.));
#5681 = B_SPLINE_CURVE_WITH_KNOTS('',8,(#5682,#5683,#5684,#5685,#5686,
    #5687,#5688,#5689,#5690,#5691,#5692,#5693,#5694,#5695,#5696,#5697,
    #5698,#5699,#5700,#5701,#5702,#5703,#5704),.UNSPECIFIED.,.F.,.F.,(9,
    7,7,9),(0.,0.388349451787,0.668724390016,1.),.UNSPECIFIED.);
#5682 = CARTESIAN_POINT('',(21.799999835624,89.868935526635,
    2.000512836963));
#5683 = CARTESIAN_POINT('',(21.800073106829,89.868957805433,
    1.886213447599));
#5684 = CARTESIAN_POINT('',(21.781483280125,89.863305105612,
    1.771575957562));
#5685 = CARTESIAN_POINT('',(21.744041587007,89.85192005317,
    1.659621947359));
#5686 = CARTESIAN_POINT('',(21.687885544242,89.835643236581,
    1.553459586653));
#5687 = CARTESIAN_POINT('',(21.613505307149,89.816304878864,
    1.456375869019));
#5688 = CARTESIAN_POINT('',(21.521908502509,89.796419375501,
    1.371899710535));
#5689 = CARTESIAN_POINT('',(21.414710472833,89.778762502743,
    1.303773646118));
#5690 = CARTESIAN_POINT('',(21.207711559732,89.75646660972,
    1.221816978631));
#5691 = CARTESIAN_POINT('',(21.114821099045,89.749646246266,
    1.198425865691));
#5692 = CARTESIAN_POINT('',(21.018135840837,89.746342265497,
    1.187741640269));
#5693 = CARTESIAN_POINT('',(20.920348340406,89.747183902634,
    1.190596650434));
#5694 = CARTESIAN_POINT('',(20.824250264128,89.752180668686,
    1.206979454954));
#5695 = CARTESIAN_POINT('',(20.73254372244,89.760686077649,1.23605112811
    ));
#5696 = CARTESIAN_POINT('',(20.647640335034,89.77157378528,
    1.276115083274));
#5697 = CARTESIAN_POINT('',(20.481184587002,89.797841472212,
    1.381751113162));
#5698 = CARTESIAN_POINT('',(20.402138759506,89.813820157109,
    1.451205242061));
#5699 = CARTESIAN_POINT('',(20.33529952322,89.829938842425,
    1.530420887772));
#5700 = CARTESIAN_POINT('',(20.281353329415,89.844626527079,
    1.617158184969));
#5701 = CARTESIAN_POINT('',(20.24070441318,89.856559144578,
    1.709354921722));
#5702 = CARTESIAN_POINT('',(20.213562151614,89.864811862224,
    1.805093603629));
#5703 = CARTESIAN_POINT('',(20.2,89.868935576615,1.902565506221));
#5704 = CARTESIAN_POINT('',(20.2,89.868935576615,2.));
#5705 = ORIENTED_EDGE('',*,*,#5706,.F.);
#5706 = EDGE_CURVE('',#5623,#5679,#5707,.T.);
#5707 = CIRCLE('',#5708,2.75);
#5708 = AXIS2_PLACEMENT_3D('',#5709,#5710,#5711);
#5709 = CARTESIAN_POINT('',(21.,92.5,2.));
#5710 = DIRECTION('',(0.,0.,-1.));
#5711 = DIRECTION('',(1.,0.,0.));
#5712 = CYLINDRICAL_SURFACE('',#5713,2.75);
#5713 = AXIS2_PLACEMENT_3D('',#5714,#5715,#5716);
#5714 = CARTESIAN_POINT('',(21.,92.5,0.));
#5715 = DIRECTION('',(-0.,-0.,-1.));
#5716 = DIRECTION('',(1.,0.,0.));
#5717 = ADVANCED_FACE('',(#5718),#5736,.F.);
#5718 = FACE_BOUND('',#5719,.T.);
#5719 = EDGE_LOOP('',(#5720,#5727,#5728,#5729));
#5720 = ORIENTED_EDGE('',*,*,#5721,.F.);
#5721 = EDGE_CURVE('',#1376,#5722,#5724,.T.);
#5722 = VERTEX_POINT('',#5723);
#5723 = CARTESIAN_POINT('',(37.75,80.,1.25));
#5724 = B_SPLINE_CURVE_WITH_KNOTS('',1,(#5725,#5726),.UNSPECIFIED.,.F.,
  .F.,(2,2),(0.,1.),.PIECEWISE_BEZIER_KNOTS.);
#5725 = CARTESIAN_POINT('',(39.,80.,0.));
#5726 = CARTESIAN_POINT('',(37.,80.,2.));
#5727 = ORIENTED_EDGE('',*,*,#1375,.T.);
#5728 = ORIENTED_EDGE('',*,*,#5721,.T.);
#5729 = ORIENTED_EDGE('',*,*,#5730,.F.);
#5730 = EDGE_CURVE('',#5722,#5722,#5731,.T.);
#5731 = CIRCLE('',#5732,2.75);
#5732 = AXIS2_PLACEMENT_3D('',#5733,#5734,#5735);
#5733 = CARTESIAN_POINT('',(35.,80.,1.25));
#5734 = DIRECTION('',(0.,0.,-1.));
#5735 = DIRECTION('',(0.,1.,0.));
#5736 = CONICAL_SURFACE('',#5737,4.,0.785398163397);
#5737 = AXIS2_PLACEMENT_3D('',#5738,#5739,#5740);
#5738 = CARTESIAN_POINT('',(35.,80.,0.));
#5739 = DIRECTION('',(-0.,-0.,-1.));
#5740 = DIRECTION('',(1.,0.,0.));
#5741 = ADVANCED_FACE('',(#5742),#5760,.F.);
#5742 = FACE_BOUND('',#5743,.F.);
#5743 = EDGE_LOOP('',(#5744,#5745,#5746,#5754));
#5744 = ORIENTED_EDGE('',*,*,#1644,.F.);
#5745 = ORIENTED_EDGE('',*,*,#3101,.F.);
#5746 = ORIENTED_EDGE('',*,*,#5747,.T.);
#5747 = EDGE_CURVE('',#3102,#5748,#5750,.T.);
#5748 = VERTEX_POINT('',#5749);
#5749 = CARTESIAN_POINT('',(-25.5,84.5,2.));
#5750 = LINE('',#5751,#5752);
#5751 = CARTESIAN_POINT('',(-25.5,100.5,2.));
#5752 = VECTOR('',#5753,1.);
#5753 = DIRECTION('',(0.,-1.,0.));
#5754 = ORIENTED_EDGE('',*,*,#5755,.F.);
#5755 = EDGE_CURVE('',#1636,#5748,#5756,.T.);
#5756 = LINE('',#5757,#5758);
#5757 = CARTESIAN_POINT('',(-25.5,84.5,4.));
#5758 = VECTOR('',#5759,1.);
#5759 = DIRECTION('',(-0.,-0.,-1.));
#5760 = PLANE('',#5761);
#5761 = AXIS2_PLACEMENT_3D('',#5762,#5763,#5764);
#5762 = CARTESIAN_POINT('',(-25.5,100.5,4.));
#5763 = DIRECTION('',(-1.,0.,0.));
#5764 = DIRECTION('',(0.,-1.,0.));
#5765 = ADVANCED_FACE('',(#5766),#5785,.F.);
#5766 = FACE_BOUND('',#5767,.F.);
#5767 = EDGE_LOOP('',(#5768,#5769,#5778,#5784));
#5768 = ORIENTED_EDGE('',*,*,#5755,.T.);
#5769 = ORIENTED_EDGE('',*,*,#5770,.T.);
#5770 = EDGE_CURVE('',#5748,#5771,#5773,.T.);
#5771 = VERTEX_POINT('',#5772);
#5772 = CARTESIAN_POINT('',(-16.5,84.5,2.));
#5773 = CIRCLE('',#5774,4.5);
#5774 = AXIS2_PLACEMENT_3D('',#5775,#5776,#5777);
#5775 = CARTESIAN_POINT('',(-21.,84.5,2.));
#5776 = DIRECTION('',(0.,0.,1.));
#5777 = DIRECTION('',(1.,0.,0.));
#5778 = ORIENTED_EDGE('',*,*,#5779,.F.);
#5779 = EDGE_CURVE('',#1628,#5771,#5780,.T.);
#5780 = LINE('',#5781,#5782);
#5781 = CARTESIAN_POINT('',(-16.5,84.5,4.));
#5782 = VECTOR('',#5783,1.);
#5783 = DIRECTION('',(-0.,-0.,-1.));
#5784 = ORIENTED_EDGE('',*,*,#1635,.F.);
#5785 = CYLINDRICAL_SURFACE('',#5786,4.5);
#5786 = AXIS2_PLACEMENT_3D('',#5787,#5788,#5789);
#5787 = CARTESIAN_POINT('',(-21.,84.5,4.));
#5788 = DIRECTION('',(0.,0.,1.));
#5789 = DIRECTION('',(1.,0.,0.));
#5790 = ADVANCED_FACE('',(#5791),#5802,.T.);
#5791 = FACE_BOUND('',#5792,.T.);
#5792 = EDGE_LOOP('',(#5793,#5794,#5795,#5801));
#5793 = ORIENTED_EDGE('',*,*,#1627,.F.);
#5794 = ORIENTED_EDGE('',*,*,#3134,.F.);
#5795 = ORIENTED_EDGE('',*,*,#5796,.T.);
#5796 = EDGE_CURVE('',#3127,#5771,#5797,.T.);
#5797 = LINE('',#5798,#5799);
#5798 = CARTESIAN_POINT('',(-16.5,100.5,2.));
#5799 = VECTOR('',#5800,1.);
#5800 = DIRECTION('',(0.,-1.,0.));
#5801 = ORIENTED_EDGE('',*,*,#5779,.F.);
#5802 = PLANE('',#5803);
#5803 = AXIS2_PLACEMENT_3D('',#5804,#5805,#5806);
#5804 = CARTESIAN_POINT('',(-16.5,100.5,4.));
#5805 = DIRECTION('',(-1.,0.,0.));
#5806 = DIRECTION('',(0.,-1.,0.));
#5807 = ADVANCED_FACE('',(#5808),#5826,.F.);
#5808 = FACE_BOUND('',#5809,.F.);
#5809 = EDGE_LOOP('',(#5810,#5811,#5812,#5820));
#5810 = ORIENTED_EDGE('',*,*,#1611,.F.);
#5811 = ORIENTED_EDGE('',*,*,#3141,.F.);
#5812 = ORIENTED_EDGE('',*,*,#5813,.T.);
#5813 = EDGE_CURVE('',#3142,#5814,#5816,.T.);
#5814 = VERTEX_POINT('',#5815);
#5815 = CARTESIAN_POINT('',(16.5,84.5,2.));
#5816 = LINE('',#5817,#5818);
#5817 = CARTESIAN_POINT('',(16.5,100.5,2.));
#5818 = VECTOR('',#5819,1.);
#5819 = DIRECTION('',(0.,-1.,0.));
#5820 = ORIENTED_EDGE('',*,*,#5821,.F.);
#5821 = EDGE_CURVE('',#1603,#5814,#5822,.T.);
#5822 = LINE('',#5823,#5824);
#5823 = CARTESIAN_POINT('',(16.5,84.5,4.));
#5824 = VECTOR('',#5825,1.);
#5825 = DIRECTION('',(-0.,-0.,-1.));
#5826 = PLANE('',#5827);
#5827 = AXIS2_PLACEMENT_3D('',#5828,#5829,#5830);
#5828 = CARTESIAN_POINT('',(16.5,100.5,4.));
#5829 = DIRECTION('',(-1.,0.,0.));
#5830 = DIRECTION('',(0.,-1.,0.));
#5831 = ADVANCED_FACE('',(#5832),#5851,.F.);
#5832 = FACE_BOUND('',#5833,.F.);
#5833 = EDGE_LOOP('',(#5834,#5835,#5844,#5850));
#5834 = ORIENTED_EDGE('',*,*,#5821,.T.);
#5835 = ORIENTED_EDGE('',*,*,#5836,.T.);
#5836 = EDGE_CURVE('',#5814,#5837,#5839,.T.);
#5837 = VERTEX_POINT('',#5838);
#5838 = CARTESIAN_POINT('',(25.5,84.5,2.));
#5839 = CIRCLE('',#5840,4.5);
#5840 = AXIS2_PLACEMENT_3D('',#5841,#5842,#5843);
#5841 = CARTESIAN_POINT('',(21.,84.5,2.));
#5842 = DIRECTION('',(0.,0.,1.));
#5843 = DIRECTION('',(1.,0.,0.));
#5844 = ORIENTED_EDGE('',*,*,#5845,.F.);
#5845 = EDGE_CURVE('',#1595,#5837,#5846,.T.);
#5846 = LINE('',#5847,#5848);
#5847 = CARTESIAN_POINT('',(25.5,84.5,4.));
#5848 = VECTOR('',#5849,1.);
#5849 = DIRECTION('',(-0.,-0.,-1.));
#5850 = ORIENTED_EDGE('',*,*,#1602,.F.);
#5851 = CYLINDRICAL_SURFACE('',#5852,4.5);
#5852 = AXIS2_PLACEMENT_3D('',#5853,#5854,#5855);
#5853 = CARTESIAN_POINT('',(21.,84.5,4.));
#5854 = DIRECTION('',(0.,0.,1.));
#5855 = DIRECTION('',(1.,0.,0.));
#5856 = ADVANCED_FACE('',(#5857),#5868,.T.);
#5857 = FACE_BOUND('',#5858,.T.);
#5858 = EDGE_LOOP('',(#5859,#5860,#5861,#5867));
#5859 = ORIENTED_EDGE('',*,*,#1594,.F.);
#5860 = ORIENTED_EDGE('',*,*,#3174,.F.);
#5861 = ORIENTED_EDGE('',*,*,#5862,.T.);
#5862 = EDGE_CURVE('',#3167,#5837,#5863,.T.);
#5863 = LINE('',#5864,#5865);
#5864 = CARTESIAN_POINT('',(25.5,100.5,2.));
#5865 = VECTOR('',#5866,1.);
#5866 = DIRECTION('',(0.,-1.,0.));
#5867 = ORIENTED_EDGE('',*,*,#5845,.F.);
#5868 = PLANE('',#5869);
#5869 = AXIS2_PLACEMENT_3D('',#5870,#5871,#5872);
#5870 = CARTESIAN_POINT('',(25.5,100.5,4.));
#5871 = DIRECTION('',(-1.,0.,0.));
#5872 = DIRECTION('',(0.,-1.,0.));
#5873 = ADVANCED_FACE('',(#5874),#5892,.T.);
#5874 = FACE_BOUND('',#5875,.T.);
#5875 = EDGE_LOOP('',(#5876,#5877,#5885,#5891));
#5876 = ORIENTED_EDGE('',*,*,#1494,.F.);
#5877 = ORIENTED_EDGE('',*,*,#5878,.T.);
#5878 = EDGE_CURVE('',#1486,#5879,#5881,.T.);
#5879 = VERTEX_POINT('',#5880);
#5880 = CARTESIAN_POINT('',(28.5,-84.5,2.));
#5881 = LINE('',#5882,#5883);
#5882 = CARTESIAN_POINT('',(28.5,-84.5,4.));
#5883 = VECTOR('',#5884,1.);
#5884 = DIRECTION('',(-0.,-0.,-1.));
#5885 = ORIENTED_EDGE('',*,*,#5886,.T.);
#5886 = EDGE_CURVE('',#5879,#2662,#5887,.T.);
#5887 = LINE('',#5888,#5889);
#5888 = CARTESIAN_POINT('',(28.5,-84.5,2.));
#5889 = VECTOR('',#5890,1.);
#5890 = DIRECTION('',(0.,-1.,0.));
#5891 = ORIENTED_EDGE('',*,*,#2661,.F.);
#5892 = PLANE('',#5893);
#5893 = AXIS2_PLACEMENT_3D('',#5894,#5895,#5896);
#5894 = CARTESIAN_POINT('',(28.5,-84.5,4.));
#5895 = DIRECTION('',(-1.,0.,0.));
#5896 = DIRECTION('',(0.,-1.,0.));
#5897 = ADVANCED_FACE('',(#5898),#5917,.F.);
#5898 = FACE_BOUND('',#5899,.F.);
#5899 = EDGE_LOOP('',(#5900,#5901,#5910,#5916));
#5900 = ORIENTED_EDGE('',*,*,#5878,.T.);
#5901 = ORIENTED_EDGE('',*,*,#5902,.T.);
#5902 = EDGE_CURVE('',#5879,#5903,#5905,.T.);
#5903 = VERTEX_POINT('',#5904);
#5904 = CARTESIAN_POINT('',(19.5,-84.5,2.));
#5905 = CIRCLE('',#5906,4.5);
#5906 = AXIS2_PLACEMENT_3D('',#5907,#5908,#5909);
#5907 = CARTESIAN_POINT('',(24.,-84.5,2.));
#5908 = DIRECTION('',(0.,0.,1.));
#5909 = DIRECTION('',(1.,0.,0.));
#5910 = ORIENTED_EDGE('',*,*,#5911,.F.);
#5911 = EDGE_CURVE('',#1478,#5903,#5912,.T.);
#5912 = LINE('',#5913,#5914);
#5913 = CARTESIAN_POINT('',(19.5,-84.5,4.));
#5914 = VECTOR('',#5915,1.);
#5915 = DIRECTION('',(-0.,-0.,-1.));
#5916 = ORIENTED_EDGE('',*,*,#1485,.F.);
#5917 = CYLINDRICAL_SURFACE('',#5918,4.5);
#5918 = AXIS2_PLACEMENT_3D('',#5919,#5920,#5921);
#5919 = CARTESIAN_POINT('',(24.,-84.5,4.));
#5920 = DIRECTION('',(0.,0.,1.));
#5921 = DIRECTION('',(1.,0.,0.));
#5922 = ADVANCED_FACE('',(#5923),#5934,.F.);
#5923 = FACE_BOUND('',#5924,.F.);
#5924 = EDGE_LOOP('',(#5925,#5926,#5927,#5933));
#5925 = ORIENTED_EDGE('',*,*,#1477,.F.);
#5926 = ORIENTED_EDGE('',*,*,#5911,.T.);
#5927 = ORIENTED_EDGE('',*,*,#5928,.T.);
#5928 = EDGE_CURVE('',#5903,#2687,#5929,.T.);
#5929 = LINE('',#5930,#5931);
#5930 = CARTESIAN_POINT('',(19.5,-84.5,2.));
#5931 = VECTOR('',#5932,1.);
#5932 = DIRECTION('',(0.,-1.,0.));
#5933 = ORIENTED_EDGE('',*,*,#2694,.F.);
#5934 = PLANE('',#5935);
#5935 = AXIS2_PLACEMENT_3D('',#5936,#5937,#5938);
#5936 = CARTESIAN_POINT('',(19.5,-84.5,4.));
#5937 = DIRECTION('',(-1.,0.,0.));
#5938 = DIRECTION('',(0.,-1.,0.));
#5939 = ADVANCED_FACE('',(#5940),#5958,.T.);
#5940 = FACE_BOUND('',#5941,.T.);
#5941 = EDGE_LOOP('',(#5942,#5943,#5951,#5957));
#5942 = ORIENTED_EDGE('',*,*,#1461,.F.);
#5943 = ORIENTED_EDGE('',*,*,#5944,.T.);
#5944 = EDGE_CURVE('',#1453,#5945,#5947,.T.);
#5945 = VERTEX_POINT('',#5946);
#5946 = CARTESIAN_POINT('',(-19.5,-84.5,2.));
#5947 = LINE('',#5948,#5949);
#5948 = CARTESIAN_POINT('',(-19.5,-84.5,4.));
#5949 = VECTOR('',#5950,1.);
#5950 = DIRECTION('',(-0.,-0.,-1.));
#5951 = ORIENTED_EDGE('',*,*,#5952,.T.);
#5952 = EDGE_CURVE('',#5945,#2702,#5953,.T.);
#5953 = LINE('',#5954,#5955);
#5954 = CARTESIAN_POINT('',(-19.5,-84.5,2.));
#5955 = VECTOR('',#5956,1.);
#5956 = DIRECTION('',(0.,-1.,0.));
#5957 = ORIENTED_EDGE('',*,*,#2701,.F.);
#5958 = PLANE('',#5959);
#5959 = AXIS2_PLACEMENT_3D('',#5960,#5961,#5962);
#5960 = CARTESIAN_POINT('',(-19.5,-84.5,4.));
#5961 = DIRECTION('',(-1.,0.,0.));
#5962 = DIRECTION('',(0.,-1.,0.));
#5963 = ADVANCED_FACE('',(#5964),#5983,.F.);
#5964 = FACE_BOUND('',#5965,.F.);
#5965 = EDGE_LOOP('',(#5966,#5967,#5976,#5982));
#5966 = ORIENTED_EDGE('',*,*,#5944,.T.);
#5967 = ORIENTED_EDGE('',*,*,#5968,.T.);
#5968 = EDGE_CURVE('',#5945,#5969,#5971,.T.);
#5969 = VERTEX_POINT('',#5970);
#5970 = CARTESIAN_POINT('',(-28.5,-84.5,2.));
#5971 = CIRCLE('',#5972,4.5);
#5972 = AXIS2_PLACEMENT_3D('',#5973,#5974,#5975);
#5973 = CARTESIAN_POINT('',(-24.,-84.5,2.));
#5974 = DIRECTION('',(0.,0.,1.));
#5975 = DIRECTION('',(1.,0.,0.));
#5976 = ORIENTED_EDGE('',*,*,#5977,.F.);
#5977 = EDGE_CURVE('',#1445,#5969,#5978,.T.);
#5978 = LINE('',#5979,#5980);
#5979 = CARTESIAN_POINT('',(-28.5,-84.5,4.));
#5980 = VECTOR('',#5981,1.);
#5981 = DIRECTION('',(-0.,-0.,-1.));
#5982 = ORIENTED_EDGE('',*,*,#1452,.F.);
#5983 = CYLINDRICAL_SURFACE('',#5984,4.5);
#5984 = AXIS2_PLACEMENT_3D('',#5985,#5986,#5987);
#5985 = CARTESIAN_POINT('',(-24.,-84.5,4.));
#5986 = DIRECTION('',(0.,0.,1.));
#5987 = DIRECTION('',(1.,0.,0.));
#5988 = ADVANCED_FACE('',(#5989),#6000,.F.);
#5989 = FACE_BOUND('',#5990,.F.);
#5990 = EDGE_LOOP('',(#5991,#5992,#5993,#5999));
#5991 = ORIENTED_EDGE('',*,*,#1444,.F.);
#5992 = ORIENTED_EDGE('',*,*,#5977,.T.);
#5993 = ORIENTED_EDGE('',*,*,#5994,.T.);
#5994 = EDGE_CURVE('',#5969,#2727,#5995,.T.);
#5995 = LINE('',#5996,#5997);
#5996 = CARTESIAN_POINT('',(-28.5,-84.5,2.));
#5997 = VECTOR('',#5998,1.);
#5998 = DIRECTION('',(0.,-1.,0.));
#5999 = ORIENTED_EDGE('',*,*,#2734,.F.);
#6000 = PLANE('',#6001);
#6001 = AXIS2_PLACEMENT_3D('',#6002,#6003,#6004);
#6002 = CARTESIAN_POINT('',(-28.5,-84.5,4.));
#6003 = DIRECTION('',(-1.,0.,0.));
#6004 = DIRECTION('',(0.,-1.,0.));
#6005 = ADVANCED_FACE('',(#6006),#6017,.F.);
#6006 = FACE_BOUND('',#6007,.T.);
#6007 = EDGE_LOOP('',(#6008,#6009,#6015,#6016));
#6008 = ORIENTED_EDGE('',*,*,#3569,.T.);
#6009 = ORIENTED_EDGE('',*,*,#6010,.T.);
#6010 = EDGE_CURVE('',#3561,#1823,#6011,.T.);
#6011 = LINE('',#6012,#6013);
#6012 = CARTESIAN_POINT('',(2.75,-92.5,0.));
#6013 = VECTOR('',#6014,1.);
#6014 = DIRECTION('',(0.,0.,1.));
#6015 = ORIENTED_EDGE('',*,*,#1822,.T.);
#6016 = ORIENTED_EDGE('',*,*,#6010,.F.);
#6017 = CYLINDRICAL_SURFACE('',#6018,2.75);
#6018 = AXIS2_PLACEMENT_3D('',#6019,#6020,#6021);
#6019 = CARTESIAN_POINT('',(0.,-92.5,0.));
#6020 = DIRECTION('',(-0.,-0.,-1.));
#6021 = DIRECTION('',(1.,0.,0.));
#6022 = ADVANCED_FACE('',(#6023),#6042,.F.);
#6023 = FACE_BOUND('',#6024,.F.);
#6024 = EDGE_LOOP('',(#6025,#6026,#6034,#6041));
#6025 = ORIENTED_EDGE('',*,*,#1833,.F.);
#6026 = ORIENTED_EDGE('',*,*,#6027,.T.);
#6027 = EDGE_CURVE('',#1834,#6028,#6030,.T.);
#6028 = VERTEX_POINT('',#6029);
#6029 = CARTESIAN_POINT('',(1.5,-60.,1.6));
#6030 = LINE('',#6031,#6032);
#6031 = CARTESIAN_POINT('',(1.5,-60.,4.));
#6032 = VECTOR('',#6033,1.);
#6033 = DIRECTION('',(-0.,-0.,-1.));
#6034 = ORIENTED_EDGE('',*,*,#6035,.T.);
#6035 = EDGE_CURVE('',#6028,#6028,#6036,.T.);
#6036 = CIRCLE('',#6037,1.5);
#6037 = AXIS2_PLACEMENT_3D('',#6038,#6039,#6040);
#6038 = CARTESIAN_POINT('',(0.,-60.,1.6));
#6039 = DIRECTION('',(0.,0.,1.));
#6040 = DIRECTION('',(1.,0.,0.));
#6041 = ORIENTED_EDGE('',*,*,#6027,.F.);
#6042 = CYLINDRICAL_SURFACE('',#6043,1.5);
#6043 = AXIS2_PLACEMENT_3D('',#6044,#6045,#6046);
#6044 = CARTESIAN_POINT('',(0.,-60.,4.));
#6045 = DIRECTION('',(0.,0.,1.));
#6046 = DIRECTION('',(1.,0.,0.));
#6047 = ADVANCED_FACE('',(#6048),#6067,.F.);
#6048 = FACE_BOUND('',#6049,.F.);
#6049 = EDGE_LOOP('',(#6050,#6051,#6059,#6066));
#6050 = ORIENTED_EDGE('',*,*,#1914,.F.);
#6051 = ORIENTED_EDGE('',*,*,#6052,.T.);
#6052 = EDGE_CURVE('',#1915,#6053,#6055,.T.);
#6053 = VERTEX_POINT('',#6054);
#6054 = CARTESIAN_POINT('',(1.5,-40.,1.6));
#6055 = LINE('',#6056,#6057);
#6056 = CARTESIAN_POINT('',(1.5,-40.,4.));
#6057 = VECTOR('',#6058,1.);
#6058 = DIRECTION('',(-0.,-0.,-1.));
#6059 = ORIENTED_EDGE('',*,*,#6060,.T.);
#6060 = EDGE_CURVE('',#6053,#6053,#6061,.T.);
#6061 = CIRCLE('',#6062,1.5);
#6062 = AXIS2_PLACEMENT_3D('',#6063,#6064,#6065);
#6063 = CARTESIAN_POINT('',(0.,-40.,1.6));
#6064 = DIRECTION('',(0.,0.,1.));
#6065 = DIRECTION('',(1.,0.,0.));
#6066 = ORIENTED_EDGE('',*,*,#6052,.F.);
#6067 = CYLINDRICAL_SURFACE('',#6068,1.5);
#6068 = AXIS2_PLACEMENT_3D('',#6069,#6070,#6071);
#6069 = CARTESIAN_POINT('',(0.,-40.,4.));
#6070 = DIRECTION('',(0.,0.,1.));
#6071 = DIRECTION('',(1.,0.,0.));
#6072 = ADVANCED_FACE('',(#6073),#6092,.F.);
#6073 = FACE_BOUND('',#6074,.F.);
#6074 = EDGE_LOOP('',(#6075,#6076,#6084,#6091));
#6075 = ORIENTED_EDGE('',*,*,#2065,.F.);
#6076 = ORIENTED_EDGE('',*,*,#6077,.T.);
#6077 = EDGE_CURVE('',#2066,#6078,#6080,.T.);
#6078 = VERTEX_POINT('',#6079);
#6079 = CARTESIAN_POINT('',(-52.46078161312,41.280859526545,1.6));
#6080 = LINE('',#6081,#6082);
#6081 = CARTESIAN_POINT('',(-52.46078161312,41.280859526545,4.));
#6082 = VECTOR('',#6083,1.);
#6083 = DIRECTION('',(-0.,-0.,-1.));
#6084 = ORIENTED_EDGE('',*,*,#6085,.T.);
#6085 = EDGE_CURVE('',#6078,#6078,#6086,.T.);
#6086 = CIRCLE('',#6087,1.25);
#6087 = AXIS2_PLACEMENT_3D('',#6088,#6089,#6090);
#6088 = CARTESIAN_POINT('',(-53.71078161312,41.280859526545,1.6));
#6089 = DIRECTION('',(0.,0.,1.));
#6090 = DIRECTION('',(1.,0.,0.));
#6091 = ORIENTED_EDGE('',*,*,#6077,.F.);
#6092 = CYLINDRICAL_SURFACE('',#6093,1.25);
#6093 = AXIS2_PLACEMENT_3D('',#6094,#6095,#6096);
#6094 = CARTESIAN_POINT('',(-53.71078161312,41.280859526545,4.));
#6095 = DIRECTION('',(0.,0.,1.));
#6096 = DIRECTION('',(1.,0.,0.));
#6097 = ADVANCED_FACE('',(#6098),#6117,.F.);
#6098 = FACE_BOUND('',#6099,.F.);
#6099 = EDGE_LOOP('',(#6100,#6101,#6109,#6116));
#6100 = ORIENTED_EDGE('',*,*,#2076,.F.);
#6101 = ORIENTED_EDGE('',*,*,#6102,.T.);
#6102 = EDGE_CURVE('',#2077,#6103,#6105,.T.);
#6103 = VERTEX_POINT('',#6104);
#6104 = CARTESIAN_POINT('',(-23.,0.,1.6));
#6105 = LINE('',#6106,#6107);
#6106 = CARTESIAN_POINT('',(-23.,0.,4.));
#6107 = VECTOR('',#6108,1.);
#6108 = DIRECTION('',(-0.,-0.,-1.));
#6109 = ORIENTED_EDGE('',*,*,#6110,.T.);
#6110 = EDGE_CURVE('',#6103,#6103,#6111,.T.);
#6111 = CIRCLE('',#6112,1.5);
#6112 = AXIS2_PLACEMENT_3D('',#6113,#6114,#6115);
#6113 = CARTESIAN_POINT('',(-24.5,0.,1.6));
#6114 = DIRECTION('',(0.,0.,1.));
#6115 = DIRECTION('',(1.,0.,0.));
#6116 = ORIENTED_EDGE('',*,*,#6102,.F.);
#6117 = CYLINDRICAL_SURFACE('',#6118,1.5);
#6118 = AXIS2_PLACEMENT_3D('',#6119,#6120,#6121);
#6119 = CARTESIAN_POINT('',(-24.5,0.,4.));
#6120 = DIRECTION('',(0.,0.,1.));
#6121 = DIRECTION('',(1.,0.,0.));
#6122 = ADVANCED_FACE('',(#6123),#6142,.F.);
#6123 = FACE_BOUND('',#6124,.F.);
#6124 = EDGE_LOOP('',(#6125,#6126,#6134,#6141));
#6125 = ORIENTED_EDGE('',*,*,#2087,.F.);
#6126 = ORIENTED_EDGE('',*,*,#6127,.T.);
#6127 = EDGE_CURVE('',#2088,#6128,#6130,.T.);
#6128 = VERTEX_POINT('',#6129);
#6129 = CARTESIAN_POINT('',(-44.96078161312,54.271240583312,1.6));
#6130 = LINE('',#6131,#6132);
#6131 = CARTESIAN_POINT('',(-44.96078161312,54.271240583312,4.));
#6132 = VECTOR('',#6133,1.);
#6133 = DIRECTION('',(-0.,-0.,-1.));
#6134 = ORIENTED_EDGE('',*,*,#6135,.T.);
#6135 = EDGE_CURVE('',#6128,#6128,#6136,.T.);
#6136 = CIRCLE('',#6137,1.25);
#6137 = AXIS2_PLACEMENT_3D('',#6138,#6139,#6140);
#6138 = CARTESIAN_POINT('',(-46.21078161312,54.271240583312,1.6));
#6139 = DIRECTION('',(0.,0.,1.));
#6140 = DIRECTION('',(1.,0.,0.));
#6141 = ORIENTED_EDGE('',*,*,#6127,.F.);
#6142 = CYLINDRICAL_SURFACE('',#6143,1.25);
#6143 = AXIS2_PLACEMENT_3D('',#6144,#6145,#6146);
#6144 = CARTESIAN_POINT('',(-46.21078161312,54.271240583312,4.));
#6145 = DIRECTION('',(0.,0.,1.));
#6146 = DIRECTION('',(1.,0.,0.));
#6147 = ADVANCED_FACE('',(#6148),#6159,.F.);
#6148 = FACE_BOUND('',#6149,.T.);
#6149 = EDGE_LOOP('',(#6150,#6151,#6157,#6158));
#6150 = ORIENTED_EDGE('',*,*,#4532,.T.);
#6151 = ORIENTED_EDGE('',*,*,#6152,.T.);
#6152 = EDGE_CURVE('',#4524,#2099,#6153,.T.);
#6153 = LINE('',#6154,#6155);
#6154 = CARTESIAN_POINT('',(-32.25,80.,0.));
#6155 = VECTOR('',#6156,1.);
#6156 = DIRECTION('',(0.,0.,1.));
#6157 = ORIENTED_EDGE('',*,*,#2098,.T.);
#6158 = ORIENTED_EDGE('',*,*,#6152,.F.);
#6159 = CYLINDRICAL_SURFACE('',#6160,2.75);
#6160 = AXIS2_PLACEMENT_3D('',#6161,#6162,#6163);
#6161 = CARTESIAN_POINT('',(-35.,80.,0.));
#6162 = DIRECTION('',(-0.,-0.,-1.));
#6163 = DIRECTION('',(1.,0.,0.));
#6164 = ADVANCED_FACE('',(#6165),#6184,.F.);
#6165 = FACE_BOUND('',#6166,.F.);
#6166 = EDGE_LOOP('',(#6167,#6168,#6176,#6183));
#6167 = ORIENTED_EDGE('',*,*,#2109,.F.);
#6168 = ORIENTED_EDGE('',*,*,#6169,.T.);
#6169 = EDGE_CURVE('',#2110,#6170,#6172,.T.);
#6170 = VERTEX_POINT('',#6171);
#6171 = CARTESIAN_POINT('',(-23.,58.,1.6));
#6172 = LINE('',#6173,#6174);
#6173 = CARTESIAN_POINT('',(-23.,58.,4.));
#6174 = VECTOR('',#6175,1.);
#6175 = DIRECTION('',(-0.,-0.,-1.));
#6176 = ORIENTED_EDGE('',*,*,#6177,.T.);
#6177 = EDGE_CURVE('',#6170,#6170,#6178,.T.);
#6178 = CIRCLE('',#6179,1.5);
#6179 = AXIS2_PLACEMENT_3D('',#6180,#6181,#6182);
#6180 = CARTESIAN_POINT('',(-24.5,58.,1.6));
#6181 = DIRECTION('',(0.,0.,1.));
#6182 = DIRECTION('',(1.,0.,0.));
#6183 = ORIENTED_EDGE('',*,*,#6169,.F.);
#6184 = CYLINDRICAL_SURFACE('',#6185,1.5);
#6185 = AXIS2_PLACEMENT_3D('',#6186,#6187,#6188);
#6186 = CARTESIAN_POINT('',(-24.5,58.,4.));
#6187 = DIRECTION('',(0.,0.,1.));
#6188 = DIRECTION('',(1.,0.,0.));
#6189 = ADVANCED_FACE('',(#6190),#6209,.F.);
#6190 = FACE_BOUND('',#6191,.F.);
#6191 = EDGE_LOOP('',(#6192,#6193,#6201,#6208));
#6192 = ORIENTED_EDGE('',*,*,#2190,.F.);
#6193 = ORIENTED_EDGE('',*,*,#6194,.T.);
#6194 = EDGE_CURVE('',#2191,#6195,#6197,.T.);
#6195 = VERTEX_POINT('',#6196);
#6196 = CARTESIAN_POINT('',(26.,0.,1.6));
#6197 = LINE('',#6198,#6199);
#6198 = CARTESIAN_POINT('',(26.,0.,4.));
#6199 = VECTOR('',#6200,1.);
#6200 = DIRECTION('',(-0.,-0.,-1.));
#6201 = ORIENTED_EDGE('',*,*,#6202,.T.);
#6202 = EDGE_CURVE('',#6195,#6195,#6203,.T.);
#6203 = CIRCLE('',#6204,1.5);
#6204 = AXIS2_PLACEMENT_3D('',#6205,#6206,#6207);
#6205 = CARTESIAN_POINT('',(24.5,0.,1.6));
#6206 = DIRECTION('',(0.,0.,1.));
#6207 = DIRECTION('',(1.,0.,0.));
#6208 = ORIENTED_EDGE('',*,*,#6194,.F.);
#6209 = CYLINDRICAL_SURFACE('',#6210,1.5);
#6210 = AXIS2_PLACEMENT_3D('',#6211,#6212,#6213);
#6211 = CARTESIAN_POINT('',(24.5,0.,4.));
#6212 = DIRECTION('',(0.,0.,1.));
#6213 = DIRECTION('',(1.,0.,0.));
#6214 = ADVANCED_FACE('',(#6215),#6234,.F.);
#6215 = FACE_BOUND('',#6216,.F.);
#6216 = EDGE_LOOP('',(#6217,#6218,#6226,#6233));
#6217 = ORIENTED_EDGE('',*,*,#2341,.F.);
#6218 = ORIENTED_EDGE('',*,*,#6219,.T.);
#6219 = EDGE_CURVE('',#2342,#6220,#6222,.T.);
#6220 = VERTEX_POINT('',#6221);
#6221 = CARTESIAN_POINT('',(26.,58.,1.6));
#6222 = LINE('',#6223,#6224);
#6223 = CARTESIAN_POINT('',(26.,58.,4.));
#6224 = VECTOR('',#6225,1.);
#6225 = DIRECTION('',(-0.,-0.,-1.));
#6226 = ORIENTED_EDGE('',*,*,#6227,.T.);
#6227 = EDGE_CURVE('',#6220,#6220,#6228,.T.);
#6228 = CIRCLE('',#6229,1.5);
#6229 = AXIS2_PLACEMENT_3D('',#6230,#6231,#6232);
#6230 = CARTESIAN_POINT('',(24.5,58.,1.6));
#6231 = DIRECTION('',(0.,0.,1.));
#6232 = DIRECTION('',(1.,0.,0.));
#6233 = ORIENTED_EDGE('',*,*,#6219,.F.);
#6234 = CYLINDRICAL_SURFACE('',#6235,1.5);
#6235 = AXIS2_PLACEMENT_3D('',#6236,#6237,#6238);
#6236 = CARTESIAN_POINT('',(24.5,58.,4.));
#6237 = DIRECTION('',(0.,0.,1.));
#6238 = DIRECTION('',(1.,0.,0.));
#6239 = ADVANCED_FACE('',(#6240),#6251,.F.);
#6240 = FACE_BOUND('',#6241,.T.);
#6241 = EDGE_LOOP('',(#6242,#6243,#6249,#6250));
#6242 = ORIENTED_EDGE('',*,*,#5730,.T.);
#6243 = ORIENTED_EDGE('',*,*,#6244,.T.);
#6244 = EDGE_CURVE('',#5722,#2423,#6245,.T.);
#6245 = LINE('',#6246,#6247);
#6246 = CARTESIAN_POINT('',(37.75,80.,0.));
#6247 = VECTOR('',#6248,1.);
#6248 = DIRECTION('',(0.,0.,1.));
#6249 = ORIENTED_EDGE('',*,*,#2422,.T.);
#6250 = ORIENTED_EDGE('',*,*,#6244,.F.);
#6251 = CYLINDRICAL_SURFACE('',#6252,2.75);
#6252 = AXIS2_PLACEMENT_3D('',#6253,#6254,#6255);
#6253 = CARTESIAN_POINT('',(35.,80.,0.));
#6254 = DIRECTION('',(-0.,-0.,-1.));
#6255 = DIRECTION('',(1.,0.,0.));
#6256 = ADVANCED_FACE('',(#6257,#6265),#6268,.F.);
#6257 = FACE_BOUND('',#6258,.F.);
#6258 = EDGE_LOOP('',(#6259,#6260,#6261,#6262,#6263,#6264));
#6259 = ORIENTED_EDGE('',*,*,#2758,.F.);
#6260 = ORIENTED_EDGE('',*,*,#2793,.F.);
#6261 = ORIENTED_EDGE('',*,*,#2506,.F.);
#6262 = ORIENTED_EDGE('',*,*,#2556,.F.);
#6263 = ORIENTED_EDGE('',*,*,#2596,.F.);
#6264 = ORIENTED_EDGE('',*,*,#2637,.F.);
#6265 = FACE_BOUND('',#6266,.F.);
#6266 = EDGE_LOOP('',(#6267));
#6267 = ORIENTED_EDGE('',*,*,#6085,.F.);
#6268 = PLANE('',#6269);
#6269 = AXIS2_PLACEMENT_3D('',#6270,#6271,#6272);
#6270 = CARTESIAN_POINT('',(-10.86103948111,12.473054359767,1.6));
#6271 = DIRECTION('',(0.,0.,1.));
#6272 = DIRECTION('',(1.,0.,0.));
#6273 = ADVANCED_FACE('',(#6274),#6318,.T.);
#6274 = FACE_BOUND('',#6275,.T.);
#6275 = EDGE_LOOP('',(#6276,#6277,#6278,#6279,#6280,#6286,#6287,#6295,
    #6303,#6309,#6310,#6311,#6317));
#6276 = ORIENTED_EDGE('',*,*,#5952,.F.);
#6277 = ORIENTED_EDGE('',*,*,#5968,.T.);
#6278 = ORIENTED_EDGE('',*,*,#5994,.T.);
#6279 = ORIENTED_EDGE('',*,*,#2726,.F.);
#6280 = ORIENTED_EDGE('',*,*,#6281,.F.);
#6281 = EDGE_CURVE('',#3509,#2718,#6282,.T.);
#6282 = LINE('',#6283,#6284);
#6283 = CARTESIAN_POINT('',(-24.8,-100.,2.));
#6284 = VECTOR('',#6285,1.);
#6285 = DIRECTION('',(0.,-1.,2.22044604925E-16));
#6286 = ORIENTED_EDGE('',*,*,#3508,.T.);
#6287 = ORIENTED_EDGE('',*,*,#6288,.F.);
#6288 = EDGE_CURVE('',#6289,#3481,#6291,.T.);
#6289 = VERTEX_POINT('',#6290);
#6290 = CARTESIAN_POINT('',(-24.8,-81.,2.));
#6291 = LINE('',#6292,#6293);
#6292 = CARTESIAN_POINT('',(-24.8,-100.,2.));
#6293 = VECTOR('',#6294,1.);
#6294 = DIRECTION('',(0.,-1.,2.22044604925E-16));
#6295 = ORIENTED_EDGE('',*,*,#6296,.F.);
#6296 = EDGE_CURVE('',#6297,#6289,#6299,.T.);
#6297 = VERTEX_POINT('',#6298);
#6298 = CARTESIAN_POINT('',(-23.2,-81.,2.));
#6299 = LINE('',#6300,#6301);
#6300 = CARTESIAN_POINT('',(4.273250414186E-16,-81.,2.));
#6301 = VECTOR('',#6302,1.);
#6302 = DIRECTION('',(-1.,0.,0.));
#6303 = ORIENTED_EDGE('',*,*,#6304,.F.);
#6304 = EDGE_CURVE('',#3472,#6297,#6305,.T.);
#6305 = LINE('',#6306,#6307);
#6306 = CARTESIAN_POINT('',(-23.2,-100.,2.));
#6307 = VECTOR('',#6308,1.);
#6308 = DIRECTION('',(0.,1.,-2.22044604925E-16));
#6309 = ORIENTED_EDGE('',*,*,#3471,.T.);
#6310 = ORIENTED_EDGE('',*,*,#3545,.T.);
#6311 = ORIENTED_EDGE('',*,*,#6312,.F.);
#6312 = EDGE_CURVE('',#2710,#3518,#6313,.T.);
#6313 = LINE('',#6314,#6315);
#6314 = CARTESIAN_POINT('',(-23.2,-100.,2.));
#6315 = VECTOR('',#6316,1.);
#6316 = DIRECTION('',(0.,1.,-2.22044604925E-16));
#6317 = ORIENTED_EDGE('',*,*,#2709,.F.);
#6318 = PLANE('',#6319);
#6319 = AXIS2_PLACEMENT_3D('',#6320,#6321,#6322);
#6320 = CARTESIAN_POINT('',(0.,3.853791109207E-15,2.));
#6321 = DIRECTION('',(0.,0.,1.));
#6322 = DIRECTION('',(1.,0.,0.));
#6323 = ADVANCED_FACE('',(#6324),#6330,.F.);
#6324 = FACE_BOUND('',#6325,.F.);
#6325 = EDGE_LOOP('',(#6326,#6327,#6328,#6329));
#6326 = ORIENTED_EDGE('',*,*,#6312,.F.);
#6327 = ORIENTED_EDGE('',*,*,#2717,.F.);
#6328 = ORIENTED_EDGE('',*,*,#6281,.F.);
#6329 = ORIENTED_EDGE('',*,*,#3517,.T.);
#6330 = CYLINDRICAL_SURFACE('',#6331,0.8);
#6331 = AXIS2_PLACEMENT_3D('',#6332,#6333,#6334);
#6332 = CARTESIAN_POINT('',(-24.,-100.,2.));
#6333 = DIRECTION('',(0.,-1.,2.22044604925E-16));
#6334 = DIRECTION('',(1.,0.,0.));
#6335 = ADVANCED_FACE('',(#6336),#6380,.T.);
#6336 = FACE_BOUND('',#6337,.T.);
#6337 = EDGE_LOOP('',(#6338,#6339,#6340,#6341,#6342,#6348,#6349,#6357,
    #6365,#6371,#6372,#6373,#6379));
#6338 = ORIENTED_EDGE('',*,*,#5886,.F.);
#6339 = ORIENTED_EDGE('',*,*,#5902,.T.);
#6340 = ORIENTED_EDGE('',*,*,#5928,.T.);
#6341 = ORIENTED_EDGE('',*,*,#2686,.F.);
#6342 = ORIENTED_EDGE('',*,*,#6343,.F.);
#6343 = EDGE_CURVE('',#3632,#2678,#6344,.T.);
#6344 = LINE('',#6345,#6346);
#6345 = CARTESIAN_POINT('',(23.2,-100.,2.));
#6346 = VECTOR('',#6347,1.);
#6347 = DIRECTION('',(0.,-1.,2.22044604925E-16));
#6348 = ORIENTED_EDGE('',*,*,#3631,.T.);
#6349 = ORIENTED_EDGE('',*,*,#6350,.F.);
#6350 = EDGE_CURVE('',#6351,#3604,#6353,.T.);
#6351 = VERTEX_POINT('',#6352);
#6352 = CARTESIAN_POINT('',(23.2,-81.,2.));
#6353 = LINE('',#6354,#6355);
#6354 = CARTESIAN_POINT('',(23.2,-100.,2.));
#6355 = VECTOR('',#6356,1.);
#6356 = DIRECTION('',(0.,-1.,2.22044604925E-16));
#6357 = ORIENTED_EDGE('',*,*,#6358,.F.);
#6358 = EDGE_CURVE('',#6359,#6351,#6361,.T.);
#6359 = VERTEX_POINT('',#6360);
#6360 = CARTESIAN_POINT('',(24.8,-81.,2.));
#6361 = LINE('',#6362,#6363);
#6362 = CARTESIAN_POINT('',(4.273250414186E-16,-81.,2.));
#6363 = VECTOR('',#6364,1.);
#6364 = DIRECTION('',(-1.,0.,0.));
#6365 = ORIENTED_EDGE('',*,*,#6366,.F.);
#6366 = EDGE_CURVE('',#3595,#6359,#6367,.T.);
#6367 = LINE('',#6368,#6369);
#6368 = CARTESIAN_POINT('',(24.8,-100.,2.));
#6369 = VECTOR('',#6370,1.);
#6370 = DIRECTION('',(0.,1.,-2.22044604925E-16));
#6371 = ORIENTED_EDGE('',*,*,#3594,.T.);
#6372 = ORIENTED_EDGE('',*,*,#3668,.T.);
#6373 = ORIENTED_EDGE('',*,*,#6374,.F.);
#6374 = EDGE_CURVE('',#2670,#3641,#6375,.T.);
#6375 = LINE('',#6376,#6377);
#6376 = CARTESIAN_POINT('',(24.8,-100.,2.));
#6377 = VECTOR('',#6378,1.);
#6378 = DIRECTION('',(0.,1.,-2.22044604925E-16));
#6379 = ORIENTED_EDGE('',*,*,#2669,.F.);
#6380 = PLANE('',#6381);
#6381 = AXIS2_PLACEMENT_3D('',#6382,#6383,#6384);
#6382 = CARTESIAN_POINT('',(0.,3.853791109207E-15,2.));
#6383 = DIRECTION('',(0.,0.,1.));
#6384 = DIRECTION('',(1.,0.,0.));
#6385 = ADVANCED_FACE('',(#6386),#6392,.F.);
#6386 = FACE_BOUND('',#6387,.F.);
#6387 = EDGE_LOOP('',(#6388,#6389,#6390,#6391));
#6388 = ORIENTED_EDGE('',*,*,#6374,.F.);
#6389 = ORIENTED_EDGE('',*,*,#2677,.F.);
#6390 = ORIENTED_EDGE('',*,*,#6343,.F.);
#6391 = ORIENTED_EDGE('',*,*,#3640,.T.);
#6392 = CYLINDRICAL_SURFACE('',#6393,0.8);
#6393 = AXIS2_PLACEMENT_3D('',#6394,#6395,#6396);
#6394 = CARTESIAN_POINT('',(24.,-100.,2.));
#6395 = DIRECTION('',(0.,-1.,2.22044604925E-16));
#6396 = DIRECTION('',(1.,0.,0.));
#6397 = ADVANCED_FACE('',(#6398,#6406),#6409,.F.);
#6398 = FACE_BOUND('',#6399,.F.);
#6399 = EDGE_LOOP('',(#6400,#6401,#6402,#6403,#6404,#6405));
#6400 = ORIENTED_EDGE('',*,*,#3078,.F.);
#6401 = ORIENTED_EDGE('',*,*,#3198,.F.);
#6402 = ORIENTED_EDGE('',*,*,#3239,.F.);
#6403 = ORIENTED_EDGE('',*,*,#3280,.F.);
#6404 = ORIENTED_EDGE('',*,*,#3310,.F.);
#6405 = ORIENTED_EDGE('',*,*,#3028,.F.);
#6406 = FACE_BOUND('',#6407,.F.);
#6407 = EDGE_LOOP('',(#6408));
#6408 = ORIENTED_EDGE('',*,*,#6135,.F.);
#6409 = PLANE('',#6410);
#6410 = AXIS2_PLACEMENT_3D('',#6411,#6412,#6413);
#6411 = CARTESIAN_POINT('',(-10.86103948111,12.473054359767,1.6));
#6412 = DIRECTION('',(0.,0.,1.));
#6413 = DIRECTION('',(1.,0.,0.));
#6414 = ADVANCED_FACE('',(#6415),#6459,.T.);
#6415 = FACE_BOUND('',#6416,.T.);
#6416 = EDGE_LOOP('',(#6417,#6418,#6419,#6425,#6426,#6427,#6435,#6443,
    #6449,#6450,#6456,#6457,#6458));
#6417 = ORIENTED_EDGE('',*,*,#5862,.F.);
#6418 = ORIENTED_EDGE('',*,*,#3166,.F.);
#6419 = ORIENTED_EDGE('',*,*,#6420,.F.);
#6420 = EDGE_CURVE('',#5633,#3158,#6421,.T.);
#6421 = LINE('',#6422,#6423);
#6422 = CARTESIAN_POINT('',(21.8,100.,2.));
#6423 = VECTOR('',#6424,1.);
#6424 = DIRECTION('',(0.,1.,-2.22044604925E-16));
#6425 = ORIENTED_EDGE('',*,*,#5632,.T.);
#6426 = ORIENTED_EDGE('',*,*,#5706,.T.);
#6427 = ORIENTED_EDGE('',*,*,#6428,.F.);
#6428 = EDGE_CURVE('',#6429,#5679,#6431,.T.);
#6429 = VERTEX_POINT('',#6430);
#6430 = CARTESIAN_POINT('',(21.8,81.,2.));
#6431 = LINE('',#6432,#6433);
#6432 = CARTESIAN_POINT('',(21.8,100.,2.));
#6433 = VECTOR('',#6434,1.);
#6434 = DIRECTION('',(0.,1.,-2.22044604925E-16));
#6435 = ORIENTED_EDGE('',*,*,#6436,.T.);
#6436 = EDGE_CURVE('',#6429,#6437,#6439,.T.);
#6437 = VERTEX_POINT('',#6438);
#6438 = CARTESIAN_POINT('',(20.2,81.,2.));
#6439 = LINE('',#6440,#6441);
#6440 = CARTESIAN_POINT('',(-4.273250414186E-16,81.,2.));
#6441 = VECTOR('',#6442,1.);
#6442 = DIRECTION('',(-1.,0.,0.));
#6443 = ORIENTED_EDGE('',*,*,#6444,.F.);
#6444 = EDGE_CURVE('',#5670,#6437,#6445,.T.);
#6445 = LINE('',#6446,#6447);
#6446 = CARTESIAN_POINT('',(20.2,100.,2.));
#6447 = VECTOR('',#6448,1.);
#6448 = DIRECTION('',(0.,-1.,2.22044604925E-16));
#6449 = ORIENTED_EDGE('',*,*,#5669,.T.);
#6450 = ORIENTED_EDGE('',*,*,#6451,.F.);
#6451 = EDGE_CURVE('',#3150,#5642,#6452,.T.);
#6452 = LINE('',#6453,#6454);
#6453 = CARTESIAN_POINT('',(20.2,100.,2.));
#6454 = VECTOR('',#6455,1.);
#6455 = DIRECTION('',(0.,-1.,2.22044604925E-16));
#6456 = ORIENTED_EDGE('',*,*,#3149,.F.);
#6457 = ORIENTED_EDGE('',*,*,#5813,.T.);
#6458 = ORIENTED_EDGE('',*,*,#5836,.T.);
#6459 = PLANE('',#6460);
#6460 = AXIS2_PLACEMENT_3D('',#6461,#6462,#6463);
#6461 = CARTESIAN_POINT('',(0.,3.853791109207E-15,2.));
#6462 = DIRECTION('',(0.,0.,1.));
#6463 = DIRECTION('',(1.,0.,0.));
#6464 = ADVANCED_FACE('',(#6465),#6471,.F.);
#6465 = FACE_BOUND('',#6466,.F.);
#6466 = EDGE_LOOP('',(#6467,#6468,#6469,#6470));
#6467 = ORIENTED_EDGE('',*,*,#6451,.F.);
#6468 = ORIENTED_EDGE('',*,*,#3157,.F.);
#6469 = ORIENTED_EDGE('',*,*,#6420,.F.);
#6470 = ORIENTED_EDGE('',*,*,#5641,.T.);
#6471 = CYLINDRICAL_SURFACE('',#6472,0.8);
#6472 = AXIS2_PLACEMENT_3D('',#6473,#6474,#6475);
#6473 = CARTESIAN_POINT('',(21.,100.,2.));
#6474 = DIRECTION('',(0.,1.,-2.22044604925E-16));
#6475 = DIRECTION('',(-1.,0.,0.));
#6476 = ADVANCED_FACE('',(#6477),#6521,.T.);
#6477 = FACE_BOUND('',#6478,.T.);
#6478 = EDGE_LOOP('',(#6479,#6480,#6481,#6487,#6488,#6489,#6497,#6505,
    #6511,#6512,#6518,#6519,#6520));
#6479 = ORIENTED_EDGE('',*,*,#5796,.F.);
#6480 = ORIENTED_EDGE('',*,*,#3126,.F.);
#6481 = ORIENTED_EDGE('',*,*,#6482,.F.);
#6482 = EDGE_CURVE('',#4702,#3118,#6483,.T.);
#6483 = LINE('',#6484,#6485);
#6484 = CARTESIAN_POINT('',(-20.2,100.,2.));
#6485 = VECTOR('',#6486,1.);
#6486 = DIRECTION('',(0.,1.,-2.22044604925E-16));
#6487 = ORIENTED_EDGE('',*,*,#4701,.T.);
#6488 = ORIENTED_EDGE('',*,*,#4775,.T.);
#6489 = ORIENTED_EDGE('',*,*,#6490,.F.);
#6490 = EDGE_CURVE('',#6491,#4748,#6493,.T.);
#6491 = VERTEX_POINT('',#6492);
#6492 = CARTESIAN_POINT('',(-20.2,81.,2.));
#6493 = LINE('',#6494,#6495);
#6494 = CARTESIAN_POINT('',(-20.2,100.,2.));
#6495 = VECTOR('',#6496,1.);
#6496 = DIRECTION('',(0.,1.,-2.22044604925E-16));
#6497 = ORIENTED_EDGE('',*,*,#6498,.T.);
#6498 = EDGE_CURVE('',#6491,#6499,#6501,.T.);
#6499 = VERTEX_POINT('',#6500);
#6500 = CARTESIAN_POINT('',(-21.8,81.,2.));
#6501 = LINE('',#6502,#6503);
#6502 = CARTESIAN_POINT('',(-4.273250414186E-16,81.,2.));
#6503 = VECTOR('',#6504,1.);
#6504 = DIRECTION('',(-1.,0.,0.));
#6505 = ORIENTED_EDGE('',*,*,#6506,.F.);
#6506 = EDGE_CURVE('',#4739,#6499,#6507,.T.);
#6507 = LINE('',#6508,#6509);
#6508 = CARTESIAN_POINT('',(-21.8,100.,2.));
#6509 = VECTOR('',#6510,1.);
#6510 = DIRECTION('',(0.,-1.,2.22044604925E-16));
#6511 = ORIENTED_EDGE('',*,*,#4738,.T.);
#6512 = ORIENTED_EDGE('',*,*,#6513,.F.);
#6513 = EDGE_CURVE('',#3110,#4711,#6514,.T.);
#6514 = LINE('',#6515,#6516);
#6515 = CARTESIAN_POINT('',(-21.8,100.,2.));
#6516 = VECTOR('',#6517,1.);
#6517 = DIRECTION('',(0.,-1.,2.22044604925E-16));
#6518 = ORIENTED_EDGE('',*,*,#3109,.F.);
#6519 = ORIENTED_EDGE('',*,*,#5747,.T.);
#6520 = ORIENTED_EDGE('',*,*,#5770,.T.);
#6521 = PLANE('',#6522);
#6522 = AXIS2_PLACEMENT_3D('',#6523,#6524,#6525);
#6523 = CARTESIAN_POINT('',(0.,3.853791109207E-15,2.));
#6524 = DIRECTION('',(0.,0.,1.));
#6525 = DIRECTION('',(1.,0.,0.));
#6526 = ADVANCED_FACE('',(#6527),#6533,.F.);
#6527 = FACE_BOUND('',#6528,.F.);
#6528 = EDGE_LOOP('',(#6529,#6530,#6531,#6532));
#6529 = ORIENTED_EDGE('',*,*,#6513,.F.);
#6530 = ORIENTED_EDGE('',*,*,#3117,.F.);
#6531 = ORIENTED_EDGE('',*,*,#6482,.F.);
#6532 = ORIENTED_EDGE('',*,*,#4710,.T.);
#6533 = CYLINDRICAL_SURFACE('',#6534,0.8);
#6534 = AXIS2_PLACEMENT_3D('',#6535,#6536,#6537);
#6535 = CARTESIAN_POINT('',(-21.,100.,2.));
#6536 = DIRECTION('',(0.,1.,-2.22044604925E-16));
#6537 = DIRECTION('',(-1.,0.,0.));
#6538 = ADVANCED_FACE('',(#6539),#6551,.F.);
#6539 = FACE_BOUND('',#6540,.F.);
#6540 = EDGE_LOOP('',(#6541,#6542,#6543,#6544));
#6541 = ORIENTED_EDGE('',*,*,#6304,.F.);
#6542 = ORIENTED_EDGE('',*,*,#3480,.F.);
#6543 = ORIENTED_EDGE('',*,*,#6288,.F.);
#6544 = ORIENTED_EDGE('',*,*,#6545,.T.);
#6545 = EDGE_CURVE('',#6289,#6297,#6546,.T.);
#6546 = CIRCLE('',#6547,0.8);
#6547 = AXIS2_PLACEMENT_3D('',#6548,#6549,#6550);
#6548 = CARTESIAN_POINT('',(-24.,-81.,2.));
#6549 = DIRECTION('',(0.,-1.,2.22044604925E-16));
#6550 = DIRECTION('',(1.,0.,0.));
#6551 = CYLINDRICAL_SURFACE('',#6552,0.8);
#6552 = AXIS2_PLACEMENT_3D('',#6553,#6554,#6555);
#6553 = CARTESIAN_POINT('',(-24.,-100.,2.));
#6554 = DIRECTION('',(0.,-1.,2.22044604925E-16));
#6555 = DIRECTION('',(1.,0.,0.));
#6556 = ADVANCED_FACE('',(#6557),#6569,.F.);
#6557 = FACE_BOUND('',#6558,.F.);
#6558 = EDGE_LOOP('',(#6559,#6560,#6561,#6562));
#6559 = ORIENTED_EDGE('',*,*,#6366,.F.);
#6560 = ORIENTED_EDGE('',*,*,#3603,.F.);
#6561 = ORIENTED_EDGE('',*,*,#6350,.F.);
#6562 = ORIENTED_EDGE('',*,*,#6563,.T.);
#6563 = EDGE_CURVE('',#6351,#6359,#6564,.T.);
#6564 = CIRCLE('',#6565,0.8);
#6565 = AXIS2_PLACEMENT_3D('',#6566,#6567,#6568);
#6566 = CARTESIAN_POINT('',(24.,-81.,2.));
#6567 = DIRECTION('',(0.,-1.,2.22044604925E-16));
#6568 = DIRECTION('',(1.,0.,0.));
#6569 = CYLINDRICAL_SURFACE('',#6570,0.8);
#6570 = AXIS2_PLACEMENT_3D('',#6571,#6572,#6573);
#6571 = CARTESIAN_POINT('',(24.,-100.,2.));
#6572 = DIRECTION('',(0.,-1.,2.22044604925E-16));
#6573 = DIRECTION('',(1.,0.,0.));
#6574 = ADVANCED_FACE('',(#6575,#6583),#6586,.F.);
#6575 = FACE_BOUND('',#6576,.F.);
#6576 = EDGE_LOOP('',(#6577,#6578,#6579,#6580,#6581,#6582));
#6577 = ORIENTED_EDGE('',*,*,#3739,.F.);
#6578 = ORIENTED_EDGE('',*,*,#3691,.F.);
#6579 = ORIENTED_EDGE('',*,*,#3722,.F.);
#6580 = ORIENTED_EDGE('',*,*,#3770,.F.);
#6581 = ORIENTED_EDGE('',*,*,#3811,.F.);
#6582 = ORIENTED_EDGE('',*,*,#3787,.F.);
#6583 = FACE_BOUND('',#6584,.F.);
#6584 = EDGE_LOOP('',(#6585));
#6585 = ORIENTED_EDGE('',*,*,#6035,.F.);
#6586 = PLANE('',#6587);
#6587 = AXIS2_PLACEMENT_3D('',#6588,#6589,#6590);
#6588 = CARTESIAN_POINT('',(-10.86103948111,12.473054359767,1.6));
#6589 = DIRECTION('',(0.,0.,1.));
#6590 = DIRECTION('',(1.,0.,0.));
#6591 = ADVANCED_FACE('',(#6592,#6600),#6603,.F.);
#6592 = FACE_BOUND('',#6593,.F.);
#6593 = EDGE_LOOP('',(#6594,#6595,#6596,#6597,#6598,#6599));
#6594 = ORIENTED_EDGE('',*,*,#4019,.F.);
#6595 = ORIENTED_EDGE('',*,*,#3971,.F.);
#6596 = ORIENTED_EDGE('',*,*,#4002,.F.);
#6597 = ORIENTED_EDGE('',*,*,#4050,.F.);
#6598 = ORIENTED_EDGE('',*,*,#4091,.F.);
#6599 = ORIENTED_EDGE('',*,*,#4067,.F.);
#6600 = FACE_BOUND('',#6601,.F.);
#6601 = EDGE_LOOP('',(#6602));
#6602 = ORIENTED_EDGE('',*,*,#6060,.F.);
#6603 = PLANE('',#6604);
#6604 = AXIS2_PLACEMENT_3D('',#6605,#6606,#6607);
#6605 = CARTESIAN_POINT('',(-10.86103948111,12.473054359767,1.6));
#6606 = DIRECTION('',(0.,0.,1.));
#6607 = DIRECTION('',(1.,0.,0.));
#6608 = ADVANCED_FACE('',(#6609,#6617),#6620,.F.);
#6609 = FACE_BOUND('',#6610,.F.);
#6610 = EDGE_LOOP('',(#6611,#6612,#6613,#6614,#6615,#6616));
#6611 = ORIENTED_EDGE('',*,*,#4435,.F.);
#6612 = ORIENTED_EDGE('',*,*,#4387,.F.);
#6613 = ORIENTED_EDGE('',*,*,#4418,.F.);
#6614 = ORIENTED_EDGE('',*,*,#4466,.F.);
#6615 = ORIENTED_EDGE('',*,*,#4507,.F.);
#6616 = ORIENTED_EDGE('',*,*,#4483,.F.);
#6617 = FACE_BOUND('',#6618,.F.);
#6618 = EDGE_LOOP('',(#6619));
#6619 = ORIENTED_EDGE('',*,*,#6110,.F.);
#6620 = PLANE('',#6621);
#6621 = AXIS2_PLACEMENT_3D('',#6622,#6623,#6624);
#6622 = CARTESIAN_POINT('',(-10.86103948111,12.473054359767,1.6));
#6623 = DIRECTION('',(0.,0.,1.));
#6624 = DIRECTION('',(1.,0.,0.));
#6625 = ADVANCED_FACE('',(#6626,#6634),#6637,.F.);
#6626 = FACE_BOUND('',#6627,.F.);
#6627 = EDGE_LOOP('',(#6628,#6629,#6630,#6631,#6632,#6633));
#6628 = ORIENTED_EDGE('',*,*,#4603,.F.);
#6629 = ORIENTED_EDGE('',*,*,#4555,.F.);
#6630 = ORIENTED_EDGE('',*,*,#4586,.F.);
#6631 = ORIENTED_EDGE('',*,*,#4634,.F.);
#6632 = ORIENTED_EDGE('',*,*,#4675,.F.);
#6633 = ORIENTED_EDGE('',*,*,#4651,.F.);
#6634 = FACE_BOUND('',#6635,.F.);
#6635 = EDGE_LOOP('',(#6636));
#6636 = ORIENTED_EDGE('',*,*,#6177,.F.);
#6637 = PLANE('',#6638);
#6638 = AXIS2_PLACEMENT_3D('',#6639,#6640,#6641);
#6639 = CARTESIAN_POINT('',(-10.86103948111,12.473054359767,1.6));
#6640 = DIRECTION('',(0.,0.,1.));
#6641 = DIRECTION('',(1.,0.,0.));
#6642 = ADVANCED_FACE('',(#6643),#6655,.F.);
#6643 = FACE_BOUND('',#6644,.F.);
#6644 = EDGE_LOOP('',(#6645,#6646,#6647,#6648));
#6645 = ORIENTED_EDGE('',*,*,#6506,.F.);
#6646 = ORIENTED_EDGE('',*,*,#4747,.F.);
#6647 = ORIENTED_EDGE('',*,*,#6490,.F.);
#6648 = ORIENTED_EDGE('',*,*,#6649,.T.);
#6649 = EDGE_CURVE('',#6491,#6499,#6650,.T.);
#6650 = CIRCLE('',#6651,0.8);
#6651 = AXIS2_PLACEMENT_3D('',#6652,#6653,#6654);
#6652 = CARTESIAN_POINT('',(-21.,81.,2.));
#6653 = DIRECTION('',(0.,1.,-2.22044604925E-16));
#6654 = DIRECTION('',(-1.,0.,0.));
#6655 = CYLINDRICAL_SURFACE('',#6656,0.8);
#6656 = AXIS2_PLACEMENT_3D('',#6657,#6658,#6659);
#6657 = CARTESIAN_POINT('',(-21.,100.,2.));
#6658 = DIRECTION('',(0.,1.,-2.22044604925E-16));
#6659 = DIRECTION('',(-1.,0.,0.));
#6660 = ADVANCED_FACE('',(#6661,#6669),#6672,.F.);
#6661 = FACE_BOUND('',#6662,.F.);
#6662 = EDGE_LOOP('',(#6663,#6664,#6665,#6666,#6667,#6668));
#6663 = ORIENTED_EDGE('',*,*,#4982,.F.);
#6664 = ORIENTED_EDGE('',*,*,#4934,.F.);
#6665 = ORIENTED_EDGE('',*,*,#4965,.F.);
#6666 = ORIENTED_EDGE('',*,*,#5013,.F.);
#6667 = ORIENTED_EDGE('',*,*,#5054,.F.);
#6668 = ORIENTED_EDGE('',*,*,#5030,.F.);
#6669 = FACE_BOUND('',#6670,.F.);
#6670 = EDGE_LOOP('',(#6671));
#6671 = ORIENTED_EDGE('',*,*,#6202,.F.);
#6672 = PLANE('',#6673);
#6673 = AXIS2_PLACEMENT_3D('',#6674,#6675,#6676);
#6674 = CARTESIAN_POINT('',(-10.86103948111,12.473054359767,1.6));
#6675 = DIRECTION('',(0.,0.,1.));
#6676 = DIRECTION('',(1.,0.,0.));
#6677 = ADVANCED_FACE('',(#6678,#6686),#6689,.F.);
#6678 = FACE_BOUND('',#6679,.F.);
#6679 = EDGE_LOOP('',(#6680,#6681,#6682,#6683,#6684,#6685));
#6680 = ORIENTED_EDGE('',*,*,#5398,.F.);
#6681 = ORIENTED_EDGE('',*,*,#5350,.F.);
#6682 = ORIENTED_EDGE('',*,*,#5381,.F.);
#6683 = ORIENTED_EDGE('',*,*,#5429,.F.);
#6684 = ORIENTED_EDGE('',*,*,#5470,.F.);
#6685 = ORIENTED_EDGE('',*,*,#5446,.F.);
#6686 = FACE_BOUND('',#6687,.F.);
#6687 = EDGE_LOOP('',(#6688));
#6688 = ORIENTED_EDGE('',*,*,#6227,.F.);
#6689 = PLANE('',#6690);
#6690 = AXIS2_PLACEMENT_3D('',#6691,#6692,#6693);
#6691 = CARTESIAN_POINT('',(-10.86103948111,12.473054359767,1.6));
#6692 = DIRECTION('',(0.,0.,1.));
#6693 = DIRECTION('',(1.,0.,0.));
#6694 = ADVANCED_FACE('',(#6695),#6707,.F.);
#6695 = FACE_BOUND('',#6696,.F.);
#6696 = EDGE_LOOP('',(#6697,#6698,#6699,#6700));
#6697 = ORIENTED_EDGE('',*,*,#6444,.F.);
#6698 = ORIENTED_EDGE('',*,*,#5678,.F.);
#6699 = ORIENTED_EDGE('',*,*,#6428,.F.);
#6700 = ORIENTED_EDGE('',*,*,#6701,.T.);
#6701 = EDGE_CURVE('',#6429,#6437,#6702,.T.);
#6702 = CIRCLE('',#6703,0.8);
#6703 = AXIS2_PLACEMENT_3D('',#6704,#6705,#6706);
#6704 = CARTESIAN_POINT('',(21.,81.,2.));
#6705 = DIRECTION('',(0.,1.,-2.22044604925E-16));
#6706 = DIRECTION('',(-1.,0.,0.));
#6707 = CYLINDRICAL_SURFACE('',#6708,0.8);
#6708 = AXIS2_PLACEMENT_3D('',#6709,#6710,#6711);
#6709 = CARTESIAN_POINT('',(21.,100.,2.));
#6710 = DIRECTION('',(0.,1.,-2.22044604925E-16));
#6711 = DIRECTION('',(-1.,0.,0.));
#6712 = ADVANCED_FACE('',(#6713),#6717,.F.);
#6713 = FACE_BOUND('',#6714,.F.);
#6714 = EDGE_LOOP('',(#6715,#6716));
#6715 = ORIENTED_EDGE('',*,*,#6296,.F.);
#6716 = ORIENTED_EDGE('',*,*,#6545,.F.);
#6717 = PLANE('',#6718);
#6718 = AXIS2_PLACEMENT_3D('',#6719,#6720,#6721);
#6719 = CARTESIAN_POINT('',(8.546500828371E-16,-81.,2.));
#6720 = DIRECTION('',(0.,1.,0.));
#6721 = DIRECTION('',(0.,0.,1.));
#6722 = ADVANCED_FACE('',(#6723),#6727,.F.);
#6723 = FACE_BOUND('',#6724,.F.);
#6724 = EDGE_LOOP('',(#6725,#6726));
#6725 = ORIENTED_EDGE('',*,*,#6358,.F.);
#6726 = ORIENTED_EDGE('',*,*,#6563,.F.);
#6727 = PLANE('',#6728);
#6728 = AXIS2_PLACEMENT_3D('',#6729,#6730,#6731);
#6729 = CARTESIAN_POINT('',(8.546500828371E-16,-81.,2.));
#6730 = DIRECTION('',(0.,1.,0.));
#6731 = DIRECTION('',(0.,0.,1.));
#6732 = ADVANCED_FACE('',(#6733),#6737,.T.);
#6733 = FACE_BOUND('',#6734,.T.);
#6734 = EDGE_LOOP('',(#6735,#6736));
#6735 = ORIENTED_EDGE('',*,*,#6701,.T.);
#6736 = ORIENTED_EDGE('',*,*,#6436,.F.);
#6737 = PLANE('',#6738);
#6738 = AXIS2_PLACEMENT_3D('',#6739,#6740,#6741);
#6739 = CARTESIAN_POINT('',(-8.546500828371E-16,81.,2.));
#6740 = DIRECTION('',(0.,1.,0.));
#6741 = DIRECTION('',(0.,0.,1.));
#6742 = ADVANCED_FACE('',(#6743),#6747,.T.);
#6743 = FACE_BOUND('',#6744,.T.);
#6744 = EDGE_LOOP('',(#6745,#6746));
#6745 = ORIENTED_EDGE('',*,*,#6649,.T.);
#6746 = ORIENTED_EDGE('',*,*,#6498,.F.);
#6747 = PLANE('',#6748);
#6748 = AXIS2_PLACEMENT_3D('',#6749,#6750,#6751);
#6749 = CARTESIAN_POINT('',(-8.546500828371E-16,81.,2.));
#6750 = DIRECTION('',(0.,1.,0.));
#6751 = DIRECTION('',(0.,0.,1.));
#6752 = ( GEOMETRIC_REPRESENTATION_CONTEXT(3) 
GLOBAL_UNCERTAINTY_ASSIGNED_CONTEXT((#6756)) 
GLOBAL_UNIT_ASSIGNED_CONTEXT((#6753,#6754,#6755)) REPRESENTATION_CONTEXT
('Context #1','3D Context with UNIT and UNCERTAINTY') );
#6753 = ( LENGTH_UNIT() NAMED_UNIT(*) SI_UNIT(.MILLI.,.METRE.) );
#6754 = ( NAMED_UNIT(*) PLANE_ANGLE_UNIT() SI_UNIT($,.RADIAN.) );
#6755 = ( NAMED_UNIT(*) SI_UNIT($,.STERADIAN.) SOLID_ANGLE_UNIT() );
#6756 = UNCERTAINTY_MEASURE_WITH_UNIT(LENGTH_MEASURE(1.E-05),#6753,
  'distance_accuracy_value','confusion accuracy');
#6757 = PRODUCT_RELATED_PRODUCT_CATEGORY('part',$,(#7));
#6758 = MECHANICAL_DESIGN_GEOMETRIC_PRESENTATION_REPRESENTATION('',(
    #6759),#6752);
#6759 = STYLED_ITEM('color',(#6760),#15);
#6760 = PRESENTATION_STYLE_ASSIGNMENT((#6761,#6767));
#6761 = SURFACE_STYLE_USAGE(.BOTH.,#6762);
#6762 = SURFACE_SIDE_STYLE('',(#6763));
#6763 = SURFACE_STYLE_FILL_AREA(#6764);
#6764 = FILL_AREA_STYLE('',(#6765));
#6765 = FILL_AREA_STYLE_COLOUR('',#6766);
#6766 = COLOUR_RGB('',0.345098051753,0.172549024526,0.513725522276);
#6767 = CURVE_STYLE('',#6768,POSITIVE_LENGTH_MEASURE(0.1),#6769);
#6768 = DRAUGHTING_PRE_DEFINED_CURVE_FONT('continuous');
#6769 = COLOUR_RGB('',9.803921802644E-02,9.803921802644E-02,
  9.803921802644E-02);
ENDSEC;
END-ISO-10303-21;
