ISO-10303-21;
HEADER;
FILE_DESCRIPTION(('FreeCAD Model'),'2;1');
FILE_NAME('Open CASCADE Shape Model','2026-05-08T18:09:22',('Author'),(
    ''),'Open CASCADE STEP processor 7.8','FreeCAD','Unknown');
FILE_SCHEMA(('AUTOMOTIVE_DESIGN { 1 0 10303 214 1 1 1 1 }'));
ENDSEC;
DATA;
#1 = APPLICATION_PROTOCOL_DEFINITION('international standard',
  'automotive_design',2000,#2);
#2 = APPLICATION_CONTEXT(
  'core data for automotive mechanical design processes');
#3 = SHAPE_DEFINITION_REPRESENTATION(#4,#10);
#4 = PRODUCT_DEFINITION_SHAPE('','',#5);
#5 = PRODUCT_DEFINITION('design','',#6,#9);
#6 = PRODUCT_DEFINITION_FORMATION('','',#7);
#7 = PRODUCT('Bed','Bed','',(#8));
#8 = PRODUCT_CONTEXT('',#2,'mechanical');
#9 = PRODUCT_DEFINITION_CONTEXT('part definition',#2,'design');
#10 = ADVANCED_BREP_SHAPE_REPRESENTATION('',(#11,#15),#6682);
#11 = AXIS2_PLACEMENT_3D('',#12,#13,#14);
#12 = CARTESIAN_POINT('',(0.,0.,0.));
#13 = DIRECTION('',(0.,0.,1.));
#14 = DIRECTION('',(1.,0.,-0.));
#15 = MANIFOLD_SOLID_BREP('',#16);
#16 = CLOSED_SHELL('',(#17,#57,#90,#121,#1370,#2399,#2416,#2433,#2450,
    #2490,#2507,#2531,#2548,#2572,#2589,#2613,#2710,#2734,#2751,#2768,
    #2785,#2802,#2819,#2836,#2853,#2870,#2887,#2904,#2944,#2961,#2985,
    #3002,#3026,#3043,#3067,#3164,#3188,#3205,#3222,#3239,#3251,#3273,
    #3290,#3307,#3324,#3341,#3358,#3375,#3387,#3486,#3510,#3609,#3640,
    #3664,#3688,#3712,#3736,#3753,#3775,#3792,#3809,#3826,#3843,#3860,
    #3877,#3889,#3920,#3944,#3968,#3992,#4016,#4033,#4055,#4072,#4089,
    #4106,#4123,#4140,#4157,#4169,#4191,#4208,#4225,#4242,#4259,#4276,
    #4293,#4305,#4336,#4360,#4384,#4408,#4432,#4449,#4473,#4504,#4528,
    #4552,#4576,#4600,#4617,#4716,#4738,#4755,#4772,#4789,#4806,#4823,
    #4840,#4852,#4883,#4907,#4931,#4955,#4979,#4996,#5018,#5035,#5052,
    #5069,#5086,#5103,#5120,#5132,#5154,#5171,#5188,#5205,#5222,#5239,
    #5256,#5268,#5299,#5323,#5347,#5371,#5395,#5412,#5434,#5451,#5468,
    #5485,#5502,#5519,#5536,#5548,#5647,#5671,#5695,#5720,#5737,#5761,
    #5786,#5803,#5827,#5852,#5869,#5893,#5918,#5935,#5952,#5977,#6002,
    #6027,#6052,#6077,#6094,#6119,#6144,#6169,#6186,#6203,#6253,#6265,
    #6315,#6327,#6344,#6394,#6406,#6456,#6468,#6486,#6504,#6521,#6538,
    #6555,#6572,#6590,#6607,#6624,#6642,#6652,#6662,#6672));
#17 = ADVANCED_FACE('',(#18),#52,.T.);
#18 = FACE_BOUND('',#19,.T.);
#19 = EDGE_LOOP('',(#20,#30,#38,#46));
#20 = ORIENTED_EDGE('',*,*,#21,.T.);
#21 = EDGE_CURVE('',#22,#24,#26,.T.);
#22 = VERTEX_POINT('',#23);
#23 = CARTESIAN_POINT('',(-78.,33.464101615138,0.));
#24 = VERTEX_POINT('',#25);
#25 = CARTESIAN_POINT('',(-78.,33.464101615138,4.));
#26 = LINE('',#27,#28);
#27 = CARTESIAN_POINT('',(-78.,33.464101615138,0.));
#28 = VECTOR('',#29,1.);
#29 = DIRECTION('',(0.,0.,1.));
#30 = ORIENTED_EDGE('',*,*,#31,.T.);
#31 = EDGE_CURVE('',#24,#32,#34,.T.);
#32 = VERTEX_POINT('',#33);
#33 = CARTESIAN_POINT('',(-67.08587988004,39.76537180436,4.));
#34 = LINE('',#35,#36);
#35 = CARTESIAN_POINT('',(-78.,33.464101615138,4.));
#36 = VECTOR('',#37,1.);
#37 = DIRECTION('',(0.866025403784,0.5,0.));
#38 = ORIENTED_EDGE('',*,*,#39,.F.);
#39 = EDGE_CURVE('',#40,#32,#42,.T.);
#40 = VERTEX_POINT('',#41);
#41 = CARTESIAN_POINT('',(-67.08587988004,39.76537180436,0.));
#42 = LINE('',#43,#44);
#43 = CARTESIAN_POINT('',(-67.08587988004,39.76537180436,0.));
#44 = VECTOR('',#45,1.);
#45 = DIRECTION('',(0.,0.,1.));
#46 = ORIENTED_EDGE('',*,*,#47,.F.);
#47 = EDGE_CURVE('',#22,#40,#48,.T.);
#48 = LINE('',#49,#50);
#49 = CARTESIAN_POINT('',(-78.,33.464101615138,0.));
#50 = VECTOR('',#51,1.);
#51 = DIRECTION('',(0.866025403784,0.5,0.));
#52 = PLANE('',#53);
#53 = AXIS2_PLACEMENT_3D('',#54,#55,#56);
#54 = CARTESIAN_POINT('',(-78.,33.464101615138,0.));
#55 = DIRECTION('',(-0.5,0.866025403784,0.));
#56 = DIRECTION('',(0.866025403784,0.5,0.));
#57 = ADVANCED_FACE('',(#58),#85,.T.);
#58 = FACE_BOUND('',#59,.F.);
#59 = EDGE_LOOP('',(#60,#61,#70,#78));
#60 = ORIENTED_EDGE('',*,*,#21,.T.);
#61 = ORIENTED_EDGE('',*,*,#62,.T.);
#62 = EDGE_CURVE('',#24,#63,#65,.T.);
#63 = VERTEX_POINT('',#64);
#64 = CARTESIAN_POINT('',(-80.,30.,4.));
#65 = CIRCLE('',#66,4.);
#66 = AXIS2_PLACEMENT_3D('',#67,#68,#69);
#67 = CARTESIAN_POINT('',(-76.,30.,4.));
#68 = DIRECTION('',(0.,0.,1.));
#69 = DIRECTION('',(1.,0.,0.));
#70 = ORIENTED_EDGE('',*,*,#71,.F.);
#71 = EDGE_CURVE('',#72,#63,#74,.T.);
#72 = VERTEX_POINT('',#73);
#73 = CARTESIAN_POINT('',(-80.,30.,0.));
#74 = LINE('',#75,#76);
#75 = CARTESIAN_POINT('',(-80.,30.,0.));
#76 = VECTOR('',#77,1.);
#77 = DIRECTION('',(0.,0.,1.));
#78 = ORIENTED_EDGE('',*,*,#79,.F.);
#79 = EDGE_CURVE('',#22,#72,#80,.T.);
#80 = CIRCLE('',#81,4.);
#81 = AXIS2_PLACEMENT_3D('',#82,#83,#84);
#82 = CARTESIAN_POINT('',(-76.,30.,0.));
#83 = DIRECTION('',(0.,0.,1.));
#84 = DIRECTION('',(1.,0.,0.));
#85 = CYLINDRICAL_SURFACE('',#86,4.);
#86 = AXIS2_PLACEMENT_3D('',#87,#88,#89);
#87 = CARTESIAN_POINT('',(-76.,30.,0.));
#88 = DIRECTION('',(-0.,-0.,-1.));
#89 = DIRECTION('',(1.,0.,0.));
#90 = ADVANCED_FACE('',(#91),#116,.T.);
#91 = FACE_BOUND('',#92,.T.);
#92 = EDGE_LOOP('',(#93,#101,#102,#110));
#93 = ORIENTED_EDGE('',*,*,#94,.F.);
#94 = EDGE_CURVE('',#40,#95,#97,.T.);
#95 = VERTEX_POINT('',#96);
#96 = CARTESIAN_POINT('',(-63.08587988004,46.693575034635,0.));
#97 = LINE('',#98,#99);
#98 = CARTESIAN_POINT('',(-67.08587988004,39.76537180436,0.));
#99 = VECTOR('',#100,1.);
#100 = DIRECTION('',(0.5,0.866025403784,0.));
#101 = ORIENTED_EDGE('',*,*,#39,.T.);
#102 = ORIENTED_EDGE('',*,*,#103,.T.);
#103 = EDGE_CURVE('',#32,#104,#106,.T.);
#104 = VERTEX_POINT('',#105);
#105 = CARTESIAN_POINT('',(-63.08587988004,46.693575034635,4.));
#106 = LINE('',#107,#108);
#107 = CARTESIAN_POINT('',(-67.08587988004,39.76537180436,4.));
#108 = VECTOR('',#109,1.);
#109 = DIRECTION('',(0.5,0.866025403784,0.));
#110 = ORIENTED_EDGE('',*,*,#111,.T.);
#111 = EDGE_CURVE('',#104,#95,#112,.T.);
#112 = LINE('',#113,#114);
#113 = CARTESIAN_POINT('',(-63.08587988004,46.693575034635,4.));
#114 = VECTOR('',#115,1.);
#115 = DIRECTION('',(-0.,-0.,-1.));
#116 = PLANE('',#117);
#117 = AXIS2_PLACEMENT_3D('',#118,#119,#120);
#118 = CARTESIAN_POINT('',(-67.08587988004,39.76537180436,0.));
#119 = DIRECTION('',(-0.866025403784,0.5,0.));
#120 = DIRECTION('',(0.5,0.866025403784,0.));
#121 = ADVANCED_FACE('',(#122,#428,#498,#509,#520,#531,#581,#651,#701,
    #771,#841,#891,#902,#952,#963,#1033,#1083,#1153,#1223,#1273,#1343,
    #1354),#1365,.F.);
#122 = FACE_BOUND('',#123,.F.);
#123 = EDGE_LOOP('',(#124,#125,#126,#134,#143,#151,#159,#168,#176,#185,
    #193,#201,#210,#218,#227,#235,#243,#252,#260,#269,#277,#285,#293,
    #301,#309,#317,#325,#333,#341,#349,#357,#365,#373,#381,#389,#397,
    #405,#413,#421,#427));
#124 = ORIENTED_EDGE('',*,*,#47,.F.);
#125 = ORIENTED_EDGE('',*,*,#79,.T.);
#126 = ORIENTED_EDGE('',*,*,#127,.F.);
#127 = EDGE_CURVE('',#128,#72,#130,.T.);
#128 = VERTEX_POINT('',#129);
#129 = CARTESIAN_POINT('',(-80.,-30.,0.));
#130 = LINE('',#131,#132);
#131 = CARTESIAN_POINT('',(-80.,-30.,0.));
#132 = VECTOR('',#133,1.);
#133 = DIRECTION('',(0.,1.,0.));
#134 = ORIENTED_EDGE('',*,*,#135,.T.);
#135 = EDGE_CURVE('',#128,#136,#138,.T.);
#136 = VERTEX_POINT('',#137);
#137 = CARTESIAN_POINT('',(-78.,-33.46410161513,0.));
#138 = CIRCLE('',#139,4.);
#139 = AXIS2_PLACEMENT_3D('',#140,#141,#142);
#140 = CARTESIAN_POINT('',(-76.,-30.,0.));
#141 = DIRECTION('',(0.,0.,1.));
#142 = DIRECTION('',(1.,0.,0.));
#143 = ORIENTED_EDGE('',*,*,#144,.F.);
#144 = EDGE_CURVE('',#145,#136,#147,.T.);
#145 = VERTEX_POINT('',#146);
#146 = CARTESIAN_POINT('',(-67.08587988004,-39.76537180436,0.));
#147 = LINE('',#148,#149);
#148 = CARTESIAN_POINT('',(-67.08587988004,-39.76537180436,0.));
#149 = VECTOR('',#150,1.);
#150 = DIRECTION('',(-0.866025403784,0.5,0.));
#151 = ORIENTED_EDGE('',*,*,#152,.F.);
#152 = EDGE_CURVE('',#153,#145,#155,.T.);
#153 = VERTEX_POINT('',#154);
#154 = CARTESIAN_POINT('',(-33.46410161513,-98.,0.));
#155 = LINE('',#156,#157);
#156 = CARTESIAN_POINT('',(-33.46410161513,-98.,0.));
#157 = VECTOR('',#158,1.);
#158 = DIRECTION('',(-0.5,0.866025403784,0.));
#159 = ORIENTED_EDGE('',*,*,#160,.T.);
#160 = EDGE_CURVE('',#153,#161,#163,.T.);
#161 = VERTEX_POINT('',#162);
#162 = CARTESIAN_POINT('',(-30.,-100.,0.));
#163 = CIRCLE('',#164,4.);
#164 = AXIS2_PLACEMENT_3D('',#165,#166,#167);
#165 = CARTESIAN_POINT('',(-30.,-96.,0.));
#166 = DIRECTION('',(0.,0.,1.));
#167 = DIRECTION('',(1.,0.,0.));
#168 = ORIENTED_EDGE('',*,*,#169,.F.);
#169 = EDGE_CURVE('',#170,#161,#172,.T.);
#170 = VERTEX_POINT('',#171);
#171 = CARTESIAN_POINT('',(30.,-100.,0.));
#172 = LINE('',#173,#174);
#173 = CARTESIAN_POINT('',(30.,-100.,0.));
#174 = VECTOR('',#175,1.);
#175 = DIRECTION('',(-1.,0.,0.));
#176 = ORIENTED_EDGE('',*,*,#177,.T.);
#177 = EDGE_CURVE('',#170,#178,#180,.T.);
#178 = VERTEX_POINT('',#179);
#179 = CARTESIAN_POINT('',(33.464101615138,-98.,0.));
#180 = CIRCLE('',#181,4.);
#181 = AXIS2_PLACEMENT_3D('',#182,#183,#184);
#182 = CARTESIAN_POINT('',(30.,-96.,0.));
#183 = DIRECTION('',(0.,0.,1.));
#184 = DIRECTION('',(1.,0.,0.));
#185 = ORIENTED_EDGE('',*,*,#186,.F.);
#186 = EDGE_CURVE('',#187,#178,#189,.T.);
#187 = VERTEX_POINT('',#188);
#188 = CARTESIAN_POINT('',(67.085879880048,-39.76537180436,0.));
#189 = LINE('',#190,#191);
#190 = CARTESIAN_POINT('',(67.085879880048,-39.76537180436,0.));
#191 = VECTOR('',#192,1.);
#192 = DIRECTION('',(-0.5,-0.866025403784,0.));
#193 = ORIENTED_EDGE('',*,*,#194,.F.);
#194 = EDGE_CURVE('',#195,#187,#197,.T.);
#195 = VERTEX_POINT('',#196);
#196 = CARTESIAN_POINT('',(78.,-33.46410161513,0.));
#197 = LINE('',#198,#199);
#198 = CARTESIAN_POINT('',(78.,-33.46410161513,0.));
#199 = VECTOR('',#200,1.);
#200 = DIRECTION('',(-0.866025403784,-0.5,0.));
#201 = ORIENTED_EDGE('',*,*,#202,.T.);
#202 = EDGE_CURVE('',#195,#203,#205,.T.);
#203 = VERTEX_POINT('',#204);
#204 = CARTESIAN_POINT('',(80.,-30.,0.));
#205 = CIRCLE('',#206,4.);
#206 = AXIS2_PLACEMENT_3D('',#207,#208,#209);
#207 = CARTESIAN_POINT('',(76.,-30.,0.));
#208 = DIRECTION('',(0.,0.,1.));
#209 = DIRECTION('',(1.,0.,0.));
#210 = ORIENTED_EDGE('',*,*,#211,.F.);
#211 = EDGE_CURVE('',#212,#203,#214,.T.);
#212 = VERTEX_POINT('',#213);
#213 = CARTESIAN_POINT('',(80.,30.,0.));
#214 = LINE('',#215,#216);
#215 = CARTESIAN_POINT('',(80.,30.,0.));
#216 = VECTOR('',#217,1.);
#217 = DIRECTION('',(0.,-1.,0.));
#218 = ORIENTED_EDGE('',*,*,#219,.T.);
#219 = EDGE_CURVE('',#212,#220,#222,.T.);
#220 = VERTEX_POINT('',#221);
#221 = CARTESIAN_POINT('',(78.,33.464101615138,0.));
#222 = CIRCLE('',#223,4.);
#223 = AXIS2_PLACEMENT_3D('',#224,#225,#226);
#224 = CARTESIAN_POINT('',(76.,30.,0.));
#225 = DIRECTION('',(0.,0.,1.));
#226 = DIRECTION('',(1.,0.,0.));
#227 = ORIENTED_EDGE('',*,*,#228,.F.);
#228 = EDGE_CURVE('',#229,#220,#231,.T.);
#229 = VERTEX_POINT('',#230);
#230 = CARTESIAN_POINT('',(67.085879880048,39.76537180436,0.));
#231 = LINE('',#232,#233);
#232 = CARTESIAN_POINT('',(67.085879880048,39.76537180436,0.));
#233 = VECTOR('',#234,1.);
#234 = DIRECTION('',(0.866025403784,-0.5,0.));
#235 = ORIENTED_EDGE('',*,*,#236,.F.);
#236 = EDGE_CURVE('',#237,#229,#239,.T.);
#237 = VERTEX_POINT('',#238);
#238 = CARTESIAN_POINT('',(33.464101615138,98.,0.));
#239 = LINE('',#240,#241);
#240 = CARTESIAN_POINT('',(33.464101615138,98.,0.));
#241 = VECTOR('',#242,1.);
#242 = DIRECTION('',(0.5,-0.866025403784,0.));
#243 = ORIENTED_EDGE('',*,*,#244,.T.);
#244 = EDGE_CURVE('',#237,#245,#247,.T.);
#245 = VERTEX_POINT('',#246);
#246 = CARTESIAN_POINT('',(30.,100.,0.));
#247 = CIRCLE('',#248,4.);
#248 = AXIS2_PLACEMENT_3D('',#249,#250,#251);
#249 = CARTESIAN_POINT('',(30.,96.,0.));
#250 = DIRECTION('',(0.,0.,1.));
#251 = DIRECTION('',(1.,0.,0.));
#252 = ORIENTED_EDGE('',*,*,#253,.F.);
#253 = EDGE_CURVE('',#254,#245,#256,.T.);
#254 = VERTEX_POINT('',#255);
#255 = CARTESIAN_POINT('',(-30.,100.,0.));
#256 = LINE('',#257,#258);
#257 = CARTESIAN_POINT('',(-30.,100.,0.));
#258 = VECTOR('',#259,1.);
#259 = DIRECTION('',(1.,0.,0.));
#260 = ORIENTED_EDGE('',*,*,#261,.T.);
#261 = EDGE_CURVE('',#254,#262,#264,.T.);
#262 = VERTEX_POINT('',#263);
#263 = CARTESIAN_POINT('',(-33.46410161513,98.,0.));
#264 = CIRCLE('',#265,4.);
#265 = AXIS2_PLACEMENT_3D('',#266,#267,#268);
#266 = CARTESIAN_POINT('',(-30.,96.,0.));
#267 = DIRECTION('',(0.,0.,1.));
#268 = DIRECTION('',(1.,0.,0.));
#269 = ORIENTED_EDGE('',*,*,#270,.F.);
#270 = EDGE_CURVE('',#271,#262,#273,.T.);
#271 = VERTEX_POINT('',#272);
#272 = CARTESIAN_POINT('',(-55.58587988004,59.683956091402,0.));
#273 = LINE('',#274,#275);
#274 = CARTESIAN_POINT('',(-67.08587988004,39.76537180436,0.));
#275 = VECTOR('',#276,1.);
#276 = DIRECTION('',(0.5,0.866025403784,0.));
#277 = ORIENTED_EDGE('',*,*,#278,.F.);
#278 = EDGE_CURVE('',#279,#271,#281,.T.);
#279 = VERTEX_POINT('',#280);
#280 = CARTESIAN_POINT('',(-49.52370205355,56.183956091402,0.));
#281 = LINE('',#282,#283);
#282 = CARTESIAN_POINT('',(-22.12066707897,40.362806472213,0.));
#283 = VECTOR('',#284,1.);
#284 = DIRECTION('',(-0.866025403784,0.5,0.));
#285 = ORIENTED_EDGE('',*,*,#286,.F.);
#286 = EDGE_CURVE('',#287,#279,#289,.T.);
#287 = VERTEX_POINT('',#288);
#288 = CARTESIAN_POINT('',(-48.63200911333,54.490493053614,0.));
#289 = LINE('',#290,#291);
#290 = CARTESIAN_POINT('',(-32.85466429605,24.52687096221,0.));
#291 = VECTOR('',#292,1.);
#292 = DIRECTION('',(-0.465908699195,0.884832800033,0.));
#293 = ORIENTED_EDGE('',*,*,#294,.T.);
#294 = EDGE_CURVE('',#287,#295,#297,.T.);
#295 = VERTEX_POINT('',#296);
#296 = CARTESIAN_POINT('',(-47.3755533611,56.483322583395,0.));
#297 = LINE('',#298,#299);
#298 = CARTESIAN_POINT('',(-48.70888669444,54.368559659987,0.));
#299 = VECTOR('',#300,1.);
#300 = DIRECTION('',(0.533333333333,0.845905169363,0.));
#301 = ORIENTED_EDGE('',*,*,#302,.T.);
#302 = EDGE_CURVE('',#295,#303,#305,.T.);
#303 = VERTEX_POINT('',#304);
#304 = CARTESIAN_POINT('',(-44.87744827978,56.38600350672,0.));
#305 = LINE('',#306,#307);
#306 = CARTESIAN_POINT('',(-47.3755533611,56.483322583395,0.));
#307 = VECTOR('',#308,1.);
#308 = DIRECTION('',(0.999242032528,-3.892763067006E-02,0.));
#309 = ORIENTED_EDGE('',*,*,#310,.T.);
#310 = EDGE_CURVE('',#303,#311,#313,.T.);
#311 = VERTEX_POINT('',#312);
#312 = CARTESIAN_POINT('',(-43.7126765318,54.173921506637,0.));
#313 = LINE('',#314,#315);
#314 = CARTESIAN_POINT('',(-44.87744827978,56.38600350672,0.));
#315 = VECTOR('',#316,1.);
#316 = DIRECTION('',(0.465908699195,-0.884832800033,0.));
#317 = ORIENTED_EDGE('',*,*,#318,.T.);
#318 = EDGE_CURVE('',#311,#319,#321,.T.);
#319 = VERTEX_POINT('',#320);
#320 = CARTESIAN_POINT('',(-45.04600986513,52.059158583228,0.));
#321 = LINE('',#322,#323);
#322 = CARTESIAN_POINT('',(-43.7126765318,54.173921506637,0.));
#323 = VECTOR('',#324,1.);
#324 = DIRECTION('',(-0.533333333333,-0.845905169363,0.));
#325 = ORIENTED_EDGE('',*,*,#326,.T.);
#326 = EDGE_CURVE('',#319,#327,#329,.T.);
#327 = VERTEX_POINT('',#328);
#328 = CARTESIAN_POINT('',(-47.40007873944,52.150866418496,0.));
#329 = LINE('',#330,#331);
#330 = CARTESIAN_POINT('',(-45.04600986513,52.059158583228,0.));
#331 = VECTOR('',#332,1.);
#332 = DIRECTION('',(-0.999242032528,3.892763067005E-02,-0.));
#333 = ORIENTED_EDGE('',*,*,#334,.F.);
#334 = EDGE_CURVE('',#335,#327,#337,.T.);
#335 = VERTEX_POINT('',#336);
#336 = CARTESIAN_POINT('',(-46.72824985839,50.874959291202,0.));
#337 = LINE('',#338,#339);
#338 = CARTESIAN_POINT('',(-32.85466429605,24.52687096221,0.));
#339 = VECTOR('',#340,1.);
#340 = DIRECTION('',(-0.465908699195,0.884832800033,0.));
#341 = ORIENTED_EDGE('',*,*,#342,.F.);
#342 = EDGE_CURVE('',#343,#335,#345,.T.);
#343 = VERTEX_POINT('',#344);
#344 = CARTESIAN_POINT('',(-40.66607203189,47.374959291202,0.));
#345 = LINE('',#346,#347);
#346 = CARTESIAN_POINT('',(-18.49185206814,34.572667426057,
    -4.440892098501E-16));
#347 = VECTOR('',#348,1.);
#348 = DIRECTION('',(-0.866025403784,0.5,0.));
#349 = ORIENTED_EDGE('',*,*,#350,.F.);
#350 = EDGE_CURVE('',#351,#343,#353,.T.);
#351 = VERTEX_POINT('',#352);
#352 = CARTESIAN_POINT('',(-44.96607203189,39.927140818656,0.));
#353 = LINE('',#354,#355);
#354 = CARTESIAN_POINT('',(-45.53834489295,38.935935147521,0.));
#355 = VECTOR('',#356,1.);
#356 = DIRECTION('',(0.5,0.866025403784,0.));
#357 = ORIENTED_EDGE('',*,*,#358,.F.);
#358 = EDGE_CURVE('',#359,#351,#361,.T.);
#359 = VERTEX_POINT('',#360);
#360 = CARTESIAN_POINT('',(-51.02824985839,43.427140818656,0.));
#361 = LINE('',#362,#363);
#362 = CARTESIAN_POINT('',(-19.76076315489,25.374848953511,0.));
#363 = VECTOR('',#364,1.);
#364 = DIRECTION('',(0.866025403784,-0.5,0.));
#365 = ORIENTED_EDGE('',*,*,#366,.F.);
#366 = EDGE_CURVE('',#367,#359,#369,.T.);
#367 = VERTEX_POINT('',#368);
#368 = CARTESIAN_POINT('',(-52.46913228402,43.371008133002,0.));
#369 = LINE('',#370,#371);
#370 = CARTESIAN_POINT('',(-26.37032573595,44.38774348756,0.));
#371 = VECTOR('',#372,1.);
#372 = DIRECTION('',(0.999242032528,3.892763067005E-02,0.));
#373 = ORIENTED_EDGE('',*,*,#374,.T.);
#374 = EDGE_CURVE('',#367,#375,#377,.T.);
#375 = VERTEX_POINT('',#376);
#376 = CARTESIAN_POINT('',(-51.2126765318,41.37817860322,0.));
#377 = LINE('',#378,#379);
#378 = CARTESIAN_POINT('',(-52.54600986513,43.492941526629,0.));
#379 = VECTOR('',#380,1.);
#380 = DIRECTION('',(0.533333333333,-0.845905169363,0.));
#381 = ORIENTED_EDGE('',*,*,#382,.T.);
#382 = EDGE_CURVE('',#375,#383,#385,.T.);
#383 = VERTEX_POINT('',#384);
#384 = CARTESIAN_POINT('',(-52.37744827978,39.166096603137,0.));
#385 = LINE('',#386,#387);
#386 = CARTESIAN_POINT('',(-51.2126765318,41.37817860322,0.));
#387 = VECTOR('',#388,1.);
#388 = DIRECTION('',(-0.465908699195,-0.884832800033,0.));
#389 = ORIENTED_EDGE('',*,*,#390,.T.);
#390 = EDGE_CURVE('',#383,#391,#393,.T.);
#391 = VERTEX_POINT('',#392);
#392 = CARTESIAN_POINT('',(-54.8755533611,39.068777526462,0.));
#393 = LINE('',#394,#395);
#394 = CARTESIAN_POINT('',(-52.37744827978,39.166096603137,0.));
#395 = VECTOR('',#396,1.);
#396 = DIRECTION('',(-0.999242032528,-3.892763067005E-02,0.));
#397 = ORIENTED_EDGE('',*,*,#398,.T.);
#398 = EDGE_CURVE('',#391,#399,#401,.T.);
#399 = VERTEX_POINT('',#400);
#400 = CARTESIAN_POINT('',(-56.20888669444,41.18354044987,0.));
#401 = LINE('',#402,#403);
#402 = CARTESIAN_POINT('',(-54.8755533611,39.068777526462,0.));
#403 = VECTOR('',#404,1.);
#404 = DIRECTION('',(-0.533333333333,0.845905169363,-0.));
#405 = ORIENTED_EDGE('',*,*,#406,.T.);
#406 = EDGE_CURVE('',#399,#407,#409,.T.);
#407 = VERTEX_POINT('',#408);
#408 = CARTESIAN_POINT('',(-55.11127357235,43.268077814919,0.));
#409 = LINE('',#410,#411);
#410 = CARTESIAN_POINT('',(-56.20888669444,41.18354044987,0.));
#411 = VECTOR('',#412,1.);
#412 = DIRECTION('',(0.465908699195,0.884832800033,0.));
#413 = ORIENTED_EDGE('',*,*,#414,.F.);
#414 = EDGE_CURVE('',#415,#407,#417,.T.);
#415 = VERTEX_POINT('',#416);
#416 = CARTESIAN_POINT('',(-57.02370205355,43.193575034635,0.));
#417 = LINE('',#418,#419);
#418 = CARTESIAN_POINT('',(-26.37032573595,44.38774348756,0.));
#419 = VECTOR('',#420,1.);
#420 = DIRECTION('',(0.999242032528,3.892763067005E-02,0.));
#421 = ORIENTED_EDGE('',*,*,#422,.F.);
#422 = EDGE_CURVE('',#95,#415,#423,.T.);
#423 = LINE('',#424,#425);
#424 = CARTESIAN_POINT('',(-26.58957816572,25.622425415446,
    -4.440892098501E-16));
#425 = VECTOR('',#426,1.);
#426 = DIRECTION('',(0.866025403784,-0.5,0.));
#427 = ORIENTED_EDGE('',*,*,#94,.F.);
#428 = FACE_BOUND('',#429,.F.);
#429 = EDGE_LOOP('',(#430,#441,#449,#458,#466,#475,#483,#492));
#430 = ORIENTED_EDGE('',*,*,#431,.F.);
#431 = EDGE_CURVE('',#432,#434,#436,.T.);
#432 = VERTEX_POINT('',#433);
#433 = CARTESIAN_POINT('',(-50.,-60.,0.));
#434 = VERTEX_POINT('',#435);
#435 = CARTESIAN_POINT('',(-46.5,-63.5,0.));
#436 = CIRCLE('',#437,3.5);
#437 = AXIS2_PLACEMENT_3D('',#438,#439,#440);
#438 = CARTESIAN_POINT('',(-46.5,-60.,0.));
#439 = DIRECTION('',(0.,0.,1.));
#440 = DIRECTION('',(1.,0.,0.));
#441 = ORIENTED_EDGE('',*,*,#442,.T.);
#442 = EDGE_CURVE('',#432,#443,#445,.T.);
#443 = VERTEX_POINT('',#444);
#444 = CARTESIAN_POINT('',(-50.,-40.,0.));
#445 = LINE('',#446,#447);
#446 = CARTESIAN_POINT('',(-50.,-19.30383636322,0.));
#447 = VECTOR('',#448,1.);
#448 = DIRECTION('',(0.,1.,0.));
#449 = ORIENTED_EDGE('',*,*,#450,.F.);
#450 = EDGE_CURVE('',#451,#443,#453,.T.);
#451 = VERTEX_POINT('',#452);
#452 = CARTESIAN_POINT('',(-46.5,-36.5,0.));
#453 = CIRCLE('',#454,3.5);
#454 = AXIS2_PLACEMENT_3D('',#455,#456,#457);
#455 = CARTESIAN_POINT('',(-46.5,-40.,0.));
#456 = DIRECTION('',(0.,0.,1.));
#457 = DIRECTION('',(1.,0.,0.));
#458 = ORIENTED_EDGE('',*,*,#459,.T.);
#459 = EDGE_CURVE('',#451,#460,#462,.T.);
#460 = VERTEX_POINT('',#461);
#461 = CARTESIAN_POINT('',(-31.5,-36.5,0.));
#462 = LINE('',#463,#464);
#463 = CARTESIAN_POINT('',(-15.75,-36.5,0.));
#464 = VECTOR('',#465,1.);
#465 = DIRECTION('',(1.,0.,0.));
#466 = ORIENTED_EDGE('',*,*,#467,.F.);
#467 = EDGE_CURVE('',#468,#460,#470,.T.);
#468 = VERTEX_POINT('',#469);
#469 = CARTESIAN_POINT('',(-28.,-40.,0.));
#470 = CIRCLE('',#471,3.5);
#471 = AXIS2_PLACEMENT_3D('',#472,#473,#474);
#472 = CARTESIAN_POINT('',(-31.5,-40.,0.));
#473 = DIRECTION('',(0.,0.,1.));
#474 = DIRECTION('',(1.,0.,0.));
#475 = ORIENTED_EDGE('',*,*,#476,.T.);
#476 = EDGE_CURVE('',#468,#477,#479,.T.);
#477 = VERTEX_POINT('',#478);
#478 = CARTESIAN_POINT('',(-28.,-60.,0.));
#479 = LINE('',#480,#481);
#480 = CARTESIAN_POINT('',(-28.,-29.30383636322,0.));
#481 = VECTOR('',#482,1.);
#482 = DIRECTION('',(0.,-1.,0.));
#483 = ORIENTED_EDGE('',*,*,#484,.F.);
#484 = EDGE_CURVE('',#485,#477,#487,.T.);
#485 = VERTEX_POINT('',#486);
#486 = CARTESIAN_POINT('',(-31.5,-63.5,0.));
#487 = CIRCLE('',#488,3.5);
#488 = AXIS2_PLACEMENT_3D('',#489,#490,#491);
#489 = CARTESIAN_POINT('',(-31.5,-60.,0.));
#490 = DIRECTION('',(0.,0.,1.));
#491 = DIRECTION('',(1.,0.,0.));
#492 = ORIENTED_EDGE('',*,*,#493,.T.);
#493 = EDGE_CURVE('',#485,#434,#494,.T.);
#494 = LINE('',#495,#496);
#495 = CARTESIAN_POINT('',(-23.25,-63.5,0.));
#496 = VECTOR('',#497,1.);
#497 = DIRECTION('',(-1.,0.,0.));
#498 = FACE_BOUND('',#499,.F.);
#499 = EDGE_LOOP('',(#500));
#500 = ORIENTED_EDGE('',*,*,#501,.F.);
#501 = EDGE_CURVE('',#502,#502,#504,.T.);
#502 = VERTEX_POINT('',#503);
#503 = CARTESIAN_POINT('',(-21.25,-92.5,0.));
#504 = CIRCLE('',#505,2.75);
#505 = AXIS2_PLACEMENT_3D('',#506,#507,#508);
#506 = CARTESIAN_POINT('',(-24.,-92.5,0.));
#507 = DIRECTION('',(0.,0.,1.));
#508 = DIRECTION('',(1.,0.,0.));
#509 = FACE_BOUND('',#510,.F.);
#510 = EDGE_LOOP('',(#511));
#511 = ORIENTED_EDGE('',*,*,#512,.T.);
#512 = EDGE_CURVE('',#513,#513,#515,.T.);
#513 = VERTEX_POINT('',#514);
#514 = CARTESIAN_POINT('',(4.,-92.5,0.));
#515 = CIRCLE('',#516,4.);
#516 = AXIS2_PLACEMENT_3D('',#517,#518,#519);
#517 = CARTESIAN_POINT('',(0.,-92.5,0.));
#518 = DIRECTION('',(0.,0.,-1.));
#519 = DIRECTION('',(1.,0.,0.));
#520 = FACE_BOUND('',#521,.F.);
#521 = EDGE_LOOP('',(#522));
#522 = ORIENTED_EDGE('',*,*,#523,.F.);
#523 = EDGE_CURVE('',#524,#524,#526,.T.);
#524 = VERTEX_POINT('',#525);
#525 = CARTESIAN_POINT('',(26.75,-92.5,0.));
#526 = CIRCLE('',#527,2.75);
#527 = AXIS2_PLACEMENT_3D('',#528,#529,#530);
#528 = CARTESIAN_POINT('',(24.,-92.5,0.));
#529 = DIRECTION('',(0.,0.,1.));
#530 = DIRECTION('',(1.,0.,0.));
#531 = FACE_BOUND('',#532,.F.);
#532 = EDGE_LOOP('',(#533,#543,#551,#559,#567,#575));
#533 = ORIENTED_EDGE('',*,*,#534,.T.);
#534 = EDGE_CURVE('',#535,#537,#539,.T.);
#535 = VERTEX_POINT('',#536);
#536 = CARTESIAN_POINT('',(2.598076211353,-61.5,0.));
#537 = VERTEX_POINT('',#538);
#538 = CARTESIAN_POINT('',(0.,-63.,0.));
#539 = LINE('',#540,#541);
#540 = CARTESIAN_POINT('',(2.598076211353,-61.5,0.));
#541 = VECTOR('',#542,1.);
#542 = DIRECTION('',(-0.866025403784,-0.5,0.));
#543 = ORIENTED_EDGE('',*,*,#544,.T.);
#544 = EDGE_CURVE('',#537,#545,#547,.T.);
#545 = VERTEX_POINT('',#546);
#546 = CARTESIAN_POINT('',(-2.598076211353,-61.5,0.));
#547 = LINE('',#548,#549);
#548 = CARTESIAN_POINT('',(0.,-63.,0.));
#549 = VECTOR('',#550,1.);
#550 = DIRECTION('',(-0.866025403784,0.5,-0.));
#551 = ORIENTED_EDGE('',*,*,#552,.T.);
#552 = EDGE_CURVE('',#545,#553,#555,.T.);
#553 = VERTEX_POINT('',#554);
#554 = CARTESIAN_POINT('',(-2.598076211353,-58.5,0.));
#555 = LINE('',#556,#557);
#556 = CARTESIAN_POINT('',(-2.598076211353,-61.5,0.));
#557 = VECTOR('',#558,1.);
#558 = DIRECTION('',(0.,1.,0.));
#559 = ORIENTED_EDGE('',*,*,#560,.T.);
#560 = EDGE_CURVE('',#553,#561,#563,.T.);
#561 = VERTEX_POINT('',#562);
#562 = CARTESIAN_POINT('',(0.,-57.,0.));
#563 = LINE('',#564,#565);
#564 = CARTESIAN_POINT('',(-2.598076211353,-58.5,0.));
#565 = VECTOR('',#566,1.);
#566 = DIRECTION('',(0.866025403784,0.5,0.));
#567 = ORIENTED_EDGE('',*,*,#568,.T.);
#568 = EDGE_CURVE('',#561,#569,#571,.T.);
#569 = VERTEX_POINT('',#570);
#570 = CARTESIAN_POINT('',(2.598076211353,-58.5,0.));
#571 = LINE('',#572,#573);
#572 = CARTESIAN_POINT('',(0.,-57.,0.));
#573 = VECTOR('',#574,1.);
#574 = DIRECTION('',(0.866025403784,-0.5,0.));
#575 = ORIENTED_EDGE('',*,*,#576,.T.);
#576 = EDGE_CURVE('',#569,#535,#577,.T.);
#577 = LINE('',#578,#579);
#578 = CARTESIAN_POINT('',(2.598076211353,-58.5,0.));
#579 = VECTOR('',#580,1.);
#580 = DIRECTION('',(0.,-1.,0.));
#581 = FACE_BOUND('',#582,.F.);
#582 = EDGE_LOOP('',(#583,#594,#602,#611,#619,#628,#636,#645));
#583 = ORIENTED_EDGE('',*,*,#584,.F.);
#584 = EDGE_CURVE('',#585,#587,#589,.T.);
#585 = VERTEX_POINT('',#586);
#586 = CARTESIAN_POINT('',(18.000000000001,-60.,0.));
#587 = VERTEX_POINT('',#588);
#588 = CARTESIAN_POINT('',(21.500000000002,-63.5,0.));
#589 = CIRCLE('',#590,3.5);
#590 = AXIS2_PLACEMENT_3D('',#591,#592,#593);
#591 = CARTESIAN_POINT('',(21.500000000001,-60.,0.));
#592 = DIRECTION('',(0.,0.,1.));
#593 = DIRECTION('',(1.,0.,0.));
#594 = ORIENTED_EDGE('',*,*,#595,.T.);
#595 = EDGE_CURVE('',#585,#596,#598,.T.);
#596 = VERTEX_POINT('',#597);
#597 = CARTESIAN_POINT('',(18.000000000001,-40.,0.));
#598 = LINE('',#599,#600);
#599 = CARTESIAN_POINT('',(18.000000000001,-19.30383636322,0.));
#600 = VECTOR('',#601,1.);
#601 = DIRECTION('',(0.,1.,0.));
#602 = ORIENTED_EDGE('',*,*,#603,.F.);
#603 = EDGE_CURVE('',#604,#596,#606,.T.);
#604 = VERTEX_POINT('',#605);
#605 = CARTESIAN_POINT('',(21.500000000001,-36.5,0.));
#606 = CIRCLE('',#607,3.5);
#607 = AXIS2_PLACEMENT_3D('',#608,#609,#610);
#608 = CARTESIAN_POINT('',(21.500000000001,-40.,0.));
#609 = DIRECTION('',(0.,0.,1.));
#610 = DIRECTION('',(1.,0.,0.));
#611 = ORIENTED_EDGE('',*,*,#612,.T.);
#612 = EDGE_CURVE('',#604,#613,#615,.T.);
#613 = VERTEX_POINT('',#614);
#614 = CARTESIAN_POINT('',(36.500000000002,-36.5,0.));
#615 = LINE('',#616,#617);
#616 = CARTESIAN_POINT('',(18.250000000001,-36.5,0.));
#617 = VECTOR('',#618,1.);
#618 = DIRECTION('',(1.,0.,0.));
#619 = ORIENTED_EDGE('',*,*,#620,.F.);
#620 = EDGE_CURVE('',#621,#613,#623,.T.);
#621 = VERTEX_POINT('',#622);
#622 = CARTESIAN_POINT('',(40.000000000002,-40.,0.));
#623 = CIRCLE('',#624,3.5);
#624 = AXIS2_PLACEMENT_3D('',#625,#626,#627);
#625 = CARTESIAN_POINT('',(36.500000000002,-40.,0.));
#626 = DIRECTION('',(0.,0.,1.));
#627 = DIRECTION('',(1.,0.,0.));
#628 = ORIENTED_EDGE('',*,*,#629,.T.);
#629 = EDGE_CURVE('',#621,#630,#632,.T.);
#630 = VERTEX_POINT('',#631);
#631 = CARTESIAN_POINT('',(40.000000000002,-60.,0.));
#632 = LINE('',#633,#634);
#633 = CARTESIAN_POINT('',(40.000000000002,-29.30383636322,0.));
#634 = VECTOR('',#635,1.);
#635 = DIRECTION('',(0.,-1.,0.));
#636 = ORIENTED_EDGE('',*,*,#637,.F.);
#637 = EDGE_CURVE('',#638,#630,#640,.T.);
#638 = VERTEX_POINT('',#639);
#639 = CARTESIAN_POINT('',(36.500000000002,-63.5,0.));
#640 = CIRCLE('',#641,3.5);
#641 = AXIS2_PLACEMENT_3D('',#642,#643,#644);
#642 = CARTESIAN_POINT('',(36.500000000002,-60.,0.));
#643 = DIRECTION('',(0.,0.,1.));
#644 = DIRECTION('',(1.,0.,0.));
#645 = ORIENTED_EDGE('',*,*,#646,.T.);
#646 = EDGE_CURVE('',#638,#587,#647,.T.);
#647 = LINE('',#648,#649);
#648 = CARTESIAN_POINT('',(10.750000000001,-63.5,0.));
#649 = VECTOR('',#650,1.);
#650 = DIRECTION('',(-1.,0.,0.));
#651 = FACE_BOUND('',#652,.F.);
#652 = EDGE_LOOP('',(#653,#663,#671,#679,#687,#695));
#653 = ORIENTED_EDGE('',*,*,#654,.T.);
#654 = EDGE_CURVE('',#655,#657,#659,.T.);
#655 = VERTEX_POINT('',#656);
#656 = CARTESIAN_POINT('',(2.598076211353,-41.5,0.));
#657 = VERTEX_POINT('',#658);
#658 = CARTESIAN_POINT('',(0.,-43.,0.));
#659 = LINE('',#660,#661);
#660 = CARTESIAN_POINT('',(2.598076211353,-41.5,0.));
#661 = VECTOR('',#662,1.);
#662 = DIRECTION('',(-0.866025403784,-0.5,0.));
#663 = ORIENTED_EDGE('',*,*,#664,.T.);
#664 = EDGE_CURVE('',#657,#665,#667,.T.);
#665 = VERTEX_POINT('',#666);
#666 = CARTESIAN_POINT('',(-2.598076211353,-41.5,0.));
#667 = LINE('',#668,#669);
#668 = CARTESIAN_POINT('',(0.,-43.,0.));
#669 = VECTOR('',#670,1.);
#670 = DIRECTION('',(-0.866025403784,0.5,-0.));
#671 = ORIENTED_EDGE('',*,*,#672,.T.);
#672 = EDGE_CURVE('',#665,#673,#675,.T.);
#673 = VERTEX_POINT('',#674);
#674 = CARTESIAN_POINT('',(-2.598076211353,-38.5,0.));
#675 = LINE('',#676,#677);
#676 = CARTESIAN_POINT('',(-2.598076211353,-41.5,0.));
#677 = VECTOR('',#678,1.);
#678 = DIRECTION('',(0.,1.,0.));
#679 = ORIENTED_EDGE('',*,*,#680,.T.);
#680 = EDGE_CURVE('',#673,#681,#683,.T.);
#681 = VERTEX_POINT('',#682);
#682 = CARTESIAN_POINT('',(0.,-37.,0.));
#683 = LINE('',#684,#685);
#684 = CARTESIAN_POINT('',(-2.598076211353,-38.5,0.));
#685 = VECTOR('',#686,1.);
#686 = DIRECTION('',(0.866025403784,0.5,0.));
#687 = ORIENTED_EDGE('',*,*,#688,.T.);
#688 = EDGE_CURVE('',#681,#689,#691,.T.);
#689 = VERTEX_POINT('',#690);
#690 = CARTESIAN_POINT('',(2.598076211353,-38.5,0.));
#691 = LINE('',#692,#693);
#692 = CARTESIAN_POINT('',(0.,-37.,0.));
#693 = VECTOR('',#694,1.);
#694 = DIRECTION('',(0.866025403784,-0.5,0.));
#695 = ORIENTED_EDGE('',*,*,#696,.T.);
#696 = EDGE_CURVE('',#689,#655,#697,.T.);
#697 = LINE('',#698,#699);
#698 = CARTESIAN_POINT('',(2.598076211353,-38.5,0.));
#699 = VECTOR('',#700,1.);
#700 = DIRECTION('',(0.,-1.,0.));
#701 = FACE_BOUND('',#702,.F.);
#702 = EDGE_LOOP('',(#703,#714,#722,#731,#739,#748,#756,#765));
#703 = ORIENTED_EDGE('',*,*,#704,.F.);
#704 = EDGE_CURVE('',#705,#707,#709,.T.);
#705 = VERTEX_POINT('',#706);
#706 = CARTESIAN_POINT('',(-28.,-27.5,0.));
#707 = VERTEX_POINT('',#708);
#708 = CARTESIAN_POINT('',(-24.5,-31.,0.));
#709 = CIRCLE('',#710,3.5);
#710 = AXIS2_PLACEMENT_3D('',#711,#712,#713);
#711 = CARTESIAN_POINT('',(-24.5,-27.5,0.));
#712 = DIRECTION('',(0.,0.,1.));
#713 = DIRECTION('',(1.,0.,0.));
#714 = ORIENTED_EDGE('',*,*,#715,.T.);
#715 = EDGE_CURVE('',#705,#716,#718,.T.);
#716 = VERTEX_POINT('',#717);
#717 = CARTESIAN_POINT('',(-28.,-10.5,0.));
#718 = LINE('',#719,#720);
#719 = CARTESIAN_POINT('',(-28.,-4.553836363225,0.));
#720 = VECTOR('',#721,1.);
#721 = DIRECTION('',(0.,1.,0.));
#722 = ORIENTED_EDGE('',*,*,#723,.F.);
#723 = EDGE_CURVE('',#724,#716,#726,.T.);
#724 = VERTEX_POINT('',#725);
#725 = CARTESIAN_POINT('',(-24.5,-7.,0.));
#726 = CIRCLE('',#727,3.5);
#727 = AXIS2_PLACEMENT_3D('',#728,#729,#730);
#728 = CARTESIAN_POINT('',(-24.5,-10.5,0.));
#729 = DIRECTION('',(0.,0.,1.));
#730 = DIRECTION('',(1.,0.,0.));
#731 = ORIENTED_EDGE('',*,*,#732,.T.);
#732 = EDGE_CURVE('',#724,#733,#735,.T.);
#733 = VERTEX_POINT('',#734);
#734 = CARTESIAN_POINT('',(24.5,-7.,0.));
#735 = LINE('',#736,#737);
#736 = CARTESIAN_POINT('',(12.25,-7.,0.));
#737 = VECTOR('',#738,1.);
#738 = DIRECTION('',(1.,0.,0.));
#739 = ORIENTED_EDGE('',*,*,#740,.F.);
#740 = EDGE_CURVE('',#741,#733,#743,.T.);
#741 = VERTEX_POINT('',#742);
#742 = CARTESIAN_POINT('',(28.,-10.5,0.));
#743 = CIRCLE('',#744,3.5);
#744 = AXIS2_PLACEMENT_3D('',#745,#746,#747);
#745 = CARTESIAN_POINT('',(24.5,-10.5,0.));
#746 = DIRECTION('',(0.,0.,1.));
#747 = DIRECTION('',(1.,0.,0.));
#748 = ORIENTED_EDGE('',*,*,#749,.T.);
#749 = EDGE_CURVE('',#741,#750,#752,.T.);
#750 = VERTEX_POINT('',#751);
#751 = CARTESIAN_POINT('',(28.,-27.5,0.));
#752 = LINE('',#753,#754);
#753 = CARTESIAN_POINT('',(28.,-13.05383636322,0.));
#754 = VECTOR('',#755,1.);
#755 = DIRECTION('',(0.,-1.,0.));
#756 = ORIENTED_EDGE('',*,*,#757,.F.);
#757 = EDGE_CURVE('',#758,#750,#760,.T.);
#758 = VERTEX_POINT('',#759);
#759 = CARTESIAN_POINT('',(24.5,-31.,0.));
#760 = CIRCLE('',#761,3.5);
#761 = AXIS2_PLACEMENT_3D('',#762,#763,#764);
#762 = CARTESIAN_POINT('',(24.5,-27.5,0.));
#763 = DIRECTION('',(0.,0.,1.));
#764 = DIRECTION('',(1.,0.,0.));
#765 = ORIENTED_EDGE('',*,*,#766,.T.);
#766 = EDGE_CURVE('',#758,#707,#767,.T.);
#767 = LINE('',#768,#769);
#768 = CARTESIAN_POINT('',(-12.25,-31.,0.));
#769 = VECTOR('',#770,1.);
#770 = DIRECTION('',(-1.,0.,0.));
#771 = FACE_BOUND('',#772,.F.);
#772 = EDGE_LOOP('',(#773,#784,#792,#801,#809,#818,#826,#835));
#773 = ORIENTED_EDGE('',*,*,#774,.F.);
#774 = EDGE_CURVE('',#775,#777,#779,.T.);
#775 = VERTEX_POINT('',#776);
#776 = CARTESIAN_POINT('',(-69.99999999999,-26.,0.));
#777 = VERTEX_POINT('',#778);
#778 = CARTESIAN_POINT('',(-66.49999999999,-29.5,0.));
#779 = CIRCLE('',#780,3.5);
#780 = AXIS2_PLACEMENT_3D('',#781,#782,#783);
#781 = CARTESIAN_POINT('',(-66.49999999999,-26.,0.));
#782 = DIRECTION('',(0.,0.,1.));
#783 = DIRECTION('',(1.,0.,0.));
#784 = ORIENTED_EDGE('',*,*,#785,.T.);
#785 = EDGE_CURVE('',#775,#786,#788,.T.);
#786 = VERTEX_POINT('',#787);
#787 = CARTESIAN_POINT('',(-69.99999999999,26.,0.));
#788 = LINE('',#789,#790);
#789 = CARTESIAN_POINT('',(-69.99999999999,13.696163636775,0.));
#790 = VECTOR('',#791,1.);
#791 = DIRECTION('',(0.,1.,0.));
#792 = ORIENTED_EDGE('',*,*,#793,.F.);
#793 = EDGE_CURVE('',#794,#786,#796,.T.);
#794 = VERTEX_POINT('',#795);
#795 = CARTESIAN_POINT('',(-66.49999999999,29.5,0.));
#796 = CIRCLE('',#797,3.5);
#797 = AXIS2_PLACEMENT_3D('',#798,#799,#800);
#798 = CARTESIAN_POINT('',(-66.49999999999,26.,0.));
#799 = DIRECTION('',(0.,0.,1.));
#800 = DIRECTION('',(1.,0.,0.));
#801 = ORIENTED_EDGE('',*,*,#802,.T.);
#802 = EDGE_CURVE('',#794,#803,#805,.T.);
#803 = VERTEX_POINT('',#804);
#804 = CARTESIAN_POINT('',(-46.49999999999,29.5,0.));
#805 = LINE('',#806,#807);
#806 = CARTESIAN_POINT('',(-23.24999999999,29.5,0.));
#807 = VECTOR('',#808,1.);
#808 = DIRECTION('',(1.,0.,0.));
#809 = ORIENTED_EDGE('',*,*,#810,.F.);
#810 = EDGE_CURVE('',#811,#803,#813,.T.);
#811 = VERTEX_POINT('',#812);
#812 = CARTESIAN_POINT('',(-42.99999999999,26.,0.));
#813 = CIRCLE('',#814,3.5);
#814 = AXIS2_PLACEMENT_3D('',#815,#816,#817);
#815 = CARTESIAN_POINT('',(-46.49999999999,26.,0.));
#816 = DIRECTION('',(0.,0.,1.));
#817 = DIRECTION('',(1.,0.,0.));
#818 = ORIENTED_EDGE('',*,*,#819,.T.);
#819 = EDGE_CURVE('',#811,#820,#822,.T.);
#820 = VERTEX_POINT('',#821);
#821 = CARTESIAN_POINT('',(-42.99999999999,-26.,0.));
#822 = LINE('',#823,#824);
#823 = CARTESIAN_POINT('',(-42.99999999999,-12.30383636322,0.));
#824 = VECTOR('',#825,1.);
#825 = DIRECTION('',(0.,-1.,0.));
#826 = ORIENTED_EDGE('',*,*,#827,.F.);
#827 = EDGE_CURVE('',#828,#820,#830,.T.);
#828 = VERTEX_POINT('',#829);
#829 = CARTESIAN_POINT('',(-46.49999999999,-29.5,0.));
#830 = CIRCLE('',#831,3.5);
#831 = AXIS2_PLACEMENT_3D('',#832,#833,#834);
#832 = CARTESIAN_POINT('',(-46.49999999999,-26.,0.));
#833 = DIRECTION('',(0.,0.,1.));
#834 = DIRECTION('',(1.,0.,0.));
#835 = ORIENTED_EDGE('',*,*,#836,.T.);
#836 = EDGE_CURVE('',#828,#777,#837,.T.);
#837 = LINE('',#838,#839);
#838 = CARTESIAN_POINT('',(-33.24999999999,-29.5,0.));
#839 = VECTOR('',#840,1.);
#840 = DIRECTION('',(-1.,0.,0.));
#841 = FACE_BOUND('',#842,.F.);
#842 = EDGE_LOOP('',(#843,#853,#861,#869,#877,#885));
#843 = ORIENTED_EDGE('',*,*,#844,.T.);
#844 = EDGE_CURVE('',#845,#847,#849,.T.);
#845 = VERTEX_POINT('',#846);
#846 = CARTESIAN_POINT('',(-23.,2.598076211353,0.));
#847 = VERTEX_POINT('',#848);
#848 = CARTESIAN_POINT('',(-21.5,0.,0.));
#849 = LINE('',#850,#851);
#850 = CARTESIAN_POINT('',(-23.,2.598076211353,0.));
#851 = VECTOR('',#852,1.);
#852 = DIRECTION('',(0.5,-0.866025403784,0.));
#853 = ORIENTED_EDGE('',*,*,#854,.T.);
#854 = EDGE_CURVE('',#847,#855,#857,.T.);
#855 = VERTEX_POINT('',#856);
#856 = CARTESIAN_POINT('',(-23.,-2.598076211353,0.));
#857 = LINE('',#858,#859);
#858 = CARTESIAN_POINT('',(-21.5,0.,0.));
#859 = VECTOR('',#860,1.);
#860 = DIRECTION('',(-0.5,-0.866025403784,0.));
#861 = ORIENTED_EDGE('',*,*,#862,.T.);
#862 = EDGE_CURVE('',#855,#863,#865,.T.);
#863 = VERTEX_POINT('',#864);
#864 = CARTESIAN_POINT('',(-26.,-2.598076211353,0.));
#865 = LINE('',#866,#867);
#866 = CARTESIAN_POINT('',(-23.,-2.598076211353,0.));
#867 = VECTOR('',#868,1.);
#868 = DIRECTION('',(-1.,0.,0.));
#869 = ORIENTED_EDGE('',*,*,#870,.T.);
#870 = EDGE_CURVE('',#863,#871,#873,.T.);
#871 = VERTEX_POINT('',#872);
#872 = CARTESIAN_POINT('',(-27.5,0.,0.));
#873 = LINE('',#874,#875);
#874 = CARTESIAN_POINT('',(-26.,-2.598076211353,0.));
#875 = VECTOR('',#876,1.);
#876 = DIRECTION('',(-0.5,0.866025403784,-0.));
#877 = ORIENTED_EDGE('',*,*,#878,.T.);
#878 = EDGE_CURVE('',#871,#879,#881,.T.);
#879 = VERTEX_POINT('',#880);
#880 = CARTESIAN_POINT('',(-26.,2.598076211353,0.));
#881 = LINE('',#882,#883);
#882 = CARTESIAN_POINT('',(-27.5,0.,0.));
#883 = VECTOR('',#884,1.);
#884 = DIRECTION('',(0.5,0.866025403784,0.));
#885 = ORIENTED_EDGE('',*,*,#886,.T.);
#886 = EDGE_CURVE('',#879,#845,#887,.T.);
#887 = LINE('',#888,#889);
#888 = CARTESIAN_POINT('',(-26.,2.598076211353,0.));
#889 = VECTOR('',#890,1.);
#890 = DIRECTION('',(1.,0.,0.));
#891 = FACE_BOUND('',#892,.F.);
#892 = EDGE_LOOP('',(#893));
#893 = ORIENTED_EDGE('',*,*,#894,.T.);
#894 = EDGE_CURVE('',#895,#895,#897,.T.);
#895 = VERTEX_POINT('',#896);
#896 = CARTESIAN_POINT('',(-31.,80.,0.));
#897 = CIRCLE('',#898,4.);
#898 = AXIS2_PLACEMENT_3D('',#899,#900,#901);
#899 = CARTESIAN_POINT('',(-35.,80.,0.));
#900 = DIRECTION('',(0.,0.,-1.));
#901 = DIRECTION('',(1.,0.,0.));
#902 = FACE_BOUND('',#903,.F.);
#903 = EDGE_LOOP('',(#904,#914,#922,#930,#938,#946));
#904 = ORIENTED_EDGE('',*,*,#905,.T.);
#905 = EDGE_CURVE('',#906,#908,#910,.T.);
#906 = VERTEX_POINT('',#907);
#907 = CARTESIAN_POINT('',(-23.,60.598076211353,0.));
#908 = VERTEX_POINT('',#909);
#909 = CARTESIAN_POINT('',(-21.5,58.,0.));
#910 = LINE('',#911,#912);
#911 = CARTESIAN_POINT('',(-23.,60.598076211353,0.));
#912 = VECTOR('',#913,1.);
#913 = DIRECTION('',(0.5,-0.866025403784,0.));
#914 = ORIENTED_EDGE('',*,*,#915,.T.);
#915 = EDGE_CURVE('',#908,#916,#918,.T.);
#916 = VERTEX_POINT('',#917);
#917 = CARTESIAN_POINT('',(-23.,55.401923788647,0.));
#918 = LINE('',#919,#920);
#919 = CARTESIAN_POINT('',(-21.5,58.,0.));
#920 = VECTOR('',#921,1.);
#921 = DIRECTION('',(-0.5,-0.866025403784,0.));
#922 = ORIENTED_EDGE('',*,*,#923,.T.);
#923 = EDGE_CURVE('',#916,#924,#926,.T.);
#924 = VERTEX_POINT('',#925);
#925 = CARTESIAN_POINT('',(-26.,55.401923788647,0.));
#926 = LINE('',#927,#928);
#927 = CARTESIAN_POINT('',(-23.,55.401923788647,0.));
#928 = VECTOR('',#929,1.);
#929 = DIRECTION('',(-1.,0.,0.));
#930 = ORIENTED_EDGE('',*,*,#931,.T.);
#931 = EDGE_CURVE('',#924,#932,#934,.T.);
#932 = VERTEX_POINT('',#933);
#933 = CARTESIAN_POINT('',(-27.5,58.,0.));
#934 = LINE('',#935,#936);
#935 = CARTESIAN_POINT('',(-26.,55.401923788647,0.));
#936 = VECTOR('',#937,1.);
#937 = DIRECTION('',(-0.5,0.866025403784,-0.));
#938 = ORIENTED_EDGE('',*,*,#939,.T.);
#939 = EDGE_CURVE('',#932,#940,#942,.T.);
#940 = VERTEX_POINT('',#941);
#941 = CARTESIAN_POINT('',(-26.,60.598076211353,0.));
#942 = LINE('',#943,#944);
#943 = CARTESIAN_POINT('',(-27.5,58.,0.));
#944 = VECTOR('',#945,1.);
#945 = DIRECTION('',(0.5,0.866025403784,0.));
#946 = ORIENTED_EDGE('',*,*,#947,.T.);
#947 = EDGE_CURVE('',#940,#906,#948,.T.);
#948 = LINE('',#949,#950);
#949 = CARTESIAN_POINT('',(-26.,60.598076211353,0.));
#950 = VECTOR('',#951,1.);
#951 = DIRECTION('',(1.,0.,0.));
#952 = FACE_BOUND('',#953,.F.);
#953 = EDGE_LOOP('',(#954));
#954 = ORIENTED_EDGE('',*,*,#955,.F.);
#955 = EDGE_CURVE('',#956,#956,#958,.T.);
#956 = VERTEX_POINT('',#957);
#957 = CARTESIAN_POINT('',(-18.25,92.5,0.));
#958 = CIRCLE('',#959,2.75);
#959 = AXIS2_PLACEMENT_3D('',#960,#961,#962);
#960 = CARTESIAN_POINT('',(-21.,92.5,0.));
#961 = DIRECTION('',(0.,0.,1.));
#962 = DIRECTION('',(1.,0.,0.));
#963 = FACE_BOUND('',#964,.F.);
#964 = EDGE_LOOP('',(#965,#976,#984,#993,#1001,#1010,#1018,#1027));
#965 = ORIENTED_EDGE('',*,*,#966,.F.);
#966 = EDGE_CURVE('',#967,#969,#971,.T.);
#967 = VERTEX_POINT('',#968);
#968 = CARTESIAN_POINT('',(-14.8,75.4,0.));
#969 = VERTEX_POINT('',#970);
#970 = CARTESIAN_POINT('',(-14.4,75.,0.));
#971 = CIRCLE('',#972,0.4);
#972 = AXIS2_PLACEMENT_3D('',#973,#974,#975);
#973 = CARTESIAN_POINT('',(-14.4,75.4,0.));
#974 = DIRECTION('',(0.,0.,1.));
#975 = DIRECTION('',(1.,0.,0.));
#976 = ORIENTED_EDGE('',*,*,#977,.T.);
#977 = EDGE_CURVE('',#967,#978,#980,.T.);
#978 = VERTEX_POINT('',#979);
#979 = CARTESIAN_POINT('',(-14.8,83.4,0.));
#980 = LINE('',#981,#982);
#981 = CARTESIAN_POINT('',(-14.8,42.396163636776,0.));
#982 = VECTOR('',#983,1.);
#983 = DIRECTION('',(0.,1.,0.));
#984 = ORIENTED_EDGE('',*,*,#985,.F.);
#985 = EDGE_CURVE('',#986,#978,#988,.T.);
#986 = VERTEX_POINT('',#987);
#987 = CARTESIAN_POINT('',(-14.4,83.8,0.));
#988 = CIRCLE('',#989,0.4);
#989 = AXIS2_PLACEMENT_3D('',#990,#991,#992);
#990 = CARTESIAN_POINT('',(-14.4,83.4,0.));
#991 = DIRECTION('',(0.,0.,1.));
#992 = DIRECTION('',(1.,0.,0.));
#993 = ORIENTED_EDGE('',*,*,#994,.T.);
#994 = EDGE_CURVE('',#986,#995,#997,.T.);
#995 = VERTEX_POINT('',#996);
#996 = CARTESIAN_POINT('',(-6.4,83.8,0.));
#997 = LINE('',#998,#999);
#998 = CARTESIAN_POINT('',(-3.2,83.8,0.));
#999 = VECTOR('',#1000,1.);
#1000 = DIRECTION('',(1.,0.,0.));
#1001 = ORIENTED_EDGE('',*,*,#1002,.F.);
#1002 = EDGE_CURVE('',#1003,#995,#1005,.T.);
#1003 = VERTEX_POINT('',#1004);
#1004 = CARTESIAN_POINT('',(-6.,83.4,0.));
#1005 = CIRCLE('',#1006,0.4);
#1006 = AXIS2_PLACEMENT_3D('',#1007,#1008,#1009);
#1007 = CARTESIAN_POINT('',(-6.4,83.4,0.));
#1008 = DIRECTION('',(0.,0.,1.));
#1009 = DIRECTION('',(1.,0.,0.));
#1010 = ORIENTED_EDGE('',*,*,#1011,.T.);
#1011 = EDGE_CURVE('',#1003,#1012,#1014,.T.);
#1012 = VERTEX_POINT('',#1013);
#1013 = CARTESIAN_POINT('',(-6.,75.4,0.));
#1014 = LINE('',#1015,#1016);
#1015 = CARTESIAN_POINT('',(-6.,38.396163636776,0.));
#1016 = VECTOR('',#1017,1.);
#1017 = DIRECTION('',(0.,-1.,0.));
#1018 = ORIENTED_EDGE('',*,*,#1019,.F.);
#1019 = EDGE_CURVE('',#1020,#1012,#1022,.T.);
#1020 = VERTEX_POINT('',#1021);
#1021 = CARTESIAN_POINT('',(-6.399999999999,75.,0.));
#1022 = CIRCLE('',#1023,0.4);
#1023 = AXIS2_PLACEMENT_3D('',#1024,#1025,#1026);
#1024 = CARTESIAN_POINT('',(-6.4,75.4,0.));
#1025 = DIRECTION('',(0.,0.,1.));
#1026 = DIRECTION('',(1.,0.,0.));
#1027 = ORIENTED_EDGE('',*,*,#1028,.T.);
#1028 = EDGE_CURVE('',#1020,#969,#1029,.T.);
#1029 = LINE('',#1030,#1031);
#1030 = CARTESIAN_POINT('',(-7.200000000001,75.,0.));
#1031 = VECTOR('',#1032,1.);
#1032 = DIRECTION('',(-1.,0.,0.));
#1033 = FACE_BOUND('',#1034,.F.);
#1034 = EDGE_LOOP('',(#1035,#1045,#1053,#1061,#1069,#1077));
#1035 = ORIENTED_EDGE('',*,*,#1036,.T.);
#1036 = EDGE_CURVE('',#1037,#1039,#1041,.T.);
#1037 = VERTEX_POINT('',#1038);
#1038 = CARTESIAN_POINT('',(26.,2.598076211353,0.));
#1039 = VERTEX_POINT('',#1040);
#1040 = CARTESIAN_POINT('',(27.5,0.,0.));
#1041 = LINE('',#1042,#1043);
#1042 = CARTESIAN_POINT('',(26.,2.598076211353,0.));
#1043 = VECTOR('',#1044,1.);
#1044 = DIRECTION('',(0.5,-0.866025403784,0.));
#1045 = ORIENTED_EDGE('',*,*,#1046,.T.);
#1046 = EDGE_CURVE('',#1039,#1047,#1049,.T.);
#1047 = VERTEX_POINT('',#1048);
#1048 = CARTESIAN_POINT('',(26.,-2.598076211353,0.));
#1049 = LINE('',#1050,#1051);
#1050 = CARTESIAN_POINT('',(27.5,0.,0.));
#1051 = VECTOR('',#1052,1.);
#1052 = DIRECTION('',(-0.5,-0.866025403784,0.));
#1053 = ORIENTED_EDGE('',*,*,#1054,.T.);
#1054 = EDGE_CURVE('',#1047,#1055,#1057,.T.);
#1055 = VERTEX_POINT('',#1056);
#1056 = CARTESIAN_POINT('',(23.,-2.598076211353,0.));
#1057 = LINE('',#1058,#1059);
#1058 = CARTESIAN_POINT('',(26.,-2.598076211353,0.));
#1059 = VECTOR('',#1060,1.);
#1060 = DIRECTION('',(-1.,0.,0.));
#1061 = ORIENTED_EDGE('',*,*,#1062,.T.);
#1062 = EDGE_CURVE('',#1055,#1063,#1065,.T.);
#1063 = VERTEX_POINT('',#1064);
#1064 = CARTESIAN_POINT('',(21.5,0.,0.));
#1065 = LINE('',#1066,#1067);
#1066 = CARTESIAN_POINT('',(23.,-2.598076211353,0.));
#1067 = VECTOR('',#1068,1.);
#1068 = DIRECTION('',(-0.5,0.866025403784,-0.));
#1069 = ORIENTED_EDGE('',*,*,#1070,.T.);
#1070 = EDGE_CURVE('',#1063,#1071,#1073,.T.);
#1071 = VERTEX_POINT('',#1072);
#1072 = CARTESIAN_POINT('',(23.,2.598076211353,0.));
#1073 = LINE('',#1074,#1075);
#1074 = CARTESIAN_POINT('',(21.5,0.,0.));
#1075 = VECTOR('',#1076,1.);
#1076 = DIRECTION('',(0.5,0.866025403784,0.));
#1077 = ORIENTED_EDGE('',*,*,#1078,.T.);
#1078 = EDGE_CURVE('',#1071,#1037,#1079,.T.);
#1079 = LINE('',#1080,#1081);
#1080 = CARTESIAN_POINT('',(23.,2.598076211353,0.));
#1081 = VECTOR('',#1082,1.);
#1082 = DIRECTION('',(1.,0.,0.));
#1083 = FACE_BOUND('',#1084,.F.);
#1084 = EDGE_LOOP('',(#1085,#1096,#1104,#1113,#1121,#1130,#1138,#1147));
#1085 = ORIENTED_EDGE('',*,*,#1086,.F.);
#1086 = EDGE_CURVE('',#1087,#1089,#1091,.T.);
#1087 = VERTEX_POINT('',#1088);
#1088 = CARTESIAN_POINT('',(-35.,7.5,0.));
#1089 = VERTEX_POINT('',#1090);
#1090 = CARTESIAN_POINT('',(-31.5,4.,0.));
#1091 = CIRCLE('',#1092,3.5);
#1092 = AXIS2_PLACEMENT_3D('',#1093,#1094,#1095);
#1093 = CARTESIAN_POINT('',(-31.5,7.5,0.));
#1094 = DIRECTION('',(0.,0.,1.));
#1095 = DIRECTION('',(1.,0.,0.));
#1096 = ORIENTED_EDGE('',*,*,#1097,.T.);
#1097 = EDGE_CURVE('',#1087,#1098,#1100,.T.);
#1098 = VERTEX_POINT('',#1099);
#1099 = CARTESIAN_POINT('',(-35.,50.5,0.));
#1100 = LINE('',#1101,#1102);
#1101 = CARTESIAN_POINT('',(-35.,25.946163636775,0.));
#1102 = VECTOR('',#1103,1.);
#1103 = DIRECTION('',(0.,1.,0.));
#1104 = ORIENTED_EDGE('',*,*,#1105,.F.);
#1105 = EDGE_CURVE('',#1106,#1098,#1108,.T.);
#1106 = VERTEX_POINT('',#1107);
#1107 = CARTESIAN_POINT('',(-31.5,54.,0.));
#1108 = CIRCLE('',#1109,3.5);
#1109 = AXIS2_PLACEMENT_3D('',#1110,#1111,#1112);
#1110 = CARTESIAN_POINT('',(-31.5,50.5,0.));
#1111 = DIRECTION('',(0.,0.,1.));
#1112 = DIRECTION('',(1.,0.,0.));
#1113 = ORIENTED_EDGE('',*,*,#1114,.T.);
#1114 = EDGE_CURVE('',#1106,#1115,#1117,.T.);
#1115 = VERTEX_POINT('',#1116);
#1116 = CARTESIAN_POINT('',(31.5,54.,0.));
#1117 = LINE('',#1118,#1119);
#1118 = CARTESIAN_POINT('',(15.75,54.,0.));
#1119 = VECTOR('',#1120,1.);
#1120 = DIRECTION('',(1.,0.,0.));
#1121 = ORIENTED_EDGE('',*,*,#1122,.F.);
#1122 = EDGE_CURVE('',#1123,#1115,#1125,.T.);
#1123 = VERTEX_POINT('',#1124);
#1124 = CARTESIAN_POINT('',(35.,50.5,0.));
#1125 = CIRCLE('',#1126,3.5);
#1126 = AXIS2_PLACEMENT_3D('',#1127,#1128,#1129);
#1127 = CARTESIAN_POINT('',(31.5,50.5,0.));
#1128 = DIRECTION('',(0.,0.,1.));
#1129 = DIRECTION('',(1.,0.,0.));
#1130 = ORIENTED_EDGE('',*,*,#1131,.T.);
#1131 = EDGE_CURVE('',#1123,#1132,#1134,.T.);
#1132 = VERTEX_POINT('',#1133);
#1133 = CARTESIAN_POINT('',(35.,7.5,0.));
#1134 = LINE('',#1135,#1136);
#1135 = CARTESIAN_POINT('',(35.,4.446163636775,0.));
#1136 = VECTOR('',#1137,1.);
#1137 = DIRECTION('',(0.,-1.,0.));
#1138 = ORIENTED_EDGE('',*,*,#1139,.F.);
#1139 = EDGE_CURVE('',#1140,#1132,#1142,.T.);
#1140 = VERTEX_POINT('',#1141);
#1141 = CARTESIAN_POINT('',(31.5,4.,0.));
#1142 = CIRCLE('',#1143,3.5);
#1143 = AXIS2_PLACEMENT_3D('',#1144,#1145,#1146);
#1144 = CARTESIAN_POINT('',(31.5,7.5,0.));
#1145 = DIRECTION('',(0.,0.,1.));
#1146 = DIRECTION('',(1.,0.,0.));
#1147 = ORIENTED_EDGE('',*,*,#1148,.T.);
#1148 = EDGE_CURVE('',#1140,#1089,#1149,.T.);
#1149 = LINE('',#1150,#1151);
#1150 = CARTESIAN_POINT('',(-15.75,4.,0.));
#1151 = VECTOR('',#1152,1.);
#1152 = DIRECTION('',(-1.,0.,0.));
#1153 = FACE_BOUND('',#1154,.F.);
#1154 = EDGE_LOOP('',(#1155,#1166,#1174,#1183,#1191,#1200,#1208,#1217));
#1155 = ORIENTED_EDGE('',*,*,#1156,.F.);
#1156 = EDGE_CURVE('',#1157,#1159,#1161,.T.);
#1157 = VERTEX_POINT('',#1158);
#1158 = CARTESIAN_POINT('',(46.499999999998,29.5,0.));
#1159 = VERTEX_POINT('',#1160);
#1160 = CARTESIAN_POINT('',(42.999999999998,26.,0.));
#1161 = CIRCLE('',#1162,3.5);
#1162 = AXIS2_PLACEMENT_3D('',#1163,#1164,#1165);
#1163 = CARTESIAN_POINT('',(46.499999999998,26.,0.));
#1164 = DIRECTION('',(0.,0.,1.));
#1165 = DIRECTION('',(1.,0.,0.));
#1166 = ORIENTED_EDGE('',*,*,#1167,.T.);
#1167 = EDGE_CURVE('',#1157,#1168,#1170,.T.);
#1168 = VERTEX_POINT('',#1169);
#1169 = CARTESIAN_POINT('',(66.499999999998,29.5,0.));
#1170 = LINE('',#1171,#1172);
#1171 = CARTESIAN_POINT('',(33.249999999999,29.5,0.));
#1172 = VECTOR('',#1173,1.);
#1173 = DIRECTION('',(1.,0.,0.));
#1174 = ORIENTED_EDGE('',*,*,#1175,.F.);
#1175 = EDGE_CURVE('',#1176,#1168,#1178,.T.);
#1176 = VERTEX_POINT('',#1177);
#1177 = CARTESIAN_POINT('',(69.999999999999,25.999999999999,0.));
#1178 = CIRCLE('',#1179,3.5);
#1179 = AXIS2_PLACEMENT_3D('',#1180,#1181,#1182);
#1180 = CARTESIAN_POINT('',(66.499999999999,26.,0.));
#1181 = DIRECTION('',(0.,0.,1.));
#1182 = DIRECTION('',(1.,0.,0.));
#1183 = ORIENTED_EDGE('',*,*,#1184,.T.);
#1184 = EDGE_CURVE('',#1176,#1185,#1187,.T.);
#1185 = VERTEX_POINT('',#1186);
#1186 = CARTESIAN_POINT('',(69.999999999999,-25.99999999999,0.));
#1187 = LINE('',#1188,#1189);
#1188 = CARTESIAN_POINT('',(69.999999999999,-12.30383636322,0.));
#1189 = VECTOR('',#1190,1.);
#1190 = DIRECTION('',(0.,-1.,0.));
#1191 = ORIENTED_EDGE('',*,*,#1192,.F.);
#1192 = EDGE_CURVE('',#1193,#1185,#1195,.T.);
#1193 = VERTEX_POINT('',#1194);
#1194 = CARTESIAN_POINT('',(66.499999999998,-29.5,0.));
#1195 = CIRCLE('',#1196,3.5);
#1196 = AXIS2_PLACEMENT_3D('',#1197,#1198,#1199);
#1197 = CARTESIAN_POINT('',(66.499999999999,-26.,0.));
#1198 = DIRECTION('',(0.,0.,1.));
#1199 = DIRECTION('',(1.,0.,0.));
#1200 = ORIENTED_EDGE('',*,*,#1201,.T.);
#1201 = EDGE_CURVE('',#1193,#1202,#1204,.T.);
#1202 = VERTEX_POINT('',#1203);
#1203 = CARTESIAN_POINT('',(46.499999999998,-29.5,0.));
#1204 = LINE('',#1205,#1206);
#1205 = CARTESIAN_POINT('',(23.249999999999,-29.5,0.));
#1206 = VECTOR('',#1207,1.);
#1207 = DIRECTION('',(-1.,0.,0.));
#1208 = ORIENTED_EDGE('',*,*,#1209,.F.);
#1209 = EDGE_CURVE('',#1210,#1202,#1212,.T.);
#1210 = VERTEX_POINT('',#1211);
#1211 = CARTESIAN_POINT('',(42.999999999998,-26.,0.));
#1212 = CIRCLE('',#1213,3.5);
#1213 = AXIS2_PLACEMENT_3D('',#1214,#1215,#1216);
#1214 = CARTESIAN_POINT('',(46.499999999998,-26.,0.));
#1215 = DIRECTION('',(0.,0.,1.));
#1216 = DIRECTION('',(1.,0.,0.));
#1217 = ORIENTED_EDGE('',*,*,#1218,.T.);
#1218 = EDGE_CURVE('',#1210,#1159,#1219,.T.);
#1219 = LINE('',#1220,#1221);
#1220 = CARTESIAN_POINT('',(42.999999999998,13.696163636775,0.));
#1221 = VECTOR('',#1222,1.);
#1222 = DIRECTION('',(2.732856676E-16,1.,0.));
#1223 = FACE_BOUND('',#1224,.F.);
#1224 = EDGE_LOOP('',(#1225,#1235,#1243,#1251,#1259,#1267));
#1225 = ORIENTED_EDGE('',*,*,#1226,.T.);
#1226 = EDGE_CURVE('',#1227,#1229,#1231,.T.);
#1227 = VERTEX_POINT('',#1228);
#1228 = CARTESIAN_POINT('',(26.,60.598076211353,0.));
#1229 = VERTEX_POINT('',#1230);
#1230 = CARTESIAN_POINT('',(27.5,58.,0.));
#1231 = LINE('',#1232,#1233);
#1232 = CARTESIAN_POINT('',(26.,60.598076211353,0.));
#1233 = VECTOR('',#1234,1.);
#1234 = DIRECTION('',(0.5,-0.866025403784,0.));
#1235 = ORIENTED_EDGE('',*,*,#1236,.T.);
#1236 = EDGE_CURVE('',#1229,#1237,#1239,.T.);
#1237 = VERTEX_POINT('',#1238);
#1238 = CARTESIAN_POINT('',(26.,55.401923788647,0.));
#1239 = LINE('',#1240,#1241);
#1240 = CARTESIAN_POINT('',(27.5,58.,0.));
#1241 = VECTOR('',#1242,1.);
#1242 = DIRECTION('',(-0.5,-0.866025403784,0.));
#1243 = ORIENTED_EDGE('',*,*,#1244,.T.);
#1244 = EDGE_CURVE('',#1237,#1245,#1247,.T.);
#1245 = VERTEX_POINT('',#1246);
#1246 = CARTESIAN_POINT('',(23.,55.401923788647,0.));
#1247 = LINE('',#1248,#1249);
#1248 = CARTESIAN_POINT('',(26.,55.401923788647,0.));
#1249 = VECTOR('',#1250,1.);
#1250 = DIRECTION('',(-1.,0.,0.));
#1251 = ORIENTED_EDGE('',*,*,#1252,.T.);
#1252 = EDGE_CURVE('',#1245,#1253,#1255,.T.);
#1253 = VERTEX_POINT('',#1254);
#1254 = CARTESIAN_POINT('',(21.5,58.,0.));
#1255 = LINE('',#1256,#1257);
#1256 = CARTESIAN_POINT('',(23.,55.401923788647,0.));
#1257 = VECTOR('',#1258,1.);
#1258 = DIRECTION('',(-0.5,0.866025403784,-0.));
#1259 = ORIENTED_EDGE('',*,*,#1260,.T.);
#1260 = EDGE_CURVE('',#1253,#1261,#1263,.T.);
#1261 = VERTEX_POINT('',#1262);
#1262 = CARTESIAN_POINT('',(23.,60.598076211353,0.));
#1263 = LINE('',#1264,#1265);
#1264 = CARTESIAN_POINT('',(21.5,58.,0.));
#1265 = VECTOR('',#1266,1.);
#1266 = DIRECTION('',(0.5,0.866025403784,0.));
#1267 = ORIENTED_EDGE('',*,*,#1268,.T.);
#1268 = EDGE_CURVE('',#1261,#1227,#1269,.T.);
#1269 = LINE('',#1270,#1271);
#1270 = CARTESIAN_POINT('',(23.,60.598076211353,0.));
#1271 = VECTOR('',#1272,1.);
#1272 = DIRECTION('',(1.,0.,0.));
#1273 = FACE_BOUND('',#1274,.F.);
#1274 = EDGE_LOOP('',(#1275,#1286,#1294,#1303,#1311,#1320,#1328,#1337));
#1275 = ORIENTED_EDGE('',*,*,#1276,.F.);
#1276 = EDGE_CURVE('',#1277,#1279,#1281,.T.);
#1277 = VERTEX_POINT('',#1278);
#1278 = CARTESIAN_POINT('',(6.,75.4,0.));
#1279 = VERTEX_POINT('',#1280);
#1280 = CARTESIAN_POINT('',(6.4,75.,0.));
#1281 = CIRCLE('',#1282,0.4);
#1282 = AXIS2_PLACEMENT_3D('',#1283,#1284,#1285);
#1283 = CARTESIAN_POINT('',(6.4,75.4,0.));
#1284 = DIRECTION('',(0.,0.,1.));
#1285 = DIRECTION('',(1.,0.,0.));
#1286 = ORIENTED_EDGE('',*,*,#1287,.T.);
#1287 = EDGE_CURVE('',#1277,#1288,#1290,.T.);
#1288 = VERTEX_POINT('',#1289);
#1289 = CARTESIAN_POINT('',(6.,83.4,0.));
#1290 = LINE('',#1291,#1292);
#1291 = CARTESIAN_POINT('',(6.,42.396163636776,0.));
#1292 = VECTOR('',#1293,1.);
#1293 = DIRECTION('',(0.,1.,0.));
#1294 = ORIENTED_EDGE('',*,*,#1295,.F.);
#1295 = EDGE_CURVE('',#1296,#1288,#1298,.T.);
#1296 = VERTEX_POINT('',#1297);
#1297 = CARTESIAN_POINT('',(6.4,83.8,0.));
#1298 = CIRCLE('',#1299,0.4);
#1299 = AXIS2_PLACEMENT_3D('',#1300,#1301,#1302);
#1300 = CARTESIAN_POINT('',(6.4,83.4,0.));
#1301 = DIRECTION('',(0.,0.,1.));
#1302 = DIRECTION('',(1.,0.,0.));
#1303 = ORIENTED_EDGE('',*,*,#1304,.T.);
#1304 = EDGE_CURVE('',#1296,#1305,#1307,.T.);
#1305 = VERTEX_POINT('',#1306);
#1306 = CARTESIAN_POINT('',(14.4,83.8,0.));
#1307 = LINE('',#1308,#1309);
#1308 = CARTESIAN_POINT('',(7.2,83.8,0.));
#1309 = VECTOR('',#1310,1.);
#1310 = DIRECTION('',(1.,0.,0.));
#1311 = ORIENTED_EDGE('',*,*,#1312,.F.);
#1312 = EDGE_CURVE('',#1313,#1305,#1315,.T.);
#1313 = VERTEX_POINT('',#1314);
#1314 = CARTESIAN_POINT('',(14.8,83.4,0.));
#1315 = CIRCLE('',#1316,0.4);
#1316 = AXIS2_PLACEMENT_3D('',#1317,#1318,#1319);
#1317 = CARTESIAN_POINT('',(14.4,83.4,0.));
#1318 = DIRECTION('',(0.,0.,1.));
#1319 = DIRECTION('',(1.,0.,0.));
#1320 = ORIENTED_EDGE('',*,*,#1321,.T.);
#1321 = EDGE_CURVE('',#1313,#1322,#1324,.T.);
#1322 = VERTEX_POINT('',#1323);
#1323 = CARTESIAN_POINT('',(14.8,75.4,0.));
#1324 = LINE('',#1325,#1326);
#1325 = CARTESIAN_POINT('',(14.8,38.396163636776,0.));
#1326 = VECTOR('',#1327,1.);
#1327 = DIRECTION('',(0.,-1.,0.));
#1328 = ORIENTED_EDGE('',*,*,#1329,.F.);
#1329 = EDGE_CURVE('',#1330,#1322,#1332,.T.);
#1330 = VERTEX_POINT('',#1331);
#1331 = CARTESIAN_POINT('',(14.4,75.,0.));
#1332 = CIRCLE('',#1333,0.4);
#1333 = AXIS2_PLACEMENT_3D('',#1334,#1335,#1336);
#1334 = CARTESIAN_POINT('',(14.4,75.4,0.));
#1335 = DIRECTION('',(0.,0.,1.));
#1336 = DIRECTION('',(1.,0.,0.));
#1337 = ORIENTED_EDGE('',*,*,#1338,.T.);
#1338 = EDGE_CURVE('',#1330,#1279,#1339,.T.);
#1339 = LINE('',#1340,#1341);
#1340 = CARTESIAN_POINT('',(3.2,75.,0.));
#1341 = VECTOR('',#1342,1.);
#1342 = DIRECTION('',(-1.,0.,0.));
#1343 = FACE_BOUND('',#1344,.F.);
#1344 = EDGE_LOOP('',(#1345));
#1345 = ORIENTED_EDGE('',*,*,#1346,.F.);
#1346 = EDGE_CURVE('',#1347,#1347,#1349,.T.);
#1347 = VERTEX_POINT('',#1348);
#1348 = CARTESIAN_POINT('',(23.75,92.5,0.));
#1349 = CIRCLE('',#1350,2.75);
#1350 = AXIS2_PLACEMENT_3D('',#1351,#1352,#1353);
#1351 = CARTESIAN_POINT('',(21.,92.5,0.));
#1352 = DIRECTION('',(0.,0.,1.));
#1353 = DIRECTION('',(1.,0.,0.));
#1354 = FACE_BOUND('',#1355,.F.);
#1355 = EDGE_LOOP('',(#1356));
#1356 = ORIENTED_EDGE('',*,*,#1357,.T.);
#1357 = EDGE_CURVE('',#1358,#1358,#1360,.T.);
#1358 = VERTEX_POINT('',#1359);
#1359 = CARTESIAN_POINT('',(39.,80.,0.));
#1360 = CIRCLE('',#1361,4.);
#1361 = AXIS2_PLACEMENT_3D('',#1362,#1363,#1364);
#1362 = CARTESIAN_POINT('',(35.,80.,0.));
#1363 = DIRECTION('',(0.,0.,-1.));
#1364 = DIRECTION('',(1.,0.,0.));
#1365 = PLANE('',#1366);
#1366 = AXIS2_PLACEMENT_3D('',#1367,#1368,#1369);
#1367 = CARTESIAN_POINT('',(1.107737711408E-15,1.392327273551,0.));
#1368 = DIRECTION('',(0.,0.,1.));
#1369 = DIRECTION('',(1.,0.,0.));
#1370 = ADVANCED_FACE('',(#1371,#1713,#1783,#1794,#1805,#1875,#1886,
    #1956,#2026,#2037,#2048,#2059,#2070,#2081,#2151,#2162,#2232,#2302,
    #2313,#2383),#2394,.T.);
#1371 = FACE_BOUND('',#1372,.T.);
#1372 = EDGE_LOOP('',(#1373,#1374,#1375,#1383,#1392,#1400,#1408,#1417,
    #1425,#1433,#1442,#1450,#1458,#1466,#1475,#1483,#1491,#1500,#1508,
    #1516,#1525,#1533,#1542,#1550,#1558,#1567,#1575,#1583,#1592,#1600,
    #1608,#1616,#1625,#1633,#1641,#1650,#1658,#1666,#1674,#1682,#1690,
    #1698,#1706,#1712));
#1373 = ORIENTED_EDGE('',*,*,#31,.F.);
#1374 = ORIENTED_EDGE('',*,*,#62,.T.);
#1375 = ORIENTED_EDGE('',*,*,#1376,.F.);
#1376 = EDGE_CURVE('',#1377,#63,#1379,.T.);
#1377 = VERTEX_POINT('',#1378);
#1378 = CARTESIAN_POINT('',(-80.,-30.,4.));
#1379 = LINE('',#1380,#1381);
#1380 = CARTESIAN_POINT('',(-80.,-30.,4.));
#1381 = VECTOR('',#1382,1.);
#1382 = DIRECTION('',(0.,1.,0.));
#1383 = ORIENTED_EDGE('',*,*,#1384,.T.);
#1384 = EDGE_CURVE('',#1377,#1385,#1387,.T.);
#1385 = VERTEX_POINT('',#1386);
#1386 = CARTESIAN_POINT('',(-78.,-33.46410161513,4.));
#1387 = CIRCLE('',#1388,4.);
#1388 = AXIS2_PLACEMENT_3D('',#1389,#1390,#1391);
#1389 = CARTESIAN_POINT('',(-76.,-30.,4.));
#1390 = DIRECTION('',(0.,0.,1.));
#1391 = DIRECTION('',(1.,0.,0.));
#1392 = ORIENTED_EDGE('',*,*,#1393,.F.);
#1393 = EDGE_CURVE('',#1394,#1385,#1396,.T.);
#1394 = VERTEX_POINT('',#1395);
#1395 = CARTESIAN_POINT('',(-67.08587988004,-39.76537180436,4.));
#1396 = LINE('',#1397,#1398);
#1397 = CARTESIAN_POINT('',(-67.08587988004,-39.76537180436,4.));
#1398 = VECTOR('',#1399,1.);
#1399 = DIRECTION('',(-0.866025403784,0.5,0.));
#1400 = ORIENTED_EDGE('',*,*,#1401,.F.);
#1401 = EDGE_CURVE('',#1402,#1394,#1404,.T.);
#1402 = VERTEX_POINT('',#1403);
#1403 = CARTESIAN_POINT('',(-33.46410161513,-98.,4.));
#1404 = LINE('',#1405,#1406);
#1405 = CARTESIAN_POINT('',(-33.46410161513,-98.,4.));
#1406 = VECTOR('',#1407,1.);
#1407 = DIRECTION('',(-0.5,0.866025403784,0.));
#1408 = ORIENTED_EDGE('',*,*,#1409,.T.);
#1409 = EDGE_CURVE('',#1402,#1410,#1412,.T.);
#1410 = VERTEX_POINT('',#1411);
#1411 = CARTESIAN_POINT('',(-30.,-100.,4.));
#1412 = CIRCLE('',#1413,4.);
#1413 = AXIS2_PLACEMENT_3D('',#1414,#1415,#1416);
#1414 = CARTESIAN_POINT('',(-30.,-96.,4.));
#1415 = DIRECTION('',(0.,0.,1.));
#1416 = DIRECTION('',(1.,0.,0.));
#1417 = ORIENTED_EDGE('',*,*,#1418,.F.);
#1418 = EDGE_CURVE('',#1419,#1410,#1421,.T.);
#1419 = VERTEX_POINT('',#1420);
#1420 = CARTESIAN_POINT('',(-28.5,-100.,4.));
#1421 = LINE('',#1422,#1423);
#1422 = CARTESIAN_POINT('',(30.,-100.,4.));
#1423 = VECTOR('',#1424,1.);
#1424 = DIRECTION('',(-1.,0.,0.));
#1425 = ORIENTED_EDGE('',*,*,#1426,.F.);
#1426 = EDGE_CURVE('',#1427,#1419,#1429,.T.);
#1427 = VERTEX_POINT('',#1428);
#1428 = CARTESIAN_POINT('',(-28.5,-84.5,4.));
#1429 = LINE('',#1430,#1431);
#1430 = CARTESIAN_POINT('',(-28.5,-84.5,4.));
#1431 = VECTOR('',#1432,1.);
#1432 = DIRECTION('',(0.,-1.,0.));
#1433 = ORIENTED_EDGE('',*,*,#1434,.F.);
#1434 = EDGE_CURVE('',#1435,#1427,#1437,.T.);
#1435 = VERTEX_POINT('',#1436);
#1436 = CARTESIAN_POINT('',(-19.5,-84.5,4.));
#1437 = CIRCLE('',#1438,4.5);
#1438 = AXIS2_PLACEMENT_3D('',#1439,#1440,#1441);
#1439 = CARTESIAN_POINT('',(-24.,-84.5,4.));
#1440 = DIRECTION('',(0.,0.,1.));
#1441 = DIRECTION('',(1.,0.,0.));
#1442 = ORIENTED_EDGE('',*,*,#1443,.T.);
#1443 = EDGE_CURVE('',#1435,#1444,#1446,.T.);
#1444 = VERTEX_POINT('',#1445);
#1445 = CARTESIAN_POINT('',(-19.5,-100.,4.));
#1446 = LINE('',#1447,#1448);
#1447 = CARTESIAN_POINT('',(-19.5,-84.5,4.));
#1448 = VECTOR('',#1449,1.);
#1449 = DIRECTION('',(0.,-1.,0.));
#1450 = ORIENTED_EDGE('',*,*,#1451,.F.);
#1451 = EDGE_CURVE('',#1452,#1444,#1454,.T.);
#1452 = VERTEX_POINT('',#1453);
#1453 = CARTESIAN_POINT('',(19.5,-100.,4.));
#1454 = LINE('',#1455,#1456);
#1455 = CARTESIAN_POINT('',(30.,-100.,4.));
#1456 = VECTOR('',#1457,1.);
#1457 = DIRECTION('',(-1.,0.,0.));
#1458 = ORIENTED_EDGE('',*,*,#1459,.F.);
#1459 = EDGE_CURVE('',#1460,#1452,#1462,.T.);
#1460 = VERTEX_POINT('',#1461);
#1461 = CARTESIAN_POINT('',(19.5,-84.5,4.));
#1462 = LINE('',#1463,#1464);
#1463 = CARTESIAN_POINT('',(19.5,-84.5,4.));
#1464 = VECTOR('',#1465,1.);
#1465 = DIRECTION('',(0.,-1.,0.));
#1466 = ORIENTED_EDGE('',*,*,#1467,.F.);
#1467 = EDGE_CURVE('',#1468,#1460,#1470,.T.);
#1468 = VERTEX_POINT('',#1469);
#1469 = CARTESIAN_POINT('',(28.5,-84.5,4.));
#1470 = CIRCLE('',#1471,4.5);
#1471 = AXIS2_PLACEMENT_3D('',#1472,#1473,#1474);
#1472 = CARTESIAN_POINT('',(24.,-84.5,4.));
#1473 = DIRECTION('',(0.,0.,1.));
#1474 = DIRECTION('',(1.,0.,0.));
#1475 = ORIENTED_EDGE('',*,*,#1476,.T.);
#1476 = EDGE_CURVE('',#1468,#1477,#1479,.T.);
#1477 = VERTEX_POINT('',#1478);
#1478 = CARTESIAN_POINT('',(28.5,-100.,4.));
#1479 = LINE('',#1480,#1481);
#1480 = CARTESIAN_POINT('',(28.5,-84.5,4.));
#1481 = VECTOR('',#1482,1.);
#1482 = DIRECTION('',(0.,-1.,0.));
#1483 = ORIENTED_EDGE('',*,*,#1484,.F.);
#1484 = EDGE_CURVE('',#1485,#1477,#1487,.T.);
#1485 = VERTEX_POINT('',#1486);
#1486 = CARTESIAN_POINT('',(30.,-100.,4.));
#1487 = LINE('',#1488,#1489);
#1488 = CARTESIAN_POINT('',(30.,-100.,4.));
#1489 = VECTOR('',#1490,1.);
#1490 = DIRECTION('',(-1.,0.,0.));
#1491 = ORIENTED_EDGE('',*,*,#1492,.T.);
#1492 = EDGE_CURVE('',#1485,#1493,#1495,.T.);
#1493 = VERTEX_POINT('',#1494);
#1494 = CARTESIAN_POINT('',(33.464101615138,-98.,4.));
#1495 = CIRCLE('',#1496,4.);
#1496 = AXIS2_PLACEMENT_3D('',#1497,#1498,#1499);
#1497 = CARTESIAN_POINT('',(30.,-96.,4.));
#1498 = DIRECTION('',(0.,0.,1.));
#1499 = DIRECTION('',(1.,0.,0.));
#1500 = ORIENTED_EDGE('',*,*,#1501,.F.);
#1501 = EDGE_CURVE('',#1502,#1493,#1504,.T.);
#1502 = VERTEX_POINT('',#1503);
#1503 = CARTESIAN_POINT('',(67.085879880048,-39.76537180436,4.));
#1504 = LINE('',#1505,#1506);
#1505 = CARTESIAN_POINT('',(67.085879880048,-39.76537180436,4.));
#1506 = VECTOR('',#1507,1.);
#1507 = DIRECTION('',(-0.5,-0.866025403784,0.));
#1508 = ORIENTED_EDGE('',*,*,#1509,.F.);
#1509 = EDGE_CURVE('',#1510,#1502,#1512,.T.);
#1510 = VERTEX_POINT('',#1511);
#1511 = CARTESIAN_POINT('',(78.,-33.46410161513,4.));
#1512 = LINE('',#1513,#1514);
#1513 = CARTESIAN_POINT('',(78.,-33.46410161513,4.));
#1514 = VECTOR('',#1515,1.);
#1515 = DIRECTION('',(-0.866025403784,-0.5,0.));
#1516 = ORIENTED_EDGE('',*,*,#1517,.T.);
#1517 = EDGE_CURVE('',#1510,#1518,#1520,.T.);
#1518 = VERTEX_POINT('',#1519);
#1519 = CARTESIAN_POINT('',(80.,-30.,4.));
#1520 = CIRCLE('',#1521,4.);
#1521 = AXIS2_PLACEMENT_3D('',#1522,#1523,#1524);
#1522 = CARTESIAN_POINT('',(76.,-30.,4.));
#1523 = DIRECTION('',(0.,0.,1.));
#1524 = DIRECTION('',(1.,0.,0.));
#1525 = ORIENTED_EDGE('',*,*,#1526,.F.);
#1526 = EDGE_CURVE('',#1527,#1518,#1529,.T.);
#1527 = VERTEX_POINT('',#1528);
#1528 = CARTESIAN_POINT('',(80.,30.,4.));
#1529 = LINE('',#1530,#1531);
#1530 = CARTESIAN_POINT('',(80.,30.,4.));
#1531 = VECTOR('',#1532,1.);
#1532 = DIRECTION('',(0.,-1.,0.));
#1533 = ORIENTED_EDGE('',*,*,#1534,.T.);
#1534 = EDGE_CURVE('',#1527,#1535,#1537,.T.);
#1535 = VERTEX_POINT('',#1536);
#1536 = CARTESIAN_POINT('',(78.,33.464101615138,4.));
#1537 = CIRCLE('',#1538,4.);
#1538 = AXIS2_PLACEMENT_3D('',#1539,#1540,#1541);
#1539 = CARTESIAN_POINT('',(76.,30.,4.));
#1540 = DIRECTION('',(0.,0.,1.));
#1541 = DIRECTION('',(1.,0.,0.));
#1542 = ORIENTED_EDGE('',*,*,#1543,.F.);
#1543 = EDGE_CURVE('',#1544,#1535,#1546,.T.);
#1544 = VERTEX_POINT('',#1545);
#1545 = CARTESIAN_POINT('',(67.085879880048,39.76537180436,4.));
#1546 = LINE('',#1547,#1548);
#1547 = CARTESIAN_POINT('',(67.085879880048,39.76537180436,4.));
#1548 = VECTOR('',#1549,1.);
#1549 = DIRECTION('',(0.866025403784,-0.5,0.));
#1550 = ORIENTED_EDGE('',*,*,#1551,.F.);
#1551 = EDGE_CURVE('',#1552,#1544,#1554,.T.);
#1552 = VERTEX_POINT('',#1553);
#1553 = CARTESIAN_POINT('',(33.464101615138,98.,4.));
#1554 = LINE('',#1555,#1556);
#1555 = CARTESIAN_POINT('',(33.464101615138,98.,4.));
#1556 = VECTOR('',#1557,1.);
#1557 = DIRECTION('',(0.5,-0.866025403784,0.));
#1558 = ORIENTED_EDGE('',*,*,#1559,.T.);
#1559 = EDGE_CURVE('',#1552,#1560,#1562,.T.);
#1560 = VERTEX_POINT('',#1561);
#1561 = CARTESIAN_POINT('',(30.,100.,4.));
#1562 = CIRCLE('',#1563,4.);
#1563 = AXIS2_PLACEMENT_3D('',#1564,#1565,#1566);
#1564 = CARTESIAN_POINT('',(30.,96.,4.));
#1565 = DIRECTION('',(0.,0.,1.));
#1566 = DIRECTION('',(1.,0.,0.));
#1567 = ORIENTED_EDGE('',*,*,#1568,.F.);
#1568 = EDGE_CURVE('',#1569,#1560,#1571,.T.);
#1569 = VERTEX_POINT('',#1570);
#1570 = CARTESIAN_POINT('',(25.5,100.,4.));
#1571 = LINE('',#1572,#1573);
#1572 = CARTESIAN_POINT('',(-30.,100.,4.));
#1573 = VECTOR('',#1574,1.);
#1574 = DIRECTION('',(1.,0.,0.));
#1575 = ORIENTED_EDGE('',*,*,#1576,.T.);
#1576 = EDGE_CURVE('',#1569,#1577,#1579,.T.);
#1577 = VERTEX_POINT('',#1578);
#1578 = CARTESIAN_POINT('',(25.5,84.5,4.));
#1579 = LINE('',#1580,#1581);
#1580 = CARTESIAN_POINT('',(25.5,100.5,4.));
#1581 = VECTOR('',#1582,1.);
#1582 = DIRECTION('',(0.,-1.,0.));
#1583 = ORIENTED_EDGE('',*,*,#1584,.F.);
#1584 = EDGE_CURVE('',#1585,#1577,#1587,.T.);
#1585 = VERTEX_POINT('',#1586);
#1586 = CARTESIAN_POINT('',(16.5,84.5,4.));
#1587 = CIRCLE('',#1588,4.5);
#1588 = AXIS2_PLACEMENT_3D('',#1589,#1590,#1591);
#1589 = CARTESIAN_POINT('',(21.,84.5,4.));
#1590 = DIRECTION('',(0.,0.,1.));
#1591 = DIRECTION('',(1.,0.,0.));
#1592 = ORIENTED_EDGE('',*,*,#1593,.F.);
#1593 = EDGE_CURVE('',#1594,#1585,#1596,.T.);
#1594 = VERTEX_POINT('',#1595);
#1595 = CARTESIAN_POINT('',(16.5,100.,4.));
#1596 = LINE('',#1597,#1598);
#1597 = CARTESIAN_POINT('',(16.5,100.5,4.));
#1598 = VECTOR('',#1599,1.);
#1599 = DIRECTION('',(0.,-1.,0.));
#1600 = ORIENTED_EDGE('',*,*,#1601,.F.);
#1601 = EDGE_CURVE('',#1602,#1594,#1604,.T.);
#1602 = VERTEX_POINT('',#1603);
#1603 = CARTESIAN_POINT('',(-16.5,100.,4.));
#1604 = LINE('',#1605,#1606);
#1605 = CARTESIAN_POINT('',(-30.,100.,4.));
#1606 = VECTOR('',#1607,1.);
#1607 = DIRECTION('',(1.,0.,0.));
#1608 = ORIENTED_EDGE('',*,*,#1609,.T.);
#1609 = EDGE_CURVE('',#1602,#1610,#1612,.T.);
#1610 = VERTEX_POINT('',#1611);
#1611 = CARTESIAN_POINT('',(-16.5,84.5,4.));
#1612 = LINE('',#1613,#1614);
#1613 = CARTESIAN_POINT('',(-16.5,100.5,4.));
#1614 = VECTOR('',#1615,1.);
#1615 = DIRECTION('',(0.,-1.,0.));
#1616 = ORIENTED_EDGE('',*,*,#1617,.F.);
#1617 = EDGE_CURVE('',#1618,#1610,#1620,.T.);
#1618 = VERTEX_POINT('',#1619);
#1619 = CARTESIAN_POINT('',(-25.5,84.5,4.));
#1620 = CIRCLE('',#1621,4.5);
#1621 = AXIS2_PLACEMENT_3D('',#1622,#1623,#1624);
#1622 = CARTESIAN_POINT('',(-21.,84.5,4.));
#1623 = DIRECTION('',(0.,0.,1.));
#1624 = DIRECTION('',(1.,0.,0.));
#1625 = ORIENTED_EDGE('',*,*,#1626,.F.);
#1626 = EDGE_CURVE('',#1627,#1618,#1629,.T.);
#1627 = VERTEX_POINT('',#1628);
#1628 = CARTESIAN_POINT('',(-25.5,100.,4.));
#1629 = LINE('',#1630,#1631);
#1630 = CARTESIAN_POINT('',(-25.5,100.5,4.));
#1631 = VECTOR('',#1632,1.);
#1632 = DIRECTION('',(0.,-1.,0.));
#1633 = ORIENTED_EDGE('',*,*,#1634,.F.);
#1634 = EDGE_CURVE('',#1635,#1627,#1637,.T.);
#1635 = VERTEX_POINT('',#1636);
#1636 = CARTESIAN_POINT('',(-30.,100.,4.));
#1637 = LINE('',#1638,#1639);
#1638 = CARTESIAN_POINT('',(-30.,100.,4.));
#1639 = VECTOR('',#1640,1.);
#1640 = DIRECTION('',(1.,0.,0.));
#1641 = ORIENTED_EDGE('',*,*,#1642,.T.);
#1642 = EDGE_CURVE('',#1635,#1643,#1645,.T.);
#1643 = VERTEX_POINT('',#1644);
#1644 = CARTESIAN_POINT('',(-33.46410161513,98.,4.));
#1645 = CIRCLE('',#1646,4.);
#1646 = AXIS2_PLACEMENT_3D('',#1647,#1648,#1649);
#1647 = CARTESIAN_POINT('',(-30.,96.,4.));
#1648 = DIRECTION('',(0.,0.,1.));
#1649 = DIRECTION('',(1.,0.,0.));
#1650 = ORIENTED_EDGE('',*,*,#1651,.F.);
#1651 = EDGE_CURVE('',#1652,#1643,#1654,.T.);
#1652 = VERTEX_POINT('',#1653);
#1653 = CARTESIAN_POINT('',(-55.58587988004,59.683956091402,4.));
#1654 = LINE('',#1655,#1656);
#1655 = CARTESIAN_POINT('',(-67.08587988004,39.76537180436,4.));
#1656 = VECTOR('',#1657,1.);
#1657 = DIRECTION('',(0.5,0.866025403784,0.));
#1658 = ORIENTED_EDGE('',*,*,#1659,.T.);
#1659 = EDGE_CURVE('',#1652,#1660,#1662,.T.);
#1660 = VERTEX_POINT('',#1661);
#1661 = CARTESIAN_POINT('',(-49.52370205355,56.183956091402,4.));
#1662 = LINE('',#1663,#1664);
#1663 = CARTESIAN_POINT('',(-55.58587988004,59.683956091402,4.));
#1664 = VECTOR('',#1665,1.);
#1665 = DIRECTION('',(0.866025403784,-0.5,0.));
#1666 = ORIENTED_EDGE('',*,*,#1667,.T.);
#1667 = EDGE_CURVE('',#1660,#1668,#1670,.T.);
#1668 = VERTEX_POINT('',#1669);
#1669 = CARTESIAN_POINT('',(-46.72824985839,50.874959291202,4.));
#1670 = LINE('',#1671,#1672);
#1671 = CARTESIAN_POINT('',(-49.52370205355,56.183956091402,4.));
#1672 = VECTOR('',#1673,1.);
#1673 = DIRECTION('',(0.465908699195,-0.884832800033,0.));
#1674 = ORIENTED_EDGE('',*,*,#1675,.T.);
#1675 = EDGE_CURVE('',#1668,#1676,#1678,.T.);
#1676 = VERTEX_POINT('',#1677);
#1677 = CARTESIAN_POINT('',(-40.66607203189,47.374959291202,4.));
#1678 = LINE('',#1679,#1680);
#1679 = CARTESIAN_POINT('',(-46.72824985839,50.874959291202,4.));
#1680 = VECTOR('',#1681,1.);
#1681 = DIRECTION('',(0.866025403784,-0.5,0.));
#1682 = ORIENTED_EDGE('',*,*,#1683,.T.);
#1683 = EDGE_CURVE('',#1676,#1684,#1686,.T.);
#1684 = VERTEX_POINT('',#1685);
#1685 = CARTESIAN_POINT('',(-44.96607203189,39.927140818656,4.));
#1686 = LINE('',#1687,#1688);
#1687 = CARTESIAN_POINT('',(-40.66607203189,47.374959291202,4.));
#1688 = VECTOR('',#1689,1.);
#1689 = DIRECTION('',(-0.5,-0.866025403784,0.));
#1690 = ORIENTED_EDGE('',*,*,#1691,.T.);
#1691 = EDGE_CURVE('',#1684,#1692,#1694,.T.);
#1692 = VERTEX_POINT('',#1693);
#1693 = CARTESIAN_POINT('',(-51.02824985839,43.427140818656,4.));
#1694 = LINE('',#1695,#1696);
#1695 = CARTESIAN_POINT('',(-44.96607203189,39.927140818656,4.));
#1696 = VECTOR('',#1697,1.);
#1697 = DIRECTION('',(-0.866025403784,0.5,0.));
#1698 = ORIENTED_EDGE('',*,*,#1699,.T.);
#1699 = EDGE_CURVE('',#1692,#1700,#1702,.T.);
#1700 = VERTEX_POINT('',#1701);
#1701 = CARTESIAN_POINT('',(-57.02370205355,43.193575034635,4.));
#1702 = LINE('',#1703,#1704);
#1703 = CARTESIAN_POINT('',(-51.02824985839,43.427140818656,4.));
#1704 = VECTOR('',#1705,1.);
#1705 = DIRECTION('',(-0.999242032528,-3.892763067005E-02,0.));
#1706 = ORIENTED_EDGE('',*,*,#1707,.T.);
#1707 = EDGE_CURVE('',#1700,#104,#1708,.T.);
#1708 = LINE('',#1709,#1710);
#1709 = CARTESIAN_POINT('',(-57.02370205355,43.193575034635,4.));
#1710 = VECTOR('',#1711,1.);
#1711 = DIRECTION('',(-0.866025403784,0.5,0.));
#1712 = ORIENTED_EDGE('',*,*,#103,.F.);
#1713 = FACE_BOUND('',#1714,.T.);
#1714 = EDGE_LOOP('',(#1715,#1725,#1734,#1742,#1751,#1759,#1768,#1776));
#1715 = ORIENTED_EDGE('',*,*,#1716,.F.);
#1716 = EDGE_CURVE('',#1717,#1719,#1721,.T.);
#1717 = VERTEX_POINT('',#1718);
#1718 = CARTESIAN_POINT('',(-50.,-40.,4.));
#1719 = VERTEX_POINT('',#1720);
#1720 = CARTESIAN_POINT('',(-50.,-60.,4.));
#1721 = LINE('',#1722,#1723);
#1722 = CARTESIAN_POINT('',(-50.,-40.,4.));
#1723 = VECTOR('',#1724,1.);
#1724 = DIRECTION('',(0.,-1.,0.));
#1725 = ORIENTED_EDGE('',*,*,#1726,.F.);
#1726 = EDGE_CURVE('',#1727,#1717,#1729,.T.);
#1727 = VERTEX_POINT('',#1728);
#1728 = CARTESIAN_POINT('',(-46.5,-36.5,4.));
#1729 = CIRCLE('',#1730,3.5);
#1730 = AXIS2_PLACEMENT_3D('',#1731,#1732,#1733);
#1731 = CARTESIAN_POINT('',(-46.5,-40.,4.));
#1732 = DIRECTION('',(0.,0.,1.));
#1733 = DIRECTION('',(1.,0.,0.));
#1734 = ORIENTED_EDGE('',*,*,#1735,.F.);
#1735 = EDGE_CURVE('',#1736,#1727,#1738,.T.);
#1736 = VERTEX_POINT('',#1737);
#1737 = CARTESIAN_POINT('',(-31.5,-36.5,4.));
#1738 = LINE('',#1739,#1740);
#1739 = CARTESIAN_POINT('',(-31.5,-36.5,4.));
#1740 = VECTOR('',#1741,1.);
#1741 = DIRECTION('',(-1.,0.,0.));
#1742 = ORIENTED_EDGE('',*,*,#1743,.F.);
#1743 = EDGE_CURVE('',#1744,#1736,#1746,.T.);
#1744 = VERTEX_POINT('',#1745);
#1745 = CARTESIAN_POINT('',(-28.,-40.,4.));
#1746 = CIRCLE('',#1747,3.5);
#1747 = AXIS2_PLACEMENT_3D('',#1748,#1749,#1750);
#1748 = CARTESIAN_POINT('',(-31.5,-40.,4.));
#1749 = DIRECTION('',(0.,0.,1.));
#1750 = DIRECTION('',(1.,0.,0.));
#1751 = ORIENTED_EDGE('',*,*,#1752,.F.);
#1752 = EDGE_CURVE('',#1753,#1744,#1755,.T.);
#1753 = VERTEX_POINT('',#1754);
#1754 = CARTESIAN_POINT('',(-28.,-60.,4.));
#1755 = LINE('',#1756,#1757);
#1756 = CARTESIAN_POINT('',(-28.,-60.,4.));
#1757 = VECTOR('',#1758,1.);
#1758 = DIRECTION('',(0.,1.,0.));
#1759 = ORIENTED_EDGE('',*,*,#1760,.F.);
#1760 = EDGE_CURVE('',#1761,#1753,#1763,.T.);
#1761 = VERTEX_POINT('',#1762);
#1762 = CARTESIAN_POINT('',(-31.5,-63.5,4.));
#1763 = CIRCLE('',#1764,3.5);
#1764 = AXIS2_PLACEMENT_3D('',#1765,#1766,#1767);
#1765 = CARTESIAN_POINT('',(-31.5,-60.,4.));
#1766 = DIRECTION('',(0.,0.,1.));
#1767 = DIRECTION('',(1.,0.,0.));
#1768 = ORIENTED_EDGE('',*,*,#1769,.F.);
#1769 = EDGE_CURVE('',#1770,#1761,#1772,.T.);
#1770 = VERTEX_POINT('',#1771);
#1771 = CARTESIAN_POINT('',(-46.5,-63.5,4.));
#1772 = LINE('',#1773,#1774);
#1773 = CARTESIAN_POINT('',(-46.5,-63.5,4.));
#1774 = VECTOR('',#1775,1.);
#1775 = DIRECTION('',(1.,0.,0.));
#1776 = ORIENTED_EDGE('',*,*,#1777,.F.);
#1777 = EDGE_CURVE('',#1719,#1770,#1778,.T.);
#1778 = CIRCLE('',#1779,3.5);
#1779 = AXIS2_PLACEMENT_3D('',#1780,#1781,#1782);
#1780 = CARTESIAN_POINT('',(-46.5,-60.,4.));
#1781 = DIRECTION('',(0.,0.,1.));
#1782 = DIRECTION('',(1.,0.,0.));
#1783 = FACE_BOUND('',#1784,.T.);
#1784 = EDGE_LOOP('',(#1785));
#1785 = ORIENTED_EDGE('',*,*,#1786,.F.);
#1786 = EDGE_CURVE('',#1787,#1787,#1789,.T.);
#1787 = VERTEX_POINT('',#1788);
#1788 = CARTESIAN_POINT('',(2.75,-92.5,4.));
#1789 = CIRCLE('',#1790,2.75);
#1790 = AXIS2_PLACEMENT_3D('',#1791,#1792,#1793);
#1791 = CARTESIAN_POINT('',(0.,-92.5,4.));
#1792 = DIRECTION('',(0.,0.,1.));
#1793 = DIRECTION('',(1.,0.,0.));
#1794 = FACE_BOUND('',#1795,.T.);
#1795 = EDGE_LOOP('',(#1796));
#1796 = ORIENTED_EDGE('',*,*,#1797,.F.);
#1797 = EDGE_CURVE('',#1798,#1798,#1800,.T.);
#1798 = VERTEX_POINT('',#1799);
#1799 = CARTESIAN_POINT('',(1.5,-60.,4.));
#1800 = CIRCLE('',#1801,1.5);
#1801 = AXIS2_PLACEMENT_3D('',#1802,#1803,#1804);
#1802 = CARTESIAN_POINT('',(0.,-60.,4.));
#1803 = DIRECTION('',(0.,0.,1.));
#1804 = DIRECTION('',(1.,0.,0.));
#1805 = FACE_BOUND('',#1806,.T.);
#1806 = EDGE_LOOP('',(#1807,#1817,#1826,#1834,#1843,#1851,#1860,#1868));
#1807 = ORIENTED_EDGE('',*,*,#1808,.F.);
#1808 = EDGE_CURVE('',#1809,#1811,#1813,.T.);
#1809 = VERTEX_POINT('',#1810);
#1810 = CARTESIAN_POINT('',(18.000000000001,-40.,4.));
#1811 = VERTEX_POINT('',#1812);
#1812 = CARTESIAN_POINT('',(18.000000000001,-60.,4.));
#1813 = LINE('',#1814,#1815);
#1814 = CARTESIAN_POINT('',(18.000000000001,-40.,4.));
#1815 = VECTOR('',#1816,1.);
#1816 = DIRECTION('',(0.,-1.,0.));
#1817 = ORIENTED_EDGE('',*,*,#1818,.F.);
#1818 = EDGE_CURVE('',#1819,#1809,#1821,.T.);
#1819 = VERTEX_POINT('',#1820);
#1820 = CARTESIAN_POINT('',(21.500000000001,-36.5,4.));
#1821 = CIRCLE('',#1822,3.5);
#1822 = AXIS2_PLACEMENT_3D('',#1823,#1824,#1825);
#1823 = CARTESIAN_POINT('',(21.500000000001,-40.,4.));
#1824 = DIRECTION('',(0.,0.,1.));
#1825 = DIRECTION('',(1.,0.,0.));
#1826 = ORIENTED_EDGE('',*,*,#1827,.F.);
#1827 = EDGE_CURVE('',#1828,#1819,#1830,.T.);
#1828 = VERTEX_POINT('',#1829);
#1829 = CARTESIAN_POINT('',(36.500000000002,-36.5,4.));
#1830 = LINE('',#1831,#1832);
#1831 = CARTESIAN_POINT('',(36.500000000002,-36.5,4.));
#1832 = VECTOR('',#1833,1.);
#1833 = DIRECTION('',(-1.,0.,0.));
#1834 = ORIENTED_EDGE('',*,*,#1835,.F.);
#1835 = EDGE_CURVE('',#1836,#1828,#1838,.T.);
#1836 = VERTEX_POINT('',#1837);
#1837 = CARTESIAN_POINT('',(40.000000000002,-40.,4.));
#1838 = CIRCLE('',#1839,3.5);
#1839 = AXIS2_PLACEMENT_3D('',#1840,#1841,#1842);
#1840 = CARTESIAN_POINT('',(36.500000000002,-40.,4.));
#1841 = DIRECTION('',(0.,0.,1.));
#1842 = DIRECTION('',(1.,0.,0.));
#1843 = ORIENTED_EDGE('',*,*,#1844,.F.);
#1844 = EDGE_CURVE('',#1845,#1836,#1847,.T.);
#1845 = VERTEX_POINT('',#1846);
#1846 = CARTESIAN_POINT('',(40.000000000002,-60.,4.));
#1847 = LINE('',#1848,#1849);
#1848 = CARTESIAN_POINT('',(40.000000000002,-60.,4.));
#1849 = VECTOR('',#1850,1.);
#1850 = DIRECTION('',(0.,1.,0.));
#1851 = ORIENTED_EDGE('',*,*,#1852,.F.);
#1852 = EDGE_CURVE('',#1853,#1845,#1855,.T.);
#1853 = VERTEX_POINT('',#1854);
#1854 = CARTESIAN_POINT('',(36.500000000002,-63.5,4.));
#1855 = CIRCLE('',#1856,3.5);
#1856 = AXIS2_PLACEMENT_3D('',#1857,#1858,#1859);
#1857 = CARTESIAN_POINT('',(36.500000000002,-60.,4.));
#1858 = DIRECTION('',(0.,0.,1.));
#1859 = DIRECTION('',(1.,0.,0.));
#1860 = ORIENTED_EDGE('',*,*,#1861,.F.);
#1861 = EDGE_CURVE('',#1862,#1853,#1864,.T.);
#1862 = VERTEX_POINT('',#1863);
#1863 = CARTESIAN_POINT('',(21.500000000002,-63.5,4.));
#1864 = LINE('',#1865,#1866);
#1865 = CARTESIAN_POINT('',(21.500000000002,-63.5,4.));
#1866 = VECTOR('',#1867,1.);
#1867 = DIRECTION('',(1.,0.,0.));
#1868 = ORIENTED_EDGE('',*,*,#1869,.F.);
#1869 = EDGE_CURVE('',#1811,#1862,#1870,.T.);
#1870 = CIRCLE('',#1871,3.5);
#1871 = AXIS2_PLACEMENT_3D('',#1872,#1873,#1874);
#1872 = CARTESIAN_POINT('',(21.500000000001,-60.,4.));
#1873 = DIRECTION('',(0.,0.,1.));
#1874 = DIRECTION('',(1.,0.,0.));
#1875 = FACE_BOUND('',#1876,.T.);
#1876 = EDGE_LOOP('',(#1877));
#1877 = ORIENTED_EDGE('',*,*,#1878,.F.);
#1878 = EDGE_CURVE('',#1879,#1879,#1881,.T.);
#1879 = VERTEX_POINT('',#1880);
#1880 = CARTESIAN_POINT('',(1.5,-40.,4.));
#1881 = CIRCLE('',#1882,1.5);
#1882 = AXIS2_PLACEMENT_3D('',#1883,#1884,#1885);
#1883 = CARTESIAN_POINT('',(0.,-40.,4.));
#1884 = DIRECTION('',(0.,0.,1.));
#1885 = DIRECTION('',(1.,0.,0.));
#1886 = FACE_BOUND('',#1887,.T.);
#1887 = EDGE_LOOP('',(#1888,#1898,#1907,#1915,#1924,#1932,#1941,#1949));
#1888 = ORIENTED_EDGE('',*,*,#1889,.F.);
#1889 = EDGE_CURVE('',#1890,#1892,#1894,.T.);
#1890 = VERTEX_POINT('',#1891);
#1891 = CARTESIAN_POINT('',(-28.,-10.5,4.));
#1892 = VERTEX_POINT('',#1893);
#1893 = CARTESIAN_POINT('',(-28.,-27.5,4.));
#1894 = LINE('',#1895,#1896);
#1895 = CARTESIAN_POINT('',(-28.,-10.5,4.));
#1896 = VECTOR('',#1897,1.);
#1897 = DIRECTION('',(0.,-1.,0.));
#1898 = ORIENTED_EDGE('',*,*,#1899,.F.);
#1899 = EDGE_CURVE('',#1900,#1890,#1902,.T.);
#1900 = VERTEX_POINT('',#1901);
#1901 = CARTESIAN_POINT('',(-24.5,-7.,4.));
#1902 = CIRCLE('',#1903,3.5);
#1903 = AXIS2_PLACEMENT_3D('',#1904,#1905,#1906);
#1904 = CARTESIAN_POINT('',(-24.5,-10.5,4.));
#1905 = DIRECTION('',(0.,0.,1.));
#1906 = DIRECTION('',(1.,0.,0.));
#1907 = ORIENTED_EDGE('',*,*,#1908,.F.);
#1908 = EDGE_CURVE('',#1909,#1900,#1911,.T.);
#1909 = VERTEX_POINT('',#1910);
#1910 = CARTESIAN_POINT('',(24.5,-7.,4.));
#1911 = LINE('',#1912,#1913);
#1912 = CARTESIAN_POINT('',(24.5,-7.,4.));
#1913 = VECTOR('',#1914,1.);
#1914 = DIRECTION('',(-1.,0.,0.));
#1915 = ORIENTED_EDGE('',*,*,#1916,.F.);
#1916 = EDGE_CURVE('',#1917,#1909,#1919,.T.);
#1917 = VERTEX_POINT('',#1918);
#1918 = CARTESIAN_POINT('',(28.,-10.5,4.));
#1919 = CIRCLE('',#1920,3.5);
#1920 = AXIS2_PLACEMENT_3D('',#1921,#1922,#1923);
#1921 = CARTESIAN_POINT('',(24.5,-10.5,4.));
#1922 = DIRECTION('',(0.,0.,1.));
#1923 = DIRECTION('',(1.,0.,0.));
#1924 = ORIENTED_EDGE('',*,*,#1925,.F.);
#1925 = EDGE_CURVE('',#1926,#1917,#1928,.T.);
#1926 = VERTEX_POINT('',#1927);
#1927 = CARTESIAN_POINT('',(28.,-27.5,4.));
#1928 = LINE('',#1929,#1930);
#1929 = CARTESIAN_POINT('',(28.,-27.5,4.));
#1930 = VECTOR('',#1931,1.);
#1931 = DIRECTION('',(0.,1.,0.));
#1932 = ORIENTED_EDGE('',*,*,#1933,.F.);
#1933 = EDGE_CURVE('',#1934,#1926,#1936,.T.);
#1934 = VERTEX_POINT('',#1935);
#1935 = CARTESIAN_POINT('',(24.5,-31.,4.));
#1936 = CIRCLE('',#1937,3.5);
#1937 = AXIS2_PLACEMENT_3D('',#1938,#1939,#1940);
#1938 = CARTESIAN_POINT('',(24.5,-27.5,4.));
#1939 = DIRECTION('',(0.,0.,1.));
#1940 = DIRECTION('',(1.,0.,0.));
#1941 = ORIENTED_EDGE('',*,*,#1942,.F.);
#1942 = EDGE_CURVE('',#1943,#1934,#1945,.T.);
#1943 = VERTEX_POINT('',#1944);
#1944 = CARTESIAN_POINT('',(-24.5,-31.,4.));
#1945 = LINE('',#1946,#1947);
#1946 = CARTESIAN_POINT('',(-24.5,-31.,4.));
#1947 = VECTOR('',#1948,1.);
#1948 = DIRECTION('',(1.,0.,0.));
#1949 = ORIENTED_EDGE('',*,*,#1950,.F.);
#1950 = EDGE_CURVE('',#1892,#1943,#1951,.T.);
#1951 = CIRCLE('',#1952,3.5);
#1952 = AXIS2_PLACEMENT_3D('',#1953,#1954,#1955);
#1953 = CARTESIAN_POINT('',(-24.5,-27.5,4.));
#1954 = DIRECTION('',(0.,0.,1.));
#1955 = DIRECTION('',(1.,0.,0.));
#1956 = FACE_BOUND('',#1957,.T.);
#1957 = EDGE_LOOP('',(#1958,#1968,#1977,#1985,#1994,#2002,#2011,#2019));
#1958 = ORIENTED_EDGE('',*,*,#1959,.F.);
#1959 = EDGE_CURVE('',#1960,#1962,#1964,.T.);
#1960 = VERTEX_POINT('',#1961);
#1961 = CARTESIAN_POINT('',(-69.99999999999,26.,4.));
#1962 = VERTEX_POINT('',#1963);
#1963 = CARTESIAN_POINT('',(-69.99999999999,-26.,4.));
#1964 = LINE('',#1965,#1966);
#1965 = CARTESIAN_POINT('',(-69.99999999999,26.,4.));
#1966 = VECTOR('',#1967,1.);
#1967 = DIRECTION('',(0.,-1.,0.));
#1968 = ORIENTED_EDGE('',*,*,#1969,.F.);
#1969 = EDGE_CURVE('',#1970,#1960,#1972,.T.);
#1970 = VERTEX_POINT('',#1971);
#1971 = CARTESIAN_POINT('',(-66.49999999999,29.5,4.));
#1972 = CIRCLE('',#1973,3.5);
#1973 = AXIS2_PLACEMENT_3D('',#1974,#1975,#1976);
#1974 = CARTESIAN_POINT('',(-66.49999999999,26.,4.));
#1975 = DIRECTION('',(0.,0.,1.));
#1976 = DIRECTION('',(1.,0.,0.));
#1977 = ORIENTED_EDGE('',*,*,#1978,.F.);
#1978 = EDGE_CURVE('',#1979,#1970,#1981,.T.);
#1979 = VERTEX_POINT('',#1980);
#1980 = CARTESIAN_POINT('',(-46.49999999999,29.5,4.));
#1981 = LINE('',#1982,#1983);
#1982 = CARTESIAN_POINT('',(-46.49999999999,29.5,4.));
#1983 = VECTOR('',#1984,1.);
#1984 = DIRECTION('',(-1.,0.,0.));
#1985 = ORIENTED_EDGE('',*,*,#1986,.F.);
#1986 = EDGE_CURVE('',#1987,#1979,#1989,.T.);
#1987 = VERTEX_POINT('',#1988);
#1988 = CARTESIAN_POINT('',(-42.99999999999,26.,4.));
#1989 = CIRCLE('',#1990,3.5);
#1990 = AXIS2_PLACEMENT_3D('',#1991,#1992,#1993);
#1991 = CARTESIAN_POINT('',(-46.49999999999,26.,4.));
#1992 = DIRECTION('',(0.,0.,1.));
#1993 = DIRECTION('',(1.,0.,0.));
#1994 = ORIENTED_EDGE('',*,*,#1995,.F.);
#1995 = EDGE_CURVE('',#1996,#1987,#1998,.T.);
#1996 = VERTEX_POINT('',#1997);
#1997 = CARTESIAN_POINT('',(-42.99999999999,-26.,4.));
#1998 = LINE('',#1999,#2000);
#1999 = CARTESIAN_POINT('',(-42.99999999999,-26.,4.));
#2000 = VECTOR('',#2001,1.);
#2001 = DIRECTION('',(0.,1.,0.));
#2002 = ORIENTED_EDGE('',*,*,#2003,.F.);
#2003 = EDGE_CURVE('',#2004,#1996,#2006,.T.);
#2004 = VERTEX_POINT('',#2005);
#2005 = CARTESIAN_POINT('',(-46.49999999999,-29.5,4.));
#2006 = CIRCLE('',#2007,3.5);
#2007 = AXIS2_PLACEMENT_3D('',#2008,#2009,#2010);
#2008 = CARTESIAN_POINT('',(-46.49999999999,-26.,4.));
#2009 = DIRECTION('',(0.,0.,1.));
#2010 = DIRECTION('',(1.,0.,0.));
#2011 = ORIENTED_EDGE('',*,*,#2012,.F.);
#2012 = EDGE_CURVE('',#2013,#2004,#2015,.T.);
#2013 = VERTEX_POINT('',#2014);
#2014 = CARTESIAN_POINT('',(-66.49999999999,-29.5,4.));
#2015 = LINE('',#2016,#2017);
#2016 = CARTESIAN_POINT('',(-66.49999999999,-29.5,4.));
#2017 = VECTOR('',#2018,1.);
#2018 = DIRECTION('',(1.,0.,0.));
#2019 = ORIENTED_EDGE('',*,*,#2020,.F.);
#2020 = EDGE_CURVE('',#1962,#2013,#2021,.T.);
#2021 = CIRCLE('',#2022,3.5);
#2022 = AXIS2_PLACEMENT_3D('',#2023,#2024,#2025);
#2023 = CARTESIAN_POINT('',(-66.49999999999,-26.,4.));
#2024 = DIRECTION('',(0.,0.,1.));
#2025 = DIRECTION('',(1.,0.,0.));
#2026 = FACE_BOUND('',#2027,.T.);
#2027 = EDGE_LOOP('',(#2028));
#2028 = ORIENTED_EDGE('',*,*,#2029,.F.);
#2029 = EDGE_CURVE('',#2030,#2030,#2032,.T.);
#2030 = VERTEX_POINT('',#2031);
#2031 = CARTESIAN_POINT('',(-52.46078161312,41.280859526545,4.));
#2032 = CIRCLE('',#2033,1.25);
#2033 = AXIS2_PLACEMENT_3D('',#2034,#2035,#2036);
#2034 = CARTESIAN_POINT('',(-53.71078161312,41.280859526545,4.));
#2035 = DIRECTION('',(0.,0.,1.));
#2036 = DIRECTION('',(1.,0.,0.));
#2037 = FACE_BOUND('',#2038,.T.);
#2038 = EDGE_LOOP('',(#2039));
#2039 = ORIENTED_EDGE('',*,*,#2040,.F.);
#2040 = EDGE_CURVE('',#2041,#2041,#2043,.T.);
#2041 = VERTEX_POINT('',#2042);
#2042 = CARTESIAN_POINT('',(-23.,0.,4.));
#2043 = CIRCLE('',#2044,1.5);
#2044 = AXIS2_PLACEMENT_3D('',#2045,#2046,#2047);
#2045 = CARTESIAN_POINT('',(-24.5,0.,4.));
#2046 = DIRECTION('',(0.,0.,1.));
#2047 = DIRECTION('',(1.,0.,0.));
#2048 = FACE_BOUND('',#2049,.T.);
#2049 = EDGE_LOOP('',(#2050));
#2050 = ORIENTED_EDGE('',*,*,#2051,.F.);
#2051 = EDGE_CURVE('',#2052,#2052,#2054,.T.);
#2052 = VERTEX_POINT('',#2053);
#2053 = CARTESIAN_POINT('',(-44.96078161312,54.271240583312,4.));
#2054 = CIRCLE('',#2055,1.25);
#2055 = AXIS2_PLACEMENT_3D('',#2056,#2057,#2058);
#2056 = CARTESIAN_POINT('',(-46.21078161312,54.271240583312,4.));
#2057 = DIRECTION('',(0.,0.,1.));
#2058 = DIRECTION('',(1.,0.,0.));
#2059 = FACE_BOUND('',#2060,.T.);
#2060 = EDGE_LOOP('',(#2061));
#2061 = ORIENTED_EDGE('',*,*,#2062,.F.);
#2062 = EDGE_CURVE('',#2063,#2063,#2065,.T.);
#2063 = VERTEX_POINT('',#2064);
#2064 = CARTESIAN_POINT('',(-32.25,80.,4.));
#2065 = CIRCLE('',#2066,2.75);
#2066 = AXIS2_PLACEMENT_3D('',#2067,#2068,#2069);
#2067 = CARTESIAN_POINT('',(-35.,80.,4.));
#2068 = DIRECTION('',(0.,0.,1.));
#2069 = DIRECTION('',(1.,0.,0.));
#2070 = FACE_BOUND('',#2071,.T.);
#2071 = EDGE_LOOP('',(#2072));
#2072 = ORIENTED_EDGE('',*,*,#2073,.F.);
#2073 = EDGE_CURVE('',#2074,#2074,#2076,.T.);
#2074 = VERTEX_POINT('',#2075);
#2075 = CARTESIAN_POINT('',(-23.,58.,4.));
#2076 = CIRCLE('',#2077,1.5);
#2077 = AXIS2_PLACEMENT_3D('',#2078,#2079,#2080);
#2078 = CARTESIAN_POINT('',(-24.5,58.,4.));
#2079 = DIRECTION('',(0.,0.,1.));
#2080 = DIRECTION('',(1.,0.,0.));
#2081 = FACE_BOUND('',#2082,.T.);
#2082 = EDGE_LOOP('',(#2083,#2093,#2102,#2110,#2119,#2127,#2136,#2144));
#2083 = ORIENTED_EDGE('',*,*,#2084,.F.);
#2084 = EDGE_CURVE('',#2085,#2087,#2089,.T.);
#2085 = VERTEX_POINT('',#2086);
#2086 = CARTESIAN_POINT('',(-14.8,83.4,4.));
#2087 = VERTEX_POINT('',#2088);
#2088 = CARTESIAN_POINT('',(-14.8,75.4,4.));
#2089 = LINE('',#2090,#2091);
#2090 = CARTESIAN_POINT('',(-14.8,83.4,4.));
#2091 = VECTOR('',#2092,1.);
#2092 = DIRECTION('',(0.,-1.,0.));
#2093 = ORIENTED_EDGE('',*,*,#2094,.F.);
#2094 = EDGE_CURVE('',#2095,#2085,#2097,.T.);
#2095 = VERTEX_POINT('',#2096);
#2096 = CARTESIAN_POINT('',(-14.4,83.8,4.));
#2097 = CIRCLE('',#2098,0.4);
#2098 = AXIS2_PLACEMENT_3D('',#2099,#2100,#2101);
#2099 = CARTESIAN_POINT('',(-14.4,83.4,4.));
#2100 = DIRECTION('',(0.,0.,1.));
#2101 = DIRECTION('',(1.,0.,0.));
#2102 = ORIENTED_EDGE('',*,*,#2103,.F.);
#2103 = EDGE_CURVE('',#2104,#2095,#2106,.T.);
#2104 = VERTEX_POINT('',#2105);
#2105 = CARTESIAN_POINT('',(-6.4,83.8,4.));
#2106 = LINE('',#2107,#2108);
#2107 = CARTESIAN_POINT('',(-6.4,83.8,4.));
#2108 = VECTOR('',#2109,1.);
#2109 = DIRECTION('',(-1.,0.,0.));
#2110 = ORIENTED_EDGE('',*,*,#2111,.F.);
#2111 = EDGE_CURVE('',#2112,#2104,#2114,.T.);
#2112 = VERTEX_POINT('',#2113);
#2113 = CARTESIAN_POINT('',(-6.,83.4,4.));
#2114 = CIRCLE('',#2115,0.4);
#2115 = AXIS2_PLACEMENT_3D('',#2116,#2117,#2118);
#2116 = CARTESIAN_POINT('',(-6.4,83.4,4.));
#2117 = DIRECTION('',(0.,0.,1.));
#2118 = DIRECTION('',(1.,0.,0.));
#2119 = ORIENTED_EDGE('',*,*,#2120,.F.);
#2120 = EDGE_CURVE('',#2121,#2112,#2123,.T.);
#2121 = VERTEX_POINT('',#2122);
#2122 = CARTESIAN_POINT('',(-6.,75.4,4.));
#2123 = LINE('',#2124,#2125);
#2124 = CARTESIAN_POINT('',(-6.,75.4,4.));
#2125 = VECTOR('',#2126,1.);
#2126 = DIRECTION('',(0.,1.,0.));
#2127 = ORIENTED_EDGE('',*,*,#2128,.F.);
#2128 = EDGE_CURVE('',#2129,#2121,#2131,.T.);
#2129 = VERTEX_POINT('',#2130);
#2130 = CARTESIAN_POINT('',(-6.399999999999,75.,4.));
#2131 = CIRCLE('',#2132,0.4);
#2132 = AXIS2_PLACEMENT_3D('',#2133,#2134,#2135);
#2133 = CARTESIAN_POINT('',(-6.4,75.4,4.));
#2134 = DIRECTION('',(0.,0.,1.));
#2135 = DIRECTION('',(1.,0.,0.));
#2136 = ORIENTED_EDGE('',*,*,#2137,.F.);
#2137 = EDGE_CURVE('',#2138,#2129,#2140,.T.);
#2138 = VERTEX_POINT('',#2139);
#2139 = CARTESIAN_POINT('',(-14.4,75.,4.));
#2140 = LINE('',#2141,#2142);
#2141 = CARTESIAN_POINT('',(-14.4,75.,4.));
#2142 = VECTOR('',#2143,1.);
#2143 = DIRECTION('',(1.,0.,0.));
#2144 = ORIENTED_EDGE('',*,*,#2145,.F.);
#2145 = EDGE_CURVE('',#2087,#2138,#2146,.T.);
#2146 = CIRCLE('',#2147,0.4);
#2147 = AXIS2_PLACEMENT_3D('',#2148,#2149,#2150);
#2148 = CARTESIAN_POINT('',(-14.4,75.4,4.));
#2149 = DIRECTION('',(0.,0.,1.));
#2150 = DIRECTION('',(1.,0.,0.));
#2151 = FACE_BOUND('',#2152,.T.);
#2152 = EDGE_LOOP('',(#2153));
#2153 = ORIENTED_EDGE('',*,*,#2154,.F.);
#2154 = EDGE_CURVE('',#2155,#2155,#2157,.T.);
#2155 = VERTEX_POINT('',#2156);
#2156 = CARTESIAN_POINT('',(26.,0.,4.));
#2157 = CIRCLE('',#2158,1.5);
#2158 = AXIS2_PLACEMENT_3D('',#2159,#2160,#2161);
#2159 = CARTESIAN_POINT('',(24.5,0.,4.));
#2160 = DIRECTION('',(0.,0.,1.));
#2161 = DIRECTION('',(1.,0.,0.));
#2162 = FACE_BOUND('',#2163,.T.);
#2163 = EDGE_LOOP('',(#2164,#2174,#2183,#2191,#2200,#2208,#2217,#2225));
#2164 = ORIENTED_EDGE('',*,*,#2165,.F.);
#2165 = EDGE_CURVE('',#2166,#2168,#2170,.T.);
#2166 = VERTEX_POINT('',#2167);
#2167 = CARTESIAN_POINT('',(-35.,50.5,4.));
#2168 = VERTEX_POINT('',#2169);
#2169 = CARTESIAN_POINT('',(-35.,7.5,4.));
#2170 = LINE('',#2171,#2172);
#2171 = CARTESIAN_POINT('',(-35.,50.5,4.));
#2172 = VECTOR('',#2173,1.);
#2173 = DIRECTION('',(0.,-1.,0.));
#2174 = ORIENTED_EDGE('',*,*,#2175,.F.);
#2175 = EDGE_CURVE('',#2176,#2166,#2178,.T.);
#2176 = VERTEX_POINT('',#2177);
#2177 = CARTESIAN_POINT('',(-31.5,54.,4.));
#2178 = CIRCLE('',#2179,3.5);
#2179 = AXIS2_PLACEMENT_3D('',#2180,#2181,#2182);
#2180 = CARTESIAN_POINT('',(-31.5,50.5,4.));
#2181 = DIRECTION('',(0.,0.,1.));
#2182 = DIRECTION('',(1.,0.,0.));
#2183 = ORIENTED_EDGE('',*,*,#2184,.F.);
#2184 = EDGE_CURVE('',#2185,#2176,#2187,.T.);
#2185 = VERTEX_POINT('',#2186);
#2186 = CARTESIAN_POINT('',(31.5,54.,4.));
#2187 = LINE('',#2188,#2189);
#2188 = CARTESIAN_POINT('',(31.5,54.,4.));
#2189 = VECTOR('',#2190,1.);
#2190 = DIRECTION('',(-1.,0.,0.));
#2191 = ORIENTED_EDGE('',*,*,#2192,.F.);
#2192 = EDGE_CURVE('',#2193,#2185,#2195,.T.);
#2193 = VERTEX_POINT('',#2194);
#2194 = CARTESIAN_POINT('',(35.,50.5,4.));
#2195 = CIRCLE('',#2196,3.5);
#2196 = AXIS2_PLACEMENT_3D('',#2197,#2198,#2199);
#2197 = CARTESIAN_POINT('',(31.5,50.5,4.));
#2198 = DIRECTION('',(0.,0.,1.));
#2199 = DIRECTION('',(1.,0.,0.));
#2200 = ORIENTED_EDGE('',*,*,#2201,.F.);
#2201 = EDGE_CURVE('',#2202,#2193,#2204,.T.);
#2202 = VERTEX_POINT('',#2203);
#2203 = CARTESIAN_POINT('',(35.,7.5,4.));
#2204 = LINE('',#2205,#2206);
#2205 = CARTESIAN_POINT('',(35.,7.5,4.));
#2206 = VECTOR('',#2207,1.);
#2207 = DIRECTION('',(0.,1.,0.));
#2208 = ORIENTED_EDGE('',*,*,#2209,.F.);
#2209 = EDGE_CURVE('',#2210,#2202,#2212,.T.);
#2210 = VERTEX_POINT('',#2211);
#2211 = CARTESIAN_POINT('',(31.5,4.,4.));
#2212 = CIRCLE('',#2213,3.5);
#2213 = AXIS2_PLACEMENT_3D('',#2214,#2215,#2216);
#2214 = CARTESIAN_POINT('',(31.5,7.5,4.));
#2215 = DIRECTION('',(0.,0.,1.));
#2216 = DIRECTION('',(1.,0.,0.));
#2217 = ORIENTED_EDGE('',*,*,#2218,.F.);
#2218 = EDGE_CURVE('',#2219,#2210,#2221,.T.);
#2219 = VERTEX_POINT('',#2220);
#2220 = CARTESIAN_POINT('',(-31.5,4.,4.));
#2221 = LINE('',#2222,#2223);
#2222 = CARTESIAN_POINT('',(-31.5,4.,4.));
#2223 = VECTOR('',#2224,1.);
#2224 = DIRECTION('',(1.,0.,0.));
#2225 = ORIENTED_EDGE('',*,*,#2226,.F.);
#2226 = EDGE_CURVE('',#2168,#2219,#2227,.T.);
#2227 = CIRCLE('',#2228,3.5);
#2228 = AXIS2_PLACEMENT_3D('',#2229,#2230,#2231);
#2229 = CARTESIAN_POINT('',(-31.5,7.5,4.));
#2230 = DIRECTION('',(0.,0.,1.));
#2231 = DIRECTION('',(1.,0.,0.));
#2232 = FACE_BOUND('',#2233,.T.);
#2233 = EDGE_LOOP('',(#2234,#2244,#2253,#2261,#2270,#2278,#2287,#2295));
#2234 = ORIENTED_EDGE('',*,*,#2235,.F.);
#2235 = EDGE_CURVE('',#2236,#2238,#2240,.T.);
#2236 = VERTEX_POINT('',#2237);
#2237 = CARTESIAN_POINT('',(66.499999999998,29.5,4.));
#2238 = VERTEX_POINT('',#2239);
#2239 = CARTESIAN_POINT('',(46.499999999998,29.5,4.));
#2240 = LINE('',#2241,#2242);
#2241 = CARTESIAN_POINT('',(66.499999999998,29.5,4.));
#2242 = VECTOR('',#2243,1.);
#2243 = DIRECTION('',(-1.,0.,0.));
#2244 = ORIENTED_EDGE('',*,*,#2245,.F.);
#2245 = EDGE_CURVE('',#2246,#2236,#2248,.T.);
#2246 = VERTEX_POINT('',#2247);
#2247 = CARTESIAN_POINT('',(69.999999999999,25.999999999999,4.));
#2248 = CIRCLE('',#2249,3.5);
#2249 = AXIS2_PLACEMENT_3D('',#2250,#2251,#2252);
#2250 = CARTESIAN_POINT('',(66.499999999999,26.,4.));
#2251 = DIRECTION('',(0.,0.,1.));
#2252 = DIRECTION('',(1.,0.,0.));
#2253 = ORIENTED_EDGE('',*,*,#2254,.F.);
#2254 = EDGE_CURVE('',#2255,#2246,#2257,.T.);
#2255 = VERTEX_POINT('',#2256);
#2256 = CARTESIAN_POINT('',(69.999999999999,-25.99999999999,4.));
#2257 = LINE('',#2258,#2259);
#2258 = CARTESIAN_POINT('',(69.999999999999,-25.99999999999,4.));
#2259 = VECTOR('',#2260,1.);
#2260 = DIRECTION('',(0.,1.,0.));
#2261 = ORIENTED_EDGE('',*,*,#2262,.F.);
#2262 = EDGE_CURVE('',#2263,#2255,#2265,.T.);
#2263 = VERTEX_POINT('',#2264);
#2264 = CARTESIAN_POINT('',(66.499999999998,-29.5,4.));
#2265 = CIRCLE('',#2266,3.5);
#2266 = AXIS2_PLACEMENT_3D('',#2267,#2268,#2269);
#2267 = CARTESIAN_POINT('',(66.499999999999,-26.,4.));
#2268 = DIRECTION('',(0.,0.,1.));
#2269 = DIRECTION('',(1.,0.,0.));
#2270 = ORIENTED_EDGE('',*,*,#2271,.F.);
#2271 = EDGE_CURVE('',#2272,#2263,#2274,.T.);
#2272 = VERTEX_POINT('',#2273);
#2273 = CARTESIAN_POINT('',(46.499999999998,-29.5,4.));
#2274 = LINE('',#2275,#2276);
#2275 = CARTESIAN_POINT('',(46.499999999998,-29.5,4.));
#2276 = VECTOR('',#2277,1.);
#2277 = DIRECTION('',(1.,0.,0.));
#2278 = ORIENTED_EDGE('',*,*,#2279,.F.);
#2279 = EDGE_CURVE('',#2280,#2272,#2282,.T.);
#2280 = VERTEX_POINT('',#2281);
#2281 = CARTESIAN_POINT('',(42.999999999998,-26.,4.));
#2282 = CIRCLE('',#2283,3.5);
#2283 = AXIS2_PLACEMENT_3D('',#2284,#2285,#2286);
#2284 = CARTESIAN_POINT('',(46.499999999998,-26.,4.));
#2285 = DIRECTION('',(0.,0.,1.));
#2286 = DIRECTION('',(1.,0.,0.));
#2287 = ORIENTED_EDGE('',*,*,#2288,.F.);
#2288 = EDGE_CURVE('',#2289,#2280,#2291,.T.);
#2289 = VERTEX_POINT('',#2290);
#2290 = CARTESIAN_POINT('',(42.999999999998,26.,4.));
#2291 = LINE('',#2292,#2293);
#2292 = CARTESIAN_POINT('',(42.999999999998,26.,4.));
#2293 = VECTOR('',#2294,1.);
#2294 = DIRECTION('',(-2.732856676E-16,-1.,0.));
#2295 = ORIENTED_EDGE('',*,*,#2296,.F.);
#2296 = EDGE_CURVE('',#2238,#2289,#2297,.T.);
#2297 = CIRCLE('',#2298,3.5);
#2298 = AXIS2_PLACEMENT_3D('',#2299,#2300,#2301);
#2299 = CARTESIAN_POINT('',(46.499999999998,26.,4.));
#2300 = DIRECTION('',(0.,0.,1.));
#2301 = DIRECTION('',(1.,0.,0.));
#2302 = FACE_BOUND('',#2303,.T.);
#2303 = EDGE_LOOP('',(#2304));
#2304 = ORIENTED_EDGE('',*,*,#2305,.F.);
#2305 = EDGE_CURVE('',#2306,#2306,#2308,.T.);
#2306 = VERTEX_POINT('',#2307);
#2307 = CARTESIAN_POINT('',(26.,58.,4.));
#2308 = CIRCLE('',#2309,1.5);
#2309 = AXIS2_PLACEMENT_3D('',#2310,#2311,#2312);
#2310 = CARTESIAN_POINT('',(24.5,58.,4.));
#2311 = DIRECTION('',(0.,0.,1.));
#2312 = DIRECTION('',(1.,0.,0.));
#2313 = FACE_BOUND('',#2314,.T.);
#2314 = EDGE_LOOP('',(#2315,#2325,#2334,#2342,#2351,#2359,#2368,#2376));
#2315 = ORIENTED_EDGE('',*,*,#2316,.F.);
#2316 = EDGE_CURVE('',#2317,#2319,#2321,.T.);
#2317 = VERTEX_POINT('',#2318);
#2318 = CARTESIAN_POINT('',(6.,83.4,4.));
#2319 = VERTEX_POINT('',#2320);
#2320 = CARTESIAN_POINT('',(6.,75.4,4.));
#2321 = LINE('',#2322,#2323);
#2322 = CARTESIAN_POINT('',(6.,83.4,4.));
#2323 = VECTOR('',#2324,1.);
#2324 = DIRECTION('',(0.,-1.,0.));
#2325 = ORIENTED_EDGE('',*,*,#2326,.F.);
#2326 = EDGE_CURVE('',#2327,#2317,#2329,.T.);
#2327 = VERTEX_POINT('',#2328);
#2328 = CARTESIAN_POINT('',(6.4,83.8,4.));
#2329 = CIRCLE('',#2330,0.4);
#2330 = AXIS2_PLACEMENT_3D('',#2331,#2332,#2333);
#2331 = CARTESIAN_POINT('',(6.4,83.4,4.));
#2332 = DIRECTION('',(0.,0.,1.));
#2333 = DIRECTION('',(1.,0.,0.));
#2334 = ORIENTED_EDGE('',*,*,#2335,.F.);
#2335 = EDGE_CURVE('',#2336,#2327,#2338,.T.);
#2336 = VERTEX_POINT('',#2337);
#2337 = CARTESIAN_POINT('',(14.4,83.8,4.));
#2338 = LINE('',#2339,#2340);
#2339 = CARTESIAN_POINT('',(14.4,83.8,4.));
#2340 = VECTOR('',#2341,1.);
#2341 = DIRECTION('',(-1.,0.,0.));
#2342 = ORIENTED_EDGE('',*,*,#2343,.F.);
#2343 = EDGE_CURVE('',#2344,#2336,#2346,.T.);
#2344 = VERTEX_POINT('',#2345);
#2345 = CARTESIAN_POINT('',(14.8,83.4,4.));
#2346 = CIRCLE('',#2347,0.4);
#2347 = AXIS2_PLACEMENT_3D('',#2348,#2349,#2350);
#2348 = CARTESIAN_POINT('',(14.4,83.4,4.));
#2349 = DIRECTION('',(0.,0.,1.));
#2350 = DIRECTION('',(1.,0.,0.));
#2351 = ORIENTED_EDGE('',*,*,#2352,.F.);
#2352 = EDGE_CURVE('',#2353,#2344,#2355,.T.);
#2353 = VERTEX_POINT('',#2354);
#2354 = CARTESIAN_POINT('',(14.8,75.4,4.));
#2355 = LINE('',#2356,#2357);
#2356 = CARTESIAN_POINT('',(14.8,75.4,4.));
#2357 = VECTOR('',#2358,1.);
#2358 = DIRECTION('',(0.,1.,0.));
#2359 = ORIENTED_EDGE('',*,*,#2360,.F.);
#2360 = EDGE_CURVE('',#2361,#2353,#2363,.T.);
#2361 = VERTEX_POINT('',#2362);
#2362 = CARTESIAN_POINT('',(14.4,75.,4.));
#2363 = CIRCLE('',#2364,0.4);
#2364 = AXIS2_PLACEMENT_3D('',#2365,#2366,#2367);
#2365 = CARTESIAN_POINT('',(14.4,75.4,4.));
#2366 = DIRECTION('',(0.,0.,1.));
#2367 = DIRECTION('',(1.,0.,0.));
#2368 = ORIENTED_EDGE('',*,*,#2369,.F.);
#2369 = EDGE_CURVE('',#2370,#2361,#2372,.T.);
#2370 = VERTEX_POINT('',#2371);
#2371 = CARTESIAN_POINT('',(6.4,75.,4.));
#2372 = LINE('',#2373,#2374);
#2373 = CARTESIAN_POINT('',(6.4,75.,4.));
#2374 = VECTOR('',#2375,1.);
#2375 = DIRECTION('',(1.,0.,0.));
#2376 = ORIENTED_EDGE('',*,*,#2377,.F.);
#2377 = EDGE_CURVE('',#2319,#2370,#2378,.T.);
#2378 = CIRCLE('',#2379,0.4);
#2379 = AXIS2_PLACEMENT_3D('',#2380,#2381,#2382);
#2380 = CARTESIAN_POINT('',(6.4,75.4,4.));
#2381 = DIRECTION('',(0.,0.,1.));
#2382 = DIRECTION('',(1.,0.,0.));
#2383 = FACE_BOUND('',#2384,.T.);
#2384 = EDGE_LOOP('',(#2385));
#2385 = ORIENTED_EDGE('',*,*,#2386,.F.);
#2386 = EDGE_CURVE('',#2387,#2387,#2389,.T.);
#2387 = VERTEX_POINT('',#2388);
#2388 = CARTESIAN_POINT('',(37.75,80.,4.));
#2389 = CIRCLE('',#2390,2.75);
#2390 = AXIS2_PLACEMENT_3D('',#2391,#2392,#2393);
#2391 = CARTESIAN_POINT('',(35.,80.,4.));
#2392 = DIRECTION('',(0.,0.,1.));
#2393 = DIRECTION('',(1.,0.,0.));
#2394 = PLANE('',#2395);
#2395 = AXIS2_PLACEMENT_3D('',#2396,#2397,#2398);
#2396 = CARTESIAN_POINT('',(1.107737711408E-15,1.392327273551,4.));
#2397 = DIRECTION('',(0.,0.,1.));
#2398 = DIRECTION('',(1.,0.,0.));
#2399 = ADVANCED_FACE('',(#2400),#2411,.T.);
#2400 = FACE_BOUND('',#2401,.T.);
#2401 = EDGE_LOOP('',(#2402,#2408,#2409,#2410));
#2402 = ORIENTED_EDGE('',*,*,#2403,.T.);
#2403 = EDGE_CURVE('',#128,#1377,#2404,.T.);
#2404 = LINE('',#2405,#2406);
#2405 = CARTESIAN_POINT('',(-80.,-30.,0.));
#2406 = VECTOR('',#2407,1.);
#2407 = DIRECTION('',(0.,0.,1.));
#2408 = ORIENTED_EDGE('',*,*,#1376,.T.);
#2409 = ORIENTED_EDGE('',*,*,#71,.F.);
#2410 = ORIENTED_EDGE('',*,*,#127,.F.);
#2411 = PLANE('',#2412);
#2412 = AXIS2_PLACEMENT_3D('',#2413,#2414,#2415);
#2413 = CARTESIAN_POINT('',(-80.,-30.,0.));
#2414 = DIRECTION('',(-1.,0.,0.));
#2415 = DIRECTION('',(0.,1.,0.));
#2416 = ADVANCED_FACE('',(#2417),#2428,.T.);
#2417 = FACE_BOUND('',#2418,.T.);
#2418 = EDGE_LOOP('',(#2419,#2420,#2426,#2427));
#2419 = ORIENTED_EDGE('',*,*,#1707,.F.);
#2420 = ORIENTED_EDGE('',*,*,#2421,.T.);
#2421 = EDGE_CURVE('',#1700,#415,#2422,.T.);
#2422 = LINE('',#2423,#2424);
#2423 = CARTESIAN_POINT('',(-57.02370205355,43.193575034635,4.));
#2424 = VECTOR('',#2425,1.);
#2425 = DIRECTION('',(-0.,-0.,-1.));
#2426 = ORIENTED_EDGE('',*,*,#422,.F.);
#2427 = ORIENTED_EDGE('',*,*,#111,.F.);
#2428 = PLANE('',#2429);
#2429 = AXIS2_PLACEMENT_3D('',#2430,#2431,#2432);
#2430 = CARTESIAN_POINT('',(-57.02370205355,43.193575034635,4.));
#2431 = DIRECTION('',(0.5,0.866025403784,0.));
#2432 = DIRECTION('',(-0.866025403784,0.5,0.));
#2433 = ADVANCED_FACE('',(#2434),#2445,.T.);
#2434 = FACE_BOUND('',#2435,.F.);
#2435 = EDGE_LOOP('',(#2436,#2437,#2438,#2444));
#2436 = ORIENTED_EDGE('',*,*,#2403,.T.);
#2437 = ORIENTED_EDGE('',*,*,#1384,.T.);
#2438 = ORIENTED_EDGE('',*,*,#2439,.F.);
#2439 = EDGE_CURVE('',#136,#1385,#2440,.T.);
#2440 = LINE('',#2441,#2442);
#2441 = CARTESIAN_POINT('',(-78.,-33.46410161513,0.));
#2442 = VECTOR('',#2443,1.);
#2443 = DIRECTION('',(0.,0.,1.));
#2444 = ORIENTED_EDGE('',*,*,#135,.F.);
#2445 = CYLINDRICAL_SURFACE('',#2446,4.);
#2446 = AXIS2_PLACEMENT_3D('',#2447,#2448,#2449);
#2447 = CARTESIAN_POINT('',(-76.,-30.,0.));
#2448 = DIRECTION('',(-0.,-0.,-1.));
#2449 = DIRECTION('',(1.,0.,0.));
#2450 = ADVANCED_FACE('',(#2451),#2485,.T.);
#2451 = FACE_BOUND('',#2452,.T.);
#2452 = EDGE_LOOP('',(#2453,#2454,#2460,#2461,#2469,#2477,#2483,#2484));
#2453 = ORIENTED_EDGE('',*,*,#1699,.F.);
#2454 = ORIENTED_EDGE('',*,*,#2455,.T.);
#2455 = EDGE_CURVE('',#1692,#359,#2456,.T.);
#2456 = LINE('',#2457,#2458);
#2457 = CARTESIAN_POINT('',(-51.02824985839,43.427140818656,4.));
#2458 = VECTOR('',#2459,1.);
#2459 = DIRECTION('',(-0.,-0.,-1.));
#2460 = ORIENTED_EDGE('',*,*,#366,.F.);
#2461 = ORIENTED_EDGE('',*,*,#2462,.F.);
#2462 = EDGE_CURVE('',#2463,#367,#2465,.T.);
#2463 = VERTEX_POINT('',#2464);
#2464 = CARTESIAN_POINT('',(-52.46913228402,43.371008133002,1.6));
#2465 = LINE('',#2466,#2467);
#2466 = CARTESIAN_POINT('',(-52.46913228402,43.371008133002,2.));
#2467 = VECTOR('',#2468,1.);
#2468 = DIRECTION('',(0.,0.,-1.));
#2469 = ORIENTED_EDGE('',*,*,#2470,.F.);
#2470 = EDGE_CURVE('',#2471,#2463,#2473,.T.);
#2471 = VERTEX_POINT('',#2472);
#2472 = CARTESIAN_POINT('',(-55.11127357235,43.268077814919,1.6));
#2473 = LINE('',#2474,#2475);
#2474 = CARTESIAN_POINT('',(-31.57710652929,44.184902100684,1.6));
#2475 = VECTOR('',#2476,1.);
#2476 = DIRECTION('',(0.999242032528,3.892763067005E-02,0.));
#2477 = ORIENTED_EDGE('',*,*,#2478,.F.);
#2478 = EDGE_CURVE('',#407,#2471,#2479,.T.);
#2479 = LINE('',#2480,#2481);
#2480 = CARTESIAN_POINT('',(-55.11127357235,43.268077814919,2.));
#2481 = VECTOR('',#2482,1.);
#2482 = DIRECTION('',(0.,0.,1.));
#2483 = ORIENTED_EDGE('',*,*,#414,.F.);
#2484 = ORIENTED_EDGE('',*,*,#2421,.F.);
#2485 = PLANE('',#2486);
#2486 = AXIS2_PLACEMENT_3D('',#2487,#2488,#2489);
#2487 = CARTESIAN_POINT('',(-51.02824985839,43.427140818656,4.));
#2488 = DIRECTION('',(-3.892763067005E-02,0.999242032528,0.));
#2489 = DIRECTION('',(-0.999242032528,-3.892763067005E-02,0.));
#2490 = ADVANCED_FACE('',(#2491),#2502,.T.);
#2491 = FACE_BOUND('',#2492,.T.);
#2492 = EDGE_LOOP('',(#2493,#2499,#2500,#2501));
#2493 = ORIENTED_EDGE('',*,*,#2494,.T.);
#2494 = EDGE_CURVE('',#145,#1394,#2495,.T.);
#2495 = LINE('',#2496,#2497);
#2496 = CARTESIAN_POINT('',(-67.08587988004,-39.76537180436,0.));
#2497 = VECTOR('',#2498,1.);
#2498 = DIRECTION('',(0.,0.,1.));
#2499 = ORIENTED_EDGE('',*,*,#1393,.T.);
#2500 = ORIENTED_EDGE('',*,*,#2439,.F.);
#2501 = ORIENTED_EDGE('',*,*,#144,.F.);
#2502 = PLANE('',#2503);
#2503 = AXIS2_PLACEMENT_3D('',#2504,#2505,#2506);
#2504 = CARTESIAN_POINT('',(-67.08587988004,-39.76537180436,0.));
#2505 = DIRECTION('',(-0.5,-0.866025403784,0.));
#2506 = DIRECTION('',(-0.866025403784,0.5,0.));
#2507 = ADVANCED_FACE('',(#2508),#2526,.F.);
#2508 = FACE_BOUND('',#2509,.F.);
#2509 = EDGE_LOOP('',(#2510,#2511,#2519,#2525));
#2510 = ORIENTED_EDGE('',*,*,#406,.F.);
#2511 = ORIENTED_EDGE('',*,*,#2512,.T.);
#2512 = EDGE_CURVE('',#399,#2513,#2515,.T.);
#2513 = VERTEX_POINT('',#2514);
#2514 = CARTESIAN_POINT('',(-56.20888669444,41.18354044987,1.6));
#2515 = LINE('',#2516,#2517);
#2516 = CARTESIAN_POINT('',(-56.20888669444,41.18354044987,0.));
#2517 = VECTOR('',#2518,1.);
#2518 = DIRECTION('',(0.,0.,1.));
#2519 = ORIENTED_EDGE('',*,*,#2520,.T.);
#2520 = EDGE_CURVE('',#2513,#2471,#2521,.T.);
#2521 = LINE('',#2522,#2523);
#2522 = CARTESIAN_POINT('',(-56.20888669444,41.18354044987,1.6));
#2523 = VECTOR('',#2524,1.);
#2524 = DIRECTION('',(0.465908699195,0.884832800033,0.));
#2525 = ORIENTED_EDGE('',*,*,#2478,.F.);
#2526 = PLANE('',#2527);
#2527 = AXIS2_PLACEMENT_3D('',#2528,#2529,#2530);
#2528 = CARTESIAN_POINT('',(-56.20888669444,41.18354044987,0.));
#2529 = DIRECTION('',(-0.884832800033,0.465908699195,0.));
#2530 = DIRECTION('',(0.465908699195,0.884832800033,0.));
#2531 = ADVANCED_FACE('',(#2532),#2543,.T.);
#2532 = FACE_BOUND('',#2533,.T.);
#2533 = EDGE_LOOP('',(#2534,#2540,#2541,#2542));
#2534 = ORIENTED_EDGE('',*,*,#2535,.T.);
#2535 = EDGE_CURVE('',#153,#1402,#2536,.T.);
#2536 = LINE('',#2537,#2538);
#2537 = CARTESIAN_POINT('',(-33.46410161513,-98.,0.));
#2538 = VECTOR('',#2539,1.);
#2539 = DIRECTION('',(0.,0.,1.));
#2540 = ORIENTED_EDGE('',*,*,#1401,.T.);
#2541 = ORIENTED_EDGE('',*,*,#2494,.F.);
#2542 = ORIENTED_EDGE('',*,*,#152,.F.);
#2543 = PLANE('',#2544);
#2544 = AXIS2_PLACEMENT_3D('',#2545,#2546,#2547);
#2545 = CARTESIAN_POINT('',(-33.46410161513,-98.,0.));
#2546 = DIRECTION('',(-0.866025403784,-0.5,0.));
#2547 = DIRECTION('',(-0.5,0.866025403784,0.));
#2548 = ADVANCED_FACE('',(#2549),#2567,.F.);
#2549 = FACE_BOUND('',#2550,.F.);
#2550 = EDGE_LOOP('',(#2551,#2559,#2565,#2566));
#2551 = ORIENTED_EDGE('',*,*,#2552,.T.);
#2552 = EDGE_CURVE('',#391,#2553,#2555,.T.);
#2553 = VERTEX_POINT('',#2554);
#2554 = CARTESIAN_POINT('',(-54.8755533611,39.068777526462,1.6));
#2555 = LINE('',#2556,#2557);
#2556 = CARTESIAN_POINT('',(-54.8755533611,39.068777526462,0.));
#2557 = VECTOR('',#2558,1.);
#2558 = DIRECTION('',(0.,0.,1.));
#2559 = ORIENTED_EDGE('',*,*,#2560,.T.);
#2560 = EDGE_CURVE('',#2553,#2513,#2561,.T.);
#2561 = LINE('',#2562,#2563);
#2562 = CARTESIAN_POINT('',(-54.8755533611,39.068777526462,1.6));
#2563 = VECTOR('',#2564,1.);
#2564 = DIRECTION('',(-0.533333333333,0.845905169363,-0.));
#2565 = ORIENTED_EDGE('',*,*,#2512,.F.);
#2566 = ORIENTED_EDGE('',*,*,#398,.F.);
#2567 = PLANE('',#2568);
#2568 = AXIS2_PLACEMENT_3D('',#2569,#2570,#2571);
#2569 = CARTESIAN_POINT('',(-54.8755533611,39.068777526462,0.));
#2570 = DIRECTION('',(-0.845905169363,-0.533333333333,0.));
#2571 = DIRECTION('',(-0.533333333333,0.845905169363,0.));
#2572 = ADVANCED_FACE('',(#2573),#2584,.T.);
#2573 = FACE_BOUND('',#2574,.F.);
#2574 = EDGE_LOOP('',(#2575,#2576,#2577,#2583));
#2575 = ORIENTED_EDGE('',*,*,#2535,.T.);
#2576 = ORIENTED_EDGE('',*,*,#1409,.T.);
#2577 = ORIENTED_EDGE('',*,*,#2578,.F.);
#2578 = EDGE_CURVE('',#161,#1410,#2579,.T.);
#2579 = LINE('',#2580,#2581);
#2580 = CARTESIAN_POINT('',(-30.,-100.,0.));
#2581 = VECTOR('',#2582,1.);
#2582 = DIRECTION('',(0.,0.,1.));
#2583 = ORIENTED_EDGE('',*,*,#160,.F.);
#2584 = CYLINDRICAL_SURFACE('',#2585,4.);
#2585 = AXIS2_PLACEMENT_3D('',#2586,#2587,#2588);
#2586 = CARTESIAN_POINT('',(-30.,-96.,0.));
#2587 = DIRECTION('',(-0.,-0.,-1.));
#2588 = DIRECTION('',(1.,0.,0.));
#2589 = ADVANCED_FACE('',(#2590),#2608,.F.);
#2590 = FACE_BOUND('',#2591,.F.);
#2591 = EDGE_LOOP('',(#2592,#2600,#2606,#2607));
#2592 = ORIENTED_EDGE('',*,*,#2593,.T.);
#2593 = EDGE_CURVE('',#383,#2594,#2596,.T.);
#2594 = VERTEX_POINT('',#2595);
#2595 = CARTESIAN_POINT('',(-52.37744827978,39.166096603137,1.6));
#2596 = LINE('',#2597,#2598);
#2597 = CARTESIAN_POINT('',(-52.37744827978,39.166096603137,0.));
#2598 = VECTOR('',#2599,1.);
#2599 = DIRECTION('',(0.,0.,1.));
#2600 = ORIENTED_EDGE('',*,*,#2601,.T.);
#2601 = EDGE_CURVE('',#2594,#2553,#2602,.T.);
#2602 = LINE('',#2603,#2604);
#2603 = CARTESIAN_POINT('',(-52.37744827978,39.166096603137,1.6));
#2604 = VECTOR('',#2605,1.);
#2605 = DIRECTION('',(-0.999242032528,-3.892763067005E-02,0.));
#2606 = ORIENTED_EDGE('',*,*,#2552,.F.);
#2607 = ORIENTED_EDGE('',*,*,#390,.F.);
#2608 = PLANE('',#2609);
#2609 = AXIS2_PLACEMENT_3D('',#2610,#2611,#2612);
#2610 = CARTESIAN_POINT('',(-52.37744827978,39.166096603137,0.));
#2611 = DIRECTION('',(3.892763067005E-02,-0.999242032528,0.));
#2612 = DIRECTION('',(-0.999242032528,-3.892763067005E-02,0.));
#2613 = ADVANCED_FACE('',(#2614),#2705,.T.);
#2614 = FACE_BOUND('',#2615,.T.);
#2615 = EDGE_LOOP('',(#2616,#2617,#2623,#2624,#2632,#2640,#2649,#2657,
    #2663,#2664,#2672,#2680,#2689,#2697,#2703,#2704));
#2616 = ORIENTED_EDGE('',*,*,#169,.F.);
#2617 = ORIENTED_EDGE('',*,*,#2618,.T.);
#2618 = EDGE_CURVE('',#170,#1485,#2619,.T.);
#2619 = LINE('',#2620,#2621);
#2620 = CARTESIAN_POINT('',(30.,-100.,0.));
#2621 = VECTOR('',#2622,1.);
#2622 = DIRECTION('',(0.,0.,1.));
#2623 = ORIENTED_EDGE('',*,*,#1484,.T.);
#2624 = ORIENTED_EDGE('',*,*,#2625,.T.);
#2625 = EDGE_CURVE('',#1477,#2626,#2628,.T.);
#2626 = VERTEX_POINT('',#2627);
#2627 = CARTESIAN_POINT('',(28.5,-100.,2.));
#2628 = LINE('',#2629,#2630);
#2629 = CARTESIAN_POINT('',(28.5,-100.,2.));
#2630 = VECTOR('',#2631,1.);
#2631 = DIRECTION('',(-0.,-0.,-1.));
#2632 = ORIENTED_EDGE('',*,*,#2633,.T.);
#2633 = EDGE_CURVE('',#2626,#2634,#2636,.T.);
#2634 = VERTEX_POINT('',#2635);
#2635 = CARTESIAN_POINT('',(24.8,-100.,2.));
#2636 = LINE('',#2637,#2638);
#2637 = CARTESIAN_POINT('',(15.,-100.,2.));
#2638 = VECTOR('',#2639,1.);
#2639 = DIRECTION('',(-1.,0.,0.));
#2640 = ORIENTED_EDGE('',*,*,#2641,.F.);
#2641 = EDGE_CURVE('',#2642,#2634,#2644,.T.);
#2642 = VERTEX_POINT('',#2643);
#2643 = CARTESIAN_POINT('',(23.2,-100.,2.));
#2644 = CIRCLE('',#2645,0.8);
#2645 = AXIS2_PLACEMENT_3D('',#2646,#2647,#2648);
#2646 = CARTESIAN_POINT('',(24.,-100.,2.));
#2647 = DIRECTION('',(0.,-1.,2.22044604925E-16));
#2648 = DIRECTION('',(1.,0.,0.));
#2649 = ORIENTED_EDGE('',*,*,#2650,.T.);
#2650 = EDGE_CURVE('',#2642,#2651,#2653,.T.);
#2651 = VERTEX_POINT('',#2652);
#2652 = CARTESIAN_POINT('',(19.5,-100.,2.));
#2653 = LINE('',#2654,#2655);
#2654 = CARTESIAN_POINT('',(15.,-100.,2.));
#2655 = VECTOR('',#2656,1.);
#2656 = DIRECTION('',(-1.,0.,0.));
#2657 = ORIENTED_EDGE('',*,*,#2658,.F.);
#2658 = EDGE_CURVE('',#1452,#2651,#2659,.T.);
#2659 = LINE('',#2660,#2661);
#2660 = CARTESIAN_POINT('',(19.5,-100.,2.));
#2661 = VECTOR('',#2662,1.);
#2662 = DIRECTION('',(-0.,-0.,-1.));
#2663 = ORIENTED_EDGE('',*,*,#1451,.T.);
#2664 = ORIENTED_EDGE('',*,*,#2665,.T.);
#2665 = EDGE_CURVE('',#1444,#2666,#2668,.T.);
#2666 = VERTEX_POINT('',#2667);
#2667 = CARTESIAN_POINT('',(-19.5,-100.,2.));
#2668 = LINE('',#2669,#2670);
#2669 = CARTESIAN_POINT('',(-19.5,-100.,2.));
#2670 = VECTOR('',#2671,1.);
#2671 = DIRECTION('',(-0.,-0.,-1.));
#2672 = ORIENTED_EDGE('',*,*,#2673,.T.);
#2673 = EDGE_CURVE('',#2666,#2674,#2676,.T.);
#2674 = VERTEX_POINT('',#2675);
#2675 = CARTESIAN_POINT('',(-23.2,-100.,2.));
#2676 = LINE('',#2677,#2678);
#2677 = CARTESIAN_POINT('',(15.,-100.,2.));
#2678 = VECTOR('',#2679,1.);
#2679 = DIRECTION('',(-1.,0.,0.));
#2680 = ORIENTED_EDGE('',*,*,#2681,.F.);
#2681 = EDGE_CURVE('',#2682,#2674,#2684,.T.);
#2682 = VERTEX_POINT('',#2683);
#2683 = CARTESIAN_POINT('',(-24.8,-100.,2.));
#2684 = CIRCLE('',#2685,0.8);
#2685 = AXIS2_PLACEMENT_3D('',#2686,#2687,#2688);
#2686 = CARTESIAN_POINT('',(-24.,-100.,2.));
#2687 = DIRECTION('',(0.,-1.,2.22044604925E-16));
#2688 = DIRECTION('',(1.,0.,0.));
#2689 = ORIENTED_EDGE('',*,*,#2690,.T.);
#2690 = EDGE_CURVE('',#2682,#2691,#2693,.T.);
#2691 = VERTEX_POINT('',#2692);
#2692 = CARTESIAN_POINT('',(-28.5,-100.,2.));
#2693 = LINE('',#2694,#2695);
#2694 = CARTESIAN_POINT('',(15.,-100.,2.));
#2695 = VECTOR('',#2696,1.);
#2696 = DIRECTION('',(-1.,0.,0.));
#2697 = ORIENTED_EDGE('',*,*,#2698,.F.);
#2698 = EDGE_CURVE('',#1419,#2691,#2699,.T.);
#2699 = LINE('',#2700,#2701);
#2700 = CARTESIAN_POINT('',(-28.5,-100.,2.));
#2701 = VECTOR('',#2702,1.);
#2702 = DIRECTION('',(-0.,-0.,-1.));
#2703 = ORIENTED_EDGE('',*,*,#1418,.T.);
#2704 = ORIENTED_EDGE('',*,*,#2578,.F.);
#2705 = PLANE('',#2706);
#2706 = AXIS2_PLACEMENT_3D('',#2707,#2708,#2709);
#2707 = CARTESIAN_POINT('',(30.,-100.,0.));
#2708 = DIRECTION('',(0.,-1.,0.));
#2709 = DIRECTION('',(-1.,0.,0.));
#2710 = ADVANCED_FACE('',(#2711),#2729,.F.);
#2711 = FACE_BOUND('',#2712,.F.);
#2712 = EDGE_LOOP('',(#2713,#2721,#2727,#2728));
#2713 = ORIENTED_EDGE('',*,*,#2714,.T.);
#2714 = EDGE_CURVE('',#375,#2715,#2717,.T.);
#2715 = VERTEX_POINT('',#2716);
#2716 = CARTESIAN_POINT('',(-51.2126765318,41.37817860322,1.6));
#2717 = LINE('',#2718,#2719);
#2718 = CARTESIAN_POINT('',(-51.2126765318,41.37817860322,0.));
#2719 = VECTOR('',#2720,1.);
#2720 = DIRECTION('',(0.,0.,1.));
#2721 = ORIENTED_EDGE('',*,*,#2722,.T.);
#2722 = EDGE_CURVE('',#2715,#2594,#2723,.T.);
#2723 = LINE('',#2724,#2725);
#2724 = CARTESIAN_POINT('',(-51.2126765318,41.37817860322,1.6));
#2725 = VECTOR('',#2726,1.);
#2726 = DIRECTION('',(-0.465908699195,-0.884832800033,0.));
#2727 = ORIENTED_EDGE('',*,*,#2593,.F.);
#2728 = ORIENTED_EDGE('',*,*,#382,.F.);
#2729 = PLANE('',#2730);
#2730 = AXIS2_PLACEMENT_3D('',#2731,#2732,#2733);
#2731 = CARTESIAN_POINT('',(-51.2126765318,41.37817860322,0.));
#2732 = DIRECTION('',(0.884832800033,-0.465908699195,0.));
#2733 = DIRECTION('',(-0.465908699195,-0.884832800033,0.));
#2734 = ADVANCED_FACE('',(#2735),#2746,.T.);
#2735 = FACE_BOUND('',#2736,.F.);
#2736 = EDGE_LOOP('',(#2737,#2738,#2739,#2745));
#2737 = ORIENTED_EDGE('',*,*,#2618,.T.);
#2738 = ORIENTED_EDGE('',*,*,#1492,.T.);
#2739 = ORIENTED_EDGE('',*,*,#2740,.F.);
#2740 = EDGE_CURVE('',#178,#1493,#2741,.T.);
#2741 = LINE('',#2742,#2743);
#2742 = CARTESIAN_POINT('',(33.464101615138,-98.,0.));
#2743 = VECTOR('',#2744,1.);
#2744 = DIRECTION('',(0.,0.,1.));
#2745 = ORIENTED_EDGE('',*,*,#177,.F.);
#2746 = CYLINDRICAL_SURFACE('',#2747,4.);
#2747 = AXIS2_PLACEMENT_3D('',#2748,#2749,#2750);
#2748 = CARTESIAN_POINT('',(30.,-96.,0.));
#2749 = DIRECTION('',(-0.,-0.,-1.));
#2750 = DIRECTION('',(1.,0.,0.));
#2751 = ADVANCED_FACE('',(#2752),#2763,.F.);
#2752 = FACE_BOUND('',#2753,.F.);
#2753 = EDGE_LOOP('',(#2754,#2755,#2756,#2762));
#2754 = ORIENTED_EDGE('',*,*,#374,.F.);
#2755 = ORIENTED_EDGE('',*,*,#2462,.F.);
#2756 = ORIENTED_EDGE('',*,*,#2757,.T.);
#2757 = EDGE_CURVE('',#2463,#2715,#2758,.T.);
#2758 = LINE('',#2759,#2760);
#2759 = CARTESIAN_POINT('',(-52.54600986513,43.492941526629,1.6));
#2760 = VECTOR('',#2761,1.);
#2761 = DIRECTION('',(0.533333333333,-0.845905169363,0.));
#2762 = ORIENTED_EDGE('',*,*,#2714,.F.);
#2763 = PLANE('',#2764);
#2764 = AXIS2_PLACEMENT_3D('',#2765,#2766,#2767);
#2765 = CARTESIAN_POINT('',(-52.54600986513,43.492941526629,0.));
#2766 = DIRECTION('',(0.845905169363,0.533333333333,0.));
#2767 = DIRECTION('',(0.533333333333,-0.845905169363,0.));
#2768 = ADVANCED_FACE('',(#2769),#2780,.T.);
#2769 = FACE_BOUND('',#2770,.T.);
#2770 = EDGE_LOOP('',(#2771,#2777,#2778,#2779));
#2771 = ORIENTED_EDGE('',*,*,#2772,.T.);
#2772 = EDGE_CURVE('',#187,#1502,#2773,.T.);
#2773 = LINE('',#2774,#2775);
#2774 = CARTESIAN_POINT('',(67.085879880048,-39.76537180436,0.));
#2775 = VECTOR('',#2776,1.);
#2776 = DIRECTION('',(0.,0.,1.));
#2777 = ORIENTED_EDGE('',*,*,#1501,.T.);
#2778 = ORIENTED_EDGE('',*,*,#2740,.F.);
#2779 = ORIENTED_EDGE('',*,*,#186,.F.);
#2780 = PLANE('',#2781);
#2781 = AXIS2_PLACEMENT_3D('',#2782,#2783,#2784);
#2782 = CARTESIAN_POINT('',(67.085879880048,-39.76537180436,0.));
#2783 = DIRECTION('',(0.866025403784,-0.5,0.));
#2784 = DIRECTION('',(-0.5,-0.866025403784,0.));
#2785 = ADVANCED_FACE('',(#2786),#2797,.T.);
#2786 = FACE_BOUND('',#2787,.T.);
#2787 = EDGE_LOOP('',(#2788,#2794,#2795,#2796));
#2788 = ORIENTED_EDGE('',*,*,#2789,.T.);
#2789 = EDGE_CURVE('',#195,#1510,#2790,.T.);
#2790 = LINE('',#2791,#2792);
#2791 = CARTESIAN_POINT('',(78.,-33.46410161513,0.));
#2792 = VECTOR('',#2793,1.);
#2793 = DIRECTION('',(0.,0.,1.));
#2794 = ORIENTED_EDGE('',*,*,#1509,.T.);
#2795 = ORIENTED_EDGE('',*,*,#2772,.F.);
#2796 = ORIENTED_EDGE('',*,*,#194,.F.);
#2797 = PLANE('',#2798);
#2798 = AXIS2_PLACEMENT_3D('',#2799,#2800,#2801);
#2799 = CARTESIAN_POINT('',(78.,-33.46410161513,0.));
#2800 = DIRECTION('',(0.5,-0.866025403784,0.));
#2801 = DIRECTION('',(-0.866025403784,-0.5,0.));
#2802 = ADVANCED_FACE('',(#2803),#2814,.T.);
#2803 = FACE_BOUND('',#2804,.T.);
#2804 = EDGE_LOOP('',(#2805,#2806,#2812,#2813));
#2805 = ORIENTED_EDGE('',*,*,#1691,.F.);
#2806 = ORIENTED_EDGE('',*,*,#2807,.T.);
#2807 = EDGE_CURVE('',#1684,#351,#2808,.T.);
#2808 = LINE('',#2809,#2810);
#2809 = CARTESIAN_POINT('',(-44.96607203189,39.927140818656,4.));
#2810 = VECTOR('',#2811,1.);
#2811 = DIRECTION('',(-0.,-0.,-1.));
#2812 = ORIENTED_EDGE('',*,*,#358,.F.);
#2813 = ORIENTED_EDGE('',*,*,#2455,.F.);
#2814 = PLANE('',#2815);
#2815 = AXIS2_PLACEMENT_3D('',#2816,#2817,#2818);
#2816 = CARTESIAN_POINT('',(-44.96607203189,39.927140818656,4.));
#2817 = DIRECTION('',(0.5,0.866025403784,0.));
#2818 = DIRECTION('',(-0.866025403784,0.5,0.));
#2819 = ADVANCED_FACE('',(#2820),#2831,.T.);
#2820 = FACE_BOUND('',#2821,.F.);
#2821 = EDGE_LOOP('',(#2822,#2823,#2824,#2830));
#2822 = ORIENTED_EDGE('',*,*,#2789,.T.);
#2823 = ORIENTED_EDGE('',*,*,#1517,.T.);
#2824 = ORIENTED_EDGE('',*,*,#2825,.F.);
#2825 = EDGE_CURVE('',#203,#1518,#2826,.T.);
#2826 = LINE('',#2827,#2828);
#2827 = CARTESIAN_POINT('',(80.,-30.,0.));
#2828 = VECTOR('',#2829,1.);
#2829 = DIRECTION('',(0.,0.,1.));
#2830 = ORIENTED_EDGE('',*,*,#202,.F.);
#2831 = CYLINDRICAL_SURFACE('',#2832,4.);
#2832 = AXIS2_PLACEMENT_3D('',#2833,#2834,#2835);
#2833 = CARTESIAN_POINT('',(76.,-30.,0.));
#2834 = DIRECTION('',(-0.,-0.,-1.));
#2835 = DIRECTION('',(1.,0.,0.));
#2836 = ADVANCED_FACE('',(#2837),#2848,.T.);
#2837 = FACE_BOUND('',#2838,.T.);
#2838 = EDGE_LOOP('',(#2839,#2840,#2846,#2847));
#2839 = ORIENTED_EDGE('',*,*,#1683,.F.);
#2840 = ORIENTED_EDGE('',*,*,#2841,.T.);
#2841 = EDGE_CURVE('',#1676,#343,#2842,.T.);
#2842 = LINE('',#2843,#2844);
#2843 = CARTESIAN_POINT('',(-40.66607203189,47.374959291202,4.));
#2844 = VECTOR('',#2845,1.);
#2845 = DIRECTION('',(-0.,-0.,-1.));
#2846 = ORIENTED_EDGE('',*,*,#350,.F.);
#2847 = ORIENTED_EDGE('',*,*,#2807,.F.);
#2848 = PLANE('',#2849);
#2849 = AXIS2_PLACEMENT_3D('',#2850,#2851,#2852);
#2850 = CARTESIAN_POINT('',(-40.66607203189,47.374959291202,4.));
#2851 = DIRECTION('',(-0.866025403784,0.5,0.));
#2852 = DIRECTION('',(-0.5,-0.866025403784,0.));
#2853 = ADVANCED_FACE('',(#2854),#2865,.T.);
#2854 = FACE_BOUND('',#2855,.T.);
#2855 = EDGE_LOOP('',(#2856,#2862,#2863,#2864));
#2856 = ORIENTED_EDGE('',*,*,#2857,.T.);
#2857 = EDGE_CURVE('',#212,#1527,#2858,.T.);
#2858 = LINE('',#2859,#2860);
#2859 = CARTESIAN_POINT('',(80.,30.,0.));
#2860 = VECTOR('',#2861,1.);
#2861 = DIRECTION('',(0.,0.,1.));
#2862 = ORIENTED_EDGE('',*,*,#1526,.T.);
#2863 = ORIENTED_EDGE('',*,*,#2825,.F.);
#2864 = ORIENTED_EDGE('',*,*,#211,.F.);
#2865 = PLANE('',#2866);
#2866 = AXIS2_PLACEMENT_3D('',#2867,#2868,#2869);
#2867 = CARTESIAN_POINT('',(80.,30.,0.));
#2868 = DIRECTION('',(1.,0.,0.));
#2869 = DIRECTION('',(0.,-1.,0.));
#2870 = ADVANCED_FACE('',(#2871),#2882,.T.);
#2871 = FACE_BOUND('',#2872,.T.);
#2872 = EDGE_LOOP('',(#2873,#2874,#2880,#2881));
#2873 = ORIENTED_EDGE('',*,*,#1675,.F.);
#2874 = ORIENTED_EDGE('',*,*,#2875,.T.);
#2875 = EDGE_CURVE('',#1668,#335,#2876,.T.);
#2876 = LINE('',#2877,#2878);
#2877 = CARTESIAN_POINT('',(-46.72824985839,50.874959291202,4.));
#2878 = VECTOR('',#2879,1.);
#2879 = DIRECTION('',(-0.,-0.,-1.));
#2880 = ORIENTED_EDGE('',*,*,#342,.F.);
#2881 = ORIENTED_EDGE('',*,*,#2841,.F.);
#2882 = PLANE('',#2883);
#2883 = AXIS2_PLACEMENT_3D('',#2884,#2885,#2886);
#2884 = CARTESIAN_POINT('',(-46.72824985839,50.874959291202,4.));
#2885 = DIRECTION('',(-0.5,-0.866025403784,0.));
#2886 = DIRECTION('',(0.866025403784,-0.5,0.));
#2887 = ADVANCED_FACE('',(#2888),#2899,.T.);
#2888 = FACE_BOUND('',#2889,.F.);
#2889 = EDGE_LOOP('',(#2890,#2891,#2892,#2898));
#2890 = ORIENTED_EDGE('',*,*,#2857,.T.);
#2891 = ORIENTED_EDGE('',*,*,#1534,.T.);
#2892 = ORIENTED_EDGE('',*,*,#2893,.F.);
#2893 = EDGE_CURVE('',#220,#1535,#2894,.T.);
#2894 = LINE('',#2895,#2896);
#2895 = CARTESIAN_POINT('',(78.,33.464101615138,0.));
#2896 = VECTOR('',#2897,1.);
#2897 = DIRECTION('',(0.,0.,1.));
#2898 = ORIENTED_EDGE('',*,*,#219,.F.);
#2899 = CYLINDRICAL_SURFACE('',#2900,4.);
#2900 = AXIS2_PLACEMENT_3D('',#2901,#2902,#2903);
#2901 = CARTESIAN_POINT('',(76.,30.,0.));
#2902 = DIRECTION('',(-0.,-0.,-1.));
#2903 = DIRECTION('',(1.,0.,0.));
#2904 = ADVANCED_FACE('',(#2905),#2939,.T.);
#2905 = FACE_BOUND('',#2906,.T.);
#2906 = EDGE_LOOP('',(#2907,#2908,#2914,#2915,#2923,#2931,#2937,#2938));
#2907 = ORIENTED_EDGE('',*,*,#1667,.F.);
#2908 = ORIENTED_EDGE('',*,*,#2909,.T.);
#2909 = EDGE_CURVE('',#1660,#279,#2910,.T.);
#2910 = LINE('',#2911,#2912);
#2911 = CARTESIAN_POINT('',(-49.52370205355,56.183956091402,4.));
#2912 = VECTOR('',#2913,1.);
#2913 = DIRECTION('',(-0.,-0.,-1.));
#2914 = ORIENTED_EDGE('',*,*,#286,.F.);
#2915 = ORIENTED_EDGE('',*,*,#2916,.F.);
#2916 = EDGE_CURVE('',#2917,#287,#2919,.T.);
#2917 = VERTEX_POINT('',#2918);
#2918 = CARTESIAN_POINT('',(-48.63200911333,54.490493053614,1.6));
#2919 = LINE('',#2920,#2921);
#2920 = CARTESIAN_POINT('',(-48.63200911333,54.490493053614,2.));
#2921 = VECTOR('',#2922,1.);
#2922 = DIRECTION('',(0.,0.,-1.));
#2923 = ORIENTED_EDGE('',*,*,#2924,.F.);
#2924 = EDGE_CURVE('',#2925,#2917,#2927,.T.);
#2925 = VERTEX_POINT('',#2926);
#2926 = CARTESIAN_POINT('',(-47.40007873944,52.150866418496,1.6));
#2927 = LINE('',#2928,#2929);
#2928 = CARTESIAN_POINT('',(-36.31749425726,31.103321532699,1.6));
#2929 = VECTOR('',#2930,1.);
#2930 = DIRECTION('',(-0.465908699195,0.884832800033,0.));
#2931 = ORIENTED_EDGE('',*,*,#2932,.F.);
#2932 = EDGE_CURVE('',#327,#2925,#2933,.T.);
#2933 = LINE('',#2934,#2935);
#2934 = CARTESIAN_POINT('',(-47.40007873944,52.150866418496,2.));
#2935 = VECTOR('',#2936,1.);
#2936 = DIRECTION('',(0.,0.,1.));
#2937 = ORIENTED_EDGE('',*,*,#334,.F.);
#2938 = ORIENTED_EDGE('',*,*,#2875,.F.);
#2939 = PLANE('',#2940);
#2940 = AXIS2_PLACEMENT_3D('',#2941,#2942,#2943);
#2941 = CARTESIAN_POINT('',(-49.52370205355,56.183956091402,4.));
#2942 = DIRECTION('',(-0.884832800033,-0.465908699195,0.));
#2943 = DIRECTION('',(0.465908699195,-0.884832800033,0.));
#2944 = ADVANCED_FACE('',(#2945),#2956,.T.);
#2945 = FACE_BOUND('',#2946,.T.);
#2946 = EDGE_LOOP('',(#2947,#2953,#2954,#2955));
#2947 = ORIENTED_EDGE('',*,*,#2948,.T.);
#2948 = EDGE_CURVE('',#229,#1544,#2949,.T.);
#2949 = LINE('',#2950,#2951);
#2950 = CARTESIAN_POINT('',(67.085879880048,39.76537180436,0.));
#2951 = VECTOR('',#2952,1.);
#2952 = DIRECTION('',(0.,0.,1.));
#2953 = ORIENTED_EDGE('',*,*,#1543,.T.);
#2954 = ORIENTED_EDGE('',*,*,#2893,.F.);
#2955 = ORIENTED_EDGE('',*,*,#228,.F.);
#2956 = PLANE('',#2957);
#2957 = AXIS2_PLACEMENT_3D('',#2958,#2959,#2960);
#2958 = CARTESIAN_POINT('',(67.085879880048,39.76537180436,0.));
#2959 = DIRECTION('',(0.5,0.866025403784,0.));
#2960 = DIRECTION('',(0.866025403784,-0.5,0.));
#2961 = ADVANCED_FACE('',(#2962),#2980,.F.);
#2962 = FACE_BOUND('',#2963,.F.);
#2963 = EDGE_LOOP('',(#2964,#2965,#2973,#2979));
#2964 = ORIENTED_EDGE('',*,*,#326,.F.);
#2965 = ORIENTED_EDGE('',*,*,#2966,.T.);
#2966 = EDGE_CURVE('',#319,#2967,#2969,.T.);
#2967 = VERTEX_POINT('',#2968);
#2968 = CARTESIAN_POINT('',(-45.04600986513,52.059158583228,1.6));
#2969 = LINE('',#2970,#2971);
#2970 = CARTESIAN_POINT('',(-45.04600986513,52.059158583228,0.));
#2971 = VECTOR('',#2972,1.);
#2972 = DIRECTION('',(0.,0.,1.));
#2973 = ORIENTED_EDGE('',*,*,#2974,.T.);
#2974 = EDGE_CURVE('',#2967,#2925,#2975,.T.);
#2975 = LINE('',#2976,#2977);
#2976 = CARTESIAN_POINT('',(-45.04600986513,52.059158583228,1.6));
#2977 = VECTOR('',#2978,1.);
#2978 = DIRECTION('',(-0.999242032528,3.892763067005E-02,-0.));
#2979 = ORIENTED_EDGE('',*,*,#2932,.F.);
#2980 = PLANE('',#2981);
#2981 = AXIS2_PLACEMENT_3D('',#2982,#2983,#2984);
#2982 = CARTESIAN_POINT('',(-45.04600986513,52.059158583228,0.));
#2983 = DIRECTION('',(-3.892763067005E-02,-0.999242032528,0.));
#2984 = DIRECTION('',(-0.999242032528,3.892763067005E-02,0.));
#2985 = ADVANCED_FACE('',(#2986),#2997,.T.);
#2986 = FACE_BOUND('',#2987,.T.);
#2987 = EDGE_LOOP('',(#2988,#2994,#2995,#2996));
#2988 = ORIENTED_EDGE('',*,*,#2989,.T.);
#2989 = EDGE_CURVE('',#237,#1552,#2990,.T.);
#2990 = LINE('',#2991,#2992);
#2991 = CARTESIAN_POINT('',(33.464101615138,98.,0.));
#2992 = VECTOR('',#2993,1.);
#2993 = DIRECTION('',(0.,0.,1.));
#2994 = ORIENTED_EDGE('',*,*,#1551,.T.);
#2995 = ORIENTED_EDGE('',*,*,#2948,.F.);
#2996 = ORIENTED_EDGE('',*,*,#236,.F.);
#2997 = PLANE('',#2998);
#2998 = AXIS2_PLACEMENT_3D('',#2999,#3000,#3001);
#2999 = CARTESIAN_POINT('',(33.464101615138,98.,0.));
#3000 = DIRECTION('',(0.866025403784,0.5,0.));
#3001 = DIRECTION('',(0.5,-0.866025403784,0.));
#3002 = ADVANCED_FACE('',(#3003),#3021,.F.);
#3003 = FACE_BOUND('',#3004,.F.);
#3004 = EDGE_LOOP('',(#3005,#3013,#3019,#3020));
#3005 = ORIENTED_EDGE('',*,*,#3006,.T.);
#3006 = EDGE_CURVE('',#311,#3007,#3009,.T.);
#3007 = VERTEX_POINT('',#3008);
#3008 = CARTESIAN_POINT('',(-43.7126765318,54.173921506637,1.6));
#3009 = LINE('',#3010,#3011);
#3010 = CARTESIAN_POINT('',(-43.7126765318,54.173921506637,0.));
#3011 = VECTOR('',#3012,1.);
#3012 = DIRECTION('',(0.,0.,1.));
#3013 = ORIENTED_EDGE('',*,*,#3014,.T.);
#3014 = EDGE_CURVE('',#3007,#2967,#3015,.T.);
#3015 = LINE('',#3016,#3017);
#3016 = CARTESIAN_POINT('',(-43.7126765318,54.173921506637,1.6));
#3017 = VECTOR('',#3018,1.);
#3018 = DIRECTION('',(-0.533333333333,-0.845905169363,0.));
#3019 = ORIENTED_EDGE('',*,*,#2966,.F.);
#3020 = ORIENTED_EDGE('',*,*,#318,.F.);
#3021 = PLANE('',#3022);
#3022 = AXIS2_PLACEMENT_3D('',#3023,#3024,#3025);
#3023 = CARTESIAN_POINT('',(-43.7126765318,54.173921506637,0.));
#3024 = DIRECTION('',(0.845905169363,-0.533333333333,0.));
#3025 = DIRECTION('',(-0.533333333333,-0.845905169363,0.));
#3026 = ADVANCED_FACE('',(#3027),#3038,.T.);
#3027 = FACE_BOUND('',#3028,.F.);
#3028 = EDGE_LOOP('',(#3029,#3030,#3031,#3037));
#3029 = ORIENTED_EDGE('',*,*,#2989,.T.);
#3030 = ORIENTED_EDGE('',*,*,#1559,.T.);
#3031 = ORIENTED_EDGE('',*,*,#3032,.F.);
#3032 = EDGE_CURVE('',#245,#1560,#3033,.T.);
#3033 = LINE('',#3034,#3035);
#3034 = CARTESIAN_POINT('',(30.,100.,0.));
#3035 = VECTOR('',#3036,1.);
#3036 = DIRECTION('',(0.,0.,1.));
#3037 = ORIENTED_EDGE('',*,*,#244,.F.);
#3038 = CYLINDRICAL_SURFACE('',#3039,4.);
#3039 = AXIS2_PLACEMENT_3D('',#3040,#3041,#3042);
#3040 = CARTESIAN_POINT('',(30.,96.,0.));
#3041 = DIRECTION('',(-0.,-0.,-1.));
#3042 = DIRECTION('',(1.,0.,0.));
#3043 = ADVANCED_FACE('',(#3044),#3062,.F.);
#3044 = FACE_BOUND('',#3045,.F.);
#3045 = EDGE_LOOP('',(#3046,#3054,#3060,#3061));
#3046 = ORIENTED_EDGE('',*,*,#3047,.T.);
#3047 = EDGE_CURVE('',#303,#3048,#3050,.T.);
#3048 = VERTEX_POINT('',#3049);
#3049 = CARTESIAN_POINT('',(-44.87744827978,56.38600350672,1.6));
#3050 = LINE('',#3051,#3052);
#3051 = CARTESIAN_POINT('',(-44.87744827978,56.38600350672,0.));
#3052 = VECTOR('',#3053,1.);
#3053 = DIRECTION('',(0.,0.,1.));
#3054 = ORIENTED_EDGE('',*,*,#3055,.T.);
#3055 = EDGE_CURVE('',#3048,#3007,#3056,.T.);
#3056 = LINE('',#3057,#3058);
#3057 = CARTESIAN_POINT('',(-44.87744827978,56.38600350672,1.6));
#3058 = VECTOR('',#3059,1.);
#3059 = DIRECTION('',(0.465908699195,-0.884832800033,0.));
#3060 = ORIENTED_EDGE('',*,*,#3006,.F.);
#3061 = ORIENTED_EDGE('',*,*,#310,.F.);
#3062 = PLANE('',#3063);
#3063 = AXIS2_PLACEMENT_3D('',#3064,#3065,#3066);
#3064 = CARTESIAN_POINT('',(-44.87744827978,56.38600350672,0.));
#3065 = DIRECTION('',(0.884832800033,0.465908699195,0.));
#3066 = DIRECTION('',(0.465908699195,-0.884832800033,0.));
#3067 = ADVANCED_FACE('',(#3068),#3159,.T.);
#3068 = FACE_BOUND('',#3069,.T.);
#3069 = EDGE_LOOP('',(#3070,#3071,#3077,#3078,#3086,#3094,#3103,#3111,
    #3117,#3118,#3126,#3134,#3143,#3151,#3157,#3158));
#3070 = ORIENTED_EDGE('',*,*,#253,.F.);
#3071 = ORIENTED_EDGE('',*,*,#3072,.T.);
#3072 = EDGE_CURVE('',#254,#1635,#3073,.T.);
#3073 = LINE('',#3074,#3075);
#3074 = CARTESIAN_POINT('',(-30.,100.,0.));
#3075 = VECTOR('',#3076,1.);
#3076 = DIRECTION('',(0.,0.,1.));
#3077 = ORIENTED_EDGE('',*,*,#1634,.T.);
#3078 = ORIENTED_EDGE('',*,*,#3079,.F.);
#3079 = EDGE_CURVE('',#3080,#1627,#3082,.T.);
#3080 = VERTEX_POINT('',#3081);
#3081 = CARTESIAN_POINT('',(-25.5,100.,2.));
#3082 = LINE('',#3083,#3084);
#3083 = CARTESIAN_POINT('',(-25.5,100.,2.));
#3084 = VECTOR('',#3085,1.);
#3085 = DIRECTION('',(0.,0.,1.));
#3086 = ORIENTED_EDGE('',*,*,#3087,.T.);
#3087 = EDGE_CURVE('',#3080,#3088,#3090,.T.);
#3088 = VERTEX_POINT('',#3089);
#3089 = CARTESIAN_POINT('',(-21.8,100.,2.));
#3090 = LINE('',#3091,#3092);
#3091 = CARTESIAN_POINT('',(-15.,100.,2.));
#3092 = VECTOR('',#3093,1.);
#3093 = DIRECTION('',(1.,0.,0.));
#3094 = ORIENTED_EDGE('',*,*,#3095,.F.);
#3095 = EDGE_CURVE('',#3096,#3088,#3098,.T.);
#3096 = VERTEX_POINT('',#3097);
#3097 = CARTESIAN_POINT('',(-20.2,100.,2.));
#3098 = CIRCLE('',#3099,0.8);
#3099 = AXIS2_PLACEMENT_3D('',#3100,#3101,#3102);
#3100 = CARTESIAN_POINT('',(-21.,100.,2.));
#3101 = DIRECTION('',(0.,1.,-2.22044604925E-16));
#3102 = DIRECTION('',(-1.,0.,0.));
#3103 = ORIENTED_EDGE('',*,*,#3104,.T.);
#3104 = EDGE_CURVE('',#3096,#3105,#3107,.T.);
#3105 = VERTEX_POINT('',#3106);
#3106 = CARTESIAN_POINT('',(-16.5,100.,2.));
#3107 = LINE('',#3108,#3109);
#3108 = CARTESIAN_POINT('',(-15.,100.,2.));
#3109 = VECTOR('',#3110,1.);
#3110 = DIRECTION('',(1.,0.,0.));
#3111 = ORIENTED_EDGE('',*,*,#3112,.T.);
#3112 = EDGE_CURVE('',#3105,#1602,#3113,.T.);
#3113 = LINE('',#3114,#3115);
#3114 = CARTESIAN_POINT('',(-16.5,100.,2.));
#3115 = VECTOR('',#3116,1.);
#3116 = DIRECTION('',(0.,0.,1.));
#3117 = ORIENTED_EDGE('',*,*,#1601,.T.);
#3118 = ORIENTED_EDGE('',*,*,#3119,.F.);
#3119 = EDGE_CURVE('',#3120,#1594,#3122,.T.);
#3120 = VERTEX_POINT('',#3121);
#3121 = CARTESIAN_POINT('',(16.5,100.,2.));
#3122 = LINE('',#3123,#3124);
#3123 = CARTESIAN_POINT('',(16.5,100.,2.));
#3124 = VECTOR('',#3125,1.);
#3125 = DIRECTION('',(0.,0.,1.));
#3126 = ORIENTED_EDGE('',*,*,#3127,.T.);
#3127 = EDGE_CURVE('',#3120,#3128,#3130,.T.);
#3128 = VERTEX_POINT('',#3129);
#3129 = CARTESIAN_POINT('',(20.2,100.,2.));
#3130 = LINE('',#3131,#3132);
#3131 = CARTESIAN_POINT('',(-15.,100.,2.));
#3132 = VECTOR('',#3133,1.);
#3133 = DIRECTION('',(1.,0.,0.));
#3134 = ORIENTED_EDGE('',*,*,#3135,.F.);
#3135 = EDGE_CURVE('',#3136,#3128,#3138,.T.);
#3136 = VERTEX_POINT('',#3137);
#3137 = CARTESIAN_POINT('',(21.8,100.,2.));
#3138 = CIRCLE('',#3139,0.8);
#3139 = AXIS2_PLACEMENT_3D('',#3140,#3141,#3142);
#3140 = CARTESIAN_POINT('',(21.,100.,2.));
#3141 = DIRECTION('',(0.,1.,-2.22044604925E-16));
#3142 = DIRECTION('',(-1.,0.,0.));
#3143 = ORIENTED_EDGE('',*,*,#3144,.T.);
#3144 = EDGE_CURVE('',#3136,#3145,#3147,.T.);
#3145 = VERTEX_POINT('',#3146);
#3146 = CARTESIAN_POINT('',(25.5,100.,2.));
#3147 = LINE('',#3148,#3149);
#3148 = CARTESIAN_POINT('',(-15.,100.,2.));
#3149 = VECTOR('',#3150,1.);
#3150 = DIRECTION('',(1.,0.,0.));
#3151 = ORIENTED_EDGE('',*,*,#3152,.T.);
#3152 = EDGE_CURVE('',#3145,#1569,#3153,.T.);
#3153 = LINE('',#3154,#3155);
#3154 = CARTESIAN_POINT('',(25.5,100.,2.));
#3155 = VECTOR('',#3156,1.);
#3156 = DIRECTION('',(0.,0.,1.));
#3157 = ORIENTED_EDGE('',*,*,#1568,.T.);
#3158 = ORIENTED_EDGE('',*,*,#3032,.F.);
#3159 = PLANE('',#3160);
#3160 = AXIS2_PLACEMENT_3D('',#3161,#3162,#3163);
#3161 = CARTESIAN_POINT('',(-30.,100.,0.));
#3162 = DIRECTION('',(0.,1.,0.));
#3163 = DIRECTION('',(1.,0.,0.));
#3164 = ADVANCED_FACE('',(#3165),#3183,.F.);
#3165 = FACE_BOUND('',#3166,.F.);
#3166 = EDGE_LOOP('',(#3167,#3175,#3181,#3182));
#3167 = ORIENTED_EDGE('',*,*,#3168,.T.);
#3168 = EDGE_CURVE('',#295,#3169,#3171,.T.);
#3169 = VERTEX_POINT('',#3170);
#3170 = CARTESIAN_POINT('',(-47.3755533611,56.483322583395,1.6));
#3171 = LINE('',#3172,#3173);
#3172 = CARTESIAN_POINT('',(-47.3755533611,56.483322583395,0.));
#3173 = VECTOR('',#3174,1.);
#3174 = DIRECTION('',(0.,0.,1.));
#3175 = ORIENTED_EDGE('',*,*,#3176,.T.);
#3176 = EDGE_CURVE('',#3169,#3048,#3177,.T.);
#3177 = LINE('',#3178,#3179);
#3178 = CARTESIAN_POINT('',(-47.3755533611,56.483322583395,1.6));
#3179 = VECTOR('',#3180,1.);
#3180 = DIRECTION('',(0.999242032528,-3.892763067006E-02,0.));
#3181 = ORIENTED_EDGE('',*,*,#3047,.F.);
#3182 = ORIENTED_EDGE('',*,*,#302,.F.);
#3183 = PLANE('',#3184);
#3184 = AXIS2_PLACEMENT_3D('',#3185,#3186,#3187);
#3185 = CARTESIAN_POINT('',(-47.3755533611,56.483322583395,0.));
#3186 = DIRECTION('',(3.892763067006E-02,0.999242032528,0.));
#3187 = DIRECTION('',(0.999242032528,-3.892763067006E-02,0.));
#3188 = ADVANCED_FACE('',(#3189),#3200,.T.);
#3189 = FACE_BOUND('',#3190,.F.);
#3190 = EDGE_LOOP('',(#3191,#3192,#3193,#3199));
#3191 = ORIENTED_EDGE('',*,*,#3072,.T.);
#3192 = ORIENTED_EDGE('',*,*,#1642,.T.);
#3193 = ORIENTED_EDGE('',*,*,#3194,.F.);
#3194 = EDGE_CURVE('',#262,#1643,#3195,.T.);
#3195 = LINE('',#3196,#3197);
#3196 = CARTESIAN_POINT('',(-33.46410161513,98.,0.));
#3197 = VECTOR('',#3198,1.);
#3198 = DIRECTION('',(0.,0.,1.));
#3199 = ORIENTED_EDGE('',*,*,#261,.F.);
#3200 = CYLINDRICAL_SURFACE('',#3201,4.);
#3201 = AXIS2_PLACEMENT_3D('',#3202,#3203,#3204);
#3202 = CARTESIAN_POINT('',(-30.,96.,0.));
#3203 = DIRECTION('',(-0.,-0.,-1.));
#3204 = DIRECTION('',(1.,0.,0.));
#3205 = ADVANCED_FACE('',(#3206),#3217,.F.);
#3206 = FACE_BOUND('',#3207,.F.);
#3207 = EDGE_LOOP('',(#3208,#3209,#3210,#3216));
#3208 = ORIENTED_EDGE('',*,*,#294,.F.);
#3209 = ORIENTED_EDGE('',*,*,#2916,.F.);
#3210 = ORIENTED_EDGE('',*,*,#3211,.T.);
#3211 = EDGE_CURVE('',#2917,#3169,#3212,.T.);
#3212 = LINE('',#3213,#3214);
#3213 = CARTESIAN_POINT('',(-48.70888669444,54.368559659987,1.6));
#3214 = VECTOR('',#3215,1.);
#3215 = DIRECTION('',(0.533333333333,0.845905169363,0.));
#3216 = ORIENTED_EDGE('',*,*,#3168,.F.);
#3217 = PLANE('',#3218);
#3218 = AXIS2_PLACEMENT_3D('',#3219,#3220,#3221);
#3219 = CARTESIAN_POINT('',(-48.70888669444,54.368559659987,0.));
#3220 = DIRECTION('',(-0.845905169363,0.533333333333,0.));
#3221 = DIRECTION('',(0.533333333333,0.845905169363,0.));
#3222 = ADVANCED_FACE('',(#3223),#3234,.T.);
#3223 = FACE_BOUND('',#3224,.T.);
#3224 = EDGE_LOOP('',(#3225,#3226,#3232,#3233));
#3225 = ORIENTED_EDGE('',*,*,#270,.F.);
#3226 = ORIENTED_EDGE('',*,*,#3227,.F.);
#3227 = EDGE_CURVE('',#1652,#271,#3228,.T.);
#3228 = LINE('',#3229,#3230);
#3229 = CARTESIAN_POINT('',(-55.58587988004,59.683956091402,4.));
#3230 = VECTOR('',#3231,1.);
#3231 = DIRECTION('',(-0.,-0.,-1.));
#3232 = ORIENTED_EDGE('',*,*,#1651,.T.);
#3233 = ORIENTED_EDGE('',*,*,#3194,.F.);
#3234 = PLANE('',#3235);
#3235 = AXIS2_PLACEMENT_3D('',#3236,#3237,#3238);
#3236 = CARTESIAN_POINT('',(-67.08587988004,39.76537180436,0.));
#3237 = DIRECTION('',(-0.866025403784,0.5,0.));
#3238 = DIRECTION('',(0.5,0.866025403784,0.));
#3239 = ADVANCED_FACE('',(#3240),#3246,.T.);
#3240 = FACE_BOUND('',#3241,.T.);
#3241 = EDGE_LOOP('',(#3242,#3243,#3244,#3245));
#3242 = ORIENTED_EDGE('',*,*,#1659,.F.);
#3243 = ORIENTED_EDGE('',*,*,#3227,.T.);
#3244 = ORIENTED_EDGE('',*,*,#278,.F.);
#3245 = ORIENTED_EDGE('',*,*,#2909,.F.);
#3246 = PLANE('',#3247);
#3247 = AXIS2_PLACEMENT_3D('',#3248,#3249,#3250);
#3248 = CARTESIAN_POINT('',(-55.58587988004,59.683956091402,4.));
#3249 = DIRECTION('',(-0.5,-0.866025403784,0.));
#3250 = DIRECTION('',(0.866025403784,-0.5,0.));
#3251 = ADVANCED_FACE('',(#3252),#3268,.F.);
#3252 = FACE_BOUND('',#3253,.F.);
#3253 = EDGE_LOOP('',(#3254,#3255,#3261,#3262));
#3254 = ORIENTED_EDGE('',*,*,#1777,.F.);
#3255 = ORIENTED_EDGE('',*,*,#3256,.T.);
#3256 = EDGE_CURVE('',#1719,#432,#3257,.T.);
#3257 = LINE('',#3258,#3259);
#3258 = CARTESIAN_POINT('',(-50.,-60.,4.));
#3259 = VECTOR('',#3260,1.);
#3260 = DIRECTION('',(-0.,-0.,-1.));
#3261 = ORIENTED_EDGE('',*,*,#431,.T.);
#3262 = ORIENTED_EDGE('',*,*,#3263,.F.);
#3263 = EDGE_CURVE('',#1770,#434,#3264,.T.);
#3264 = LINE('',#3265,#3266);
#3265 = CARTESIAN_POINT('',(-46.5,-63.5,4.));
#3266 = VECTOR('',#3267,1.);
#3267 = DIRECTION('',(-0.,-0.,-1.));
#3268 = CYLINDRICAL_SURFACE('',#3269,3.5);
#3269 = AXIS2_PLACEMENT_3D('',#3270,#3271,#3272);
#3270 = CARTESIAN_POINT('',(-46.5,-60.,4.));
#3271 = DIRECTION('',(0.,0.,1.));
#3272 = DIRECTION('',(1.,0.,0.));
#3273 = ADVANCED_FACE('',(#3274),#3285,.F.);
#3274 = FACE_BOUND('',#3275,.F.);
#3275 = EDGE_LOOP('',(#3276,#3277,#3283,#3284));
#3276 = ORIENTED_EDGE('',*,*,#1716,.F.);
#3277 = ORIENTED_EDGE('',*,*,#3278,.T.);
#3278 = EDGE_CURVE('',#1717,#443,#3279,.T.);
#3279 = LINE('',#3280,#3281);
#3280 = CARTESIAN_POINT('',(-50.,-40.,4.));
#3281 = VECTOR('',#3282,1.);
#3282 = DIRECTION('',(-0.,-0.,-1.));
#3283 = ORIENTED_EDGE('',*,*,#442,.F.);
#3284 = ORIENTED_EDGE('',*,*,#3256,.F.);
#3285 = PLANE('',#3286);
#3286 = AXIS2_PLACEMENT_3D('',#3287,#3288,#3289);
#3287 = CARTESIAN_POINT('',(-50.,-40.,4.));
#3288 = DIRECTION('',(-1.,0.,0.));
#3289 = DIRECTION('',(0.,-1.,0.));
#3290 = ADVANCED_FACE('',(#3291),#3302,.F.);
#3291 = FACE_BOUND('',#3292,.F.);
#3292 = EDGE_LOOP('',(#3293,#3294,#3295,#3296));
#3293 = ORIENTED_EDGE('',*,*,#1769,.F.);
#3294 = ORIENTED_EDGE('',*,*,#3263,.T.);
#3295 = ORIENTED_EDGE('',*,*,#493,.F.);
#3296 = ORIENTED_EDGE('',*,*,#3297,.F.);
#3297 = EDGE_CURVE('',#1761,#485,#3298,.T.);
#3298 = LINE('',#3299,#3300);
#3299 = CARTESIAN_POINT('',(-31.5,-63.5,4.));
#3300 = VECTOR('',#3301,1.);
#3301 = DIRECTION('',(-0.,-0.,-1.));
#3302 = PLANE('',#3303);
#3303 = AXIS2_PLACEMENT_3D('',#3304,#3305,#3306);
#3304 = CARTESIAN_POINT('',(-46.5,-63.5,4.));
#3305 = DIRECTION('',(0.,-1.,0.));
#3306 = DIRECTION('',(1.,0.,0.));
#3307 = ADVANCED_FACE('',(#3308),#3319,.F.);
#3308 = FACE_BOUND('',#3309,.F.);
#3309 = EDGE_LOOP('',(#3310,#3311,#3317,#3318));
#3310 = ORIENTED_EDGE('',*,*,#1726,.F.);
#3311 = ORIENTED_EDGE('',*,*,#3312,.T.);
#3312 = EDGE_CURVE('',#1727,#451,#3313,.T.);
#3313 = LINE('',#3314,#3315);
#3314 = CARTESIAN_POINT('',(-46.5,-36.5,4.));
#3315 = VECTOR('',#3316,1.);
#3316 = DIRECTION('',(-0.,-0.,-1.));
#3317 = ORIENTED_EDGE('',*,*,#450,.T.);
#3318 = ORIENTED_EDGE('',*,*,#3278,.F.);
#3319 = CYLINDRICAL_SURFACE('',#3320,3.5);
#3320 = AXIS2_PLACEMENT_3D('',#3321,#3322,#3323);
#3321 = CARTESIAN_POINT('',(-46.5,-40.,4.));
#3322 = DIRECTION('',(0.,0.,1.));
#3323 = DIRECTION('',(1.,0.,0.));
#3324 = ADVANCED_FACE('',(#3325),#3336,.F.);
#3325 = FACE_BOUND('',#3326,.F.);
#3326 = EDGE_LOOP('',(#3327,#3328,#3329,#3330));
#3327 = ORIENTED_EDGE('',*,*,#1760,.F.);
#3328 = ORIENTED_EDGE('',*,*,#3297,.T.);
#3329 = ORIENTED_EDGE('',*,*,#484,.T.);
#3330 = ORIENTED_EDGE('',*,*,#3331,.F.);
#3331 = EDGE_CURVE('',#1753,#477,#3332,.T.);
#3332 = LINE('',#3333,#3334);
#3333 = CARTESIAN_POINT('',(-28.,-60.,4.));
#3334 = VECTOR('',#3335,1.);
#3335 = DIRECTION('',(-0.,-0.,-1.));
#3336 = CYLINDRICAL_SURFACE('',#3337,3.5);
#3337 = AXIS2_PLACEMENT_3D('',#3338,#3339,#3340);
#3338 = CARTESIAN_POINT('',(-31.5,-60.,4.));
#3339 = DIRECTION('',(0.,0.,1.));
#3340 = DIRECTION('',(1.,0.,0.));
#3341 = ADVANCED_FACE('',(#3342),#3353,.F.);
#3342 = FACE_BOUND('',#3343,.F.);
#3343 = EDGE_LOOP('',(#3344,#3345,#3351,#3352));
#3344 = ORIENTED_EDGE('',*,*,#1735,.F.);
#3345 = ORIENTED_EDGE('',*,*,#3346,.T.);
#3346 = EDGE_CURVE('',#1736,#460,#3347,.T.);
#3347 = LINE('',#3348,#3349);
#3348 = CARTESIAN_POINT('',(-31.5,-36.5,4.));
#3349 = VECTOR('',#3350,1.);
#3350 = DIRECTION('',(-0.,-0.,-1.));
#3351 = ORIENTED_EDGE('',*,*,#459,.F.);
#3352 = ORIENTED_EDGE('',*,*,#3312,.F.);
#3353 = PLANE('',#3354);
#3354 = AXIS2_PLACEMENT_3D('',#3355,#3356,#3357);
#3355 = CARTESIAN_POINT('',(-31.5,-36.5,4.));
#3356 = DIRECTION('',(0.,1.,0.));
#3357 = DIRECTION('',(-1.,0.,0.));
#3358 = ADVANCED_FACE('',(#3359),#3370,.F.);
#3359 = FACE_BOUND('',#3360,.F.);
#3360 = EDGE_LOOP('',(#3361,#3362,#3363,#3364));
#3361 = ORIENTED_EDGE('',*,*,#1752,.F.);
#3362 = ORIENTED_EDGE('',*,*,#3331,.T.);
#3363 = ORIENTED_EDGE('',*,*,#476,.F.);
#3364 = ORIENTED_EDGE('',*,*,#3365,.F.);
#3365 = EDGE_CURVE('',#1744,#468,#3366,.T.);
#3366 = LINE('',#3367,#3368);
#3367 = CARTESIAN_POINT('',(-28.,-40.,4.));
#3368 = VECTOR('',#3369,1.);
#3369 = DIRECTION('',(-0.,-0.,-1.));
#3370 = PLANE('',#3371);
#3371 = AXIS2_PLACEMENT_3D('',#3372,#3373,#3374);
#3372 = CARTESIAN_POINT('',(-28.,-60.,4.));
#3373 = DIRECTION('',(1.,0.,0.));
#3374 = DIRECTION('',(0.,1.,0.));
#3375 = ADVANCED_FACE('',(#3376),#3382,.F.);
#3376 = FACE_BOUND('',#3377,.F.);
#3377 = EDGE_LOOP('',(#3378,#3379,#3380,#3381));
#3378 = ORIENTED_EDGE('',*,*,#1743,.F.);
#3379 = ORIENTED_EDGE('',*,*,#3365,.T.);
#3380 = ORIENTED_EDGE('',*,*,#467,.T.);
#3381 = ORIENTED_EDGE('',*,*,#3346,.F.);
#3382 = CYLINDRICAL_SURFACE('',#3383,3.5);
#3383 = AXIS2_PLACEMENT_3D('',#3384,#3385,#3386);
#3384 = CARTESIAN_POINT('',(-31.5,-40.,4.));
#3385 = DIRECTION('',(0.,0.,1.));
#3386 = DIRECTION('',(1.,0.,0.));
#3387 = ADVANCED_FACE('',(#3388),#3481,.F.);
#3388 = FACE_BOUND('',#3389,.T.);
#3389 = EDGE_LOOP('',(#3390,#3398,#3399,#3400,#3409,#3437,#3446,#3474));
#3390 = ORIENTED_EDGE('',*,*,#3391,.F.);
#3391 = EDGE_CURVE('',#502,#3392,#3394,.T.);
#3392 = VERTEX_POINT('',#3393);
#3393 = CARTESIAN_POINT('',(-21.25,-92.5,2.));
#3394 = LINE('',#3395,#3396);
#3395 = CARTESIAN_POINT('',(-21.25,-92.5,0.));
#3396 = VECTOR('',#3397,1.);
#3397 = DIRECTION('',(0.,0.,1.));
#3398 = ORIENTED_EDGE('',*,*,#501,.F.);
#3399 = ORIENTED_EDGE('',*,*,#3391,.T.);
#3400 = ORIENTED_EDGE('',*,*,#3401,.F.);
#3401 = EDGE_CURVE('',#3402,#3392,#3404,.T.);
#3402 = VERTEX_POINT('',#3403);
#3403 = CARTESIAN_POINT('',(-23.2,-89.86893557661,2.));
#3404 = CIRCLE('',#3405,2.75);
#3405 = AXIS2_PLACEMENT_3D('',#3406,#3407,#3408);
#3406 = CARTESIAN_POINT('',(-24.,-92.5,2.));
#3407 = DIRECTION('',(0.,0.,-1.));
#3408 = DIRECTION('',(1.,0.,0.));
#3409 = ORIENTED_EDGE('',*,*,#3410,.F.);
#3410 = EDGE_CURVE('',#3411,#3402,#3413,.T.);
#3411 = VERTEX_POINT('',#3412);
#3412 = CARTESIAN_POINT('',(-24.8,-89.86893557661,2.));
#3413 = B_SPLINE_CURVE_WITH_KNOTS('',8,(#3414,#3415,#3416,#3417,#3418,
    #3419,#3420,#3421,#3422,#3423,#3424,#3425,#3426,#3427,#3428,#3429,
    #3430,#3431,#3432,#3433,#3434,#3435,#3436),.UNSPECIFIED.,.F.,.F.,(9,
    7,7,9),(0.,0.38834941948,0.668724372519,1.),.UNSPECIFIED.);
#3414 = CARTESIAN_POINT('',(-24.7999998357,-89.86893552665,
    2.000512713156));
#3415 = CARTESIAN_POINT('',(-24.8000730892,-89.86895780007,
    1.886213339254));
#3416 = CARTESIAN_POINT('',(-24.7814832498,-89.86330509639,
    1.771575866988));
#3417 = CARTESIAN_POINT('',(-24.74404154915,-89.8519200422,
    1.659621875781));
#3418 = CARTESIAN_POINT('',(-24.68788550411,-89.83564322614,
    1.553459534224));
#3419 = CARTESIAN_POINT('',(-24.61350527002,-89.81630487079,
    1.45637583473));
#3420 = CARTESIAN_POINT('',(-24.52190847346,-89.7964193707,
    1.371899692048));
#3421 = CARTESIAN_POINT('',(-24.41471045648,-89.77876250098,
    1.303773639645));
#3422 = CARTESIAN_POINT('',(-24.20771155973,-89.75646660972,
    1.221816978631));
#3423 = CARTESIAN_POINT('',(-24.11482109904,-89.74964624626,
    1.198425865691));
#3424 = CARTESIAN_POINT('',(-24.01813584083,-89.74634226549,
    1.187741640268));
#3425 = CARTESIAN_POINT('',(-23.9203483404,-89.74718390263,
    1.190596650434));
#3426 = CARTESIAN_POINT('',(-23.82425026412,-89.75218066868,
    1.206979454954));
#3427 = CARTESIAN_POINT('',(-23.73254372244,-89.76068607764,
    1.23605112811));
#3428 = CARTESIAN_POINT('',(-23.64764033503,-89.77157378528,
    1.276115083274));
#3429 = CARTESIAN_POINT('',(-23.481184587,-89.79784147221,1.381751113162
    ));
#3430 = CARTESIAN_POINT('',(-23.4021387595,-89.8138201571,1.451205242062
    ));
#3431 = CARTESIAN_POINT('',(-23.33529952322,-89.82993884242,
    1.530420887772));
#3432 = CARTESIAN_POINT('',(-23.28135332941,-89.84462652707,
    1.617158184968));
#3433 = CARTESIAN_POINT('',(-23.24070441318,-89.85655914457,
    1.709354921722));
#3434 = CARTESIAN_POINT('',(-23.21356215161,-89.86481186222,
    1.805093603629));
#3435 = CARTESIAN_POINT('',(-23.2,-89.86893557661,1.902565506221));
#3436 = CARTESIAN_POINT('',(-23.2,-89.86893557661,2.));
#3437 = ORIENTED_EDGE('',*,*,#3438,.F.);
#3438 = EDGE_CURVE('',#3439,#3411,#3441,.T.);
#3439 = VERTEX_POINT('',#3440);
#3440 = CARTESIAN_POINT('',(-24.8,-95.13106442338,2.));
#3441 = CIRCLE('',#3442,2.75);
#3442 = AXIS2_PLACEMENT_3D('',#3443,#3444,#3445);
#3443 = CARTESIAN_POINT('',(-24.,-92.5,2.));
#3444 = DIRECTION('',(0.,0.,-1.));
#3445 = DIRECTION('',(1.,0.,0.));
#3446 = ORIENTED_EDGE('',*,*,#3447,.T.);
#3447 = EDGE_CURVE('',#3439,#3448,#3450,.T.);
#3448 = VERTEX_POINT('',#3449);
#3449 = CARTESIAN_POINT('',(-23.2,-95.13106442338,2.));
#3450 = B_SPLINE_CURVE_WITH_KNOTS('',8,(#3451,#3452,#3453,#3454,#3455,
    #3456,#3457,#3458,#3459,#3460,#3461,#3462,#3463,#3464,#3465,#3466,
    #3467,#3468,#3469,#3470,#3471,#3472,#3473),.UNSPECIFIED.,.F.,.F.,(9,
    7,7,9),(0.,0.388349419481,0.668724372519,1.),.UNSPECIFIED.);
#3451 = CARTESIAN_POINT('',(-24.7999998357,-95.13106447334,
    2.000512713156));
#3452 = CARTESIAN_POINT('',(-24.8000730892,-95.13104219992,
    1.886213339254));
#3453 = CARTESIAN_POINT('',(-24.7814832498,-95.1366949036,1.771575866988
    ));
#3454 = CARTESIAN_POINT('',(-24.74404154915,-95.14807995779,
    1.659621875781));
#3455 = CARTESIAN_POINT('',(-24.68788550411,-95.16435677385,
    1.553459534224));
#3456 = CARTESIAN_POINT('',(-24.61350527002,-95.1836951292,1.45637583473
    ));
#3457 = CARTESIAN_POINT('',(-24.52190847346,-95.20358062929,
    1.371899692048));
#3458 = CARTESIAN_POINT('',(-24.41471045648,-95.22123749901,
    1.303773639645));
#3459 = CARTESIAN_POINT('',(-24.20771155973,-95.24353339028,
    1.221816978631));
#3460 = CARTESIAN_POINT('',(-24.11482109904,-95.25035375373,
    1.198425865691));
#3461 = CARTESIAN_POINT('',(-24.01813584083,-95.2536577345,
    1.187741640269));
#3462 = CARTESIAN_POINT('',(-23.9203483404,-95.25281609736,
    1.190596650434));
#3463 = CARTESIAN_POINT('',(-23.82425026412,-95.24781933131,
    1.206979454954));
#3464 = CARTESIAN_POINT('',(-23.73254372244,-95.23931392235,
    1.23605112811));
#3465 = CARTESIAN_POINT('',(-23.64764033503,-95.22842621472,
    1.276115083274));
#3466 = CARTESIAN_POINT('',(-23.481184587,-95.20215852778,1.381751113162
    ));
#3467 = CARTESIAN_POINT('',(-23.4021387595,-95.18617984289,
    1.451205242061));
#3468 = CARTESIAN_POINT('',(-23.33529952322,-95.17006115757,
    1.530420887772));
#3469 = CARTESIAN_POINT('',(-23.28135332941,-95.15537347292,
    1.617158184969));
#3470 = CARTESIAN_POINT('',(-23.24070441318,-95.14344085542,
    1.709354921722));
#3471 = CARTESIAN_POINT('',(-23.21356215161,-95.13518813777,
    1.805093603629));
#3472 = CARTESIAN_POINT('',(-23.2,-95.13106442338,1.902565506221));
#3473 = CARTESIAN_POINT('',(-23.2,-95.13106442338,2.));
#3474 = ORIENTED_EDGE('',*,*,#3475,.F.);
#3475 = EDGE_CURVE('',#3392,#3448,#3476,.T.);
#3476 = CIRCLE('',#3477,2.75);
#3477 = AXIS2_PLACEMENT_3D('',#3478,#3479,#3480);
#3478 = CARTESIAN_POINT('',(-24.,-92.5,2.));
#3479 = DIRECTION('',(0.,0.,-1.));
#3480 = DIRECTION('',(1.,0.,0.));
#3481 = CYLINDRICAL_SURFACE('',#3482,2.75);
#3482 = AXIS2_PLACEMENT_3D('',#3483,#3484,#3485);
#3483 = CARTESIAN_POINT('',(-24.,-92.5,0.));
#3484 = DIRECTION('',(-0.,-0.,-1.));
#3485 = DIRECTION('',(1.,0.,0.));
#3486 = ADVANCED_FACE('',(#3487),#3505,.F.);
#3487 = FACE_BOUND('',#3488,.T.);
#3488 = EDGE_LOOP('',(#3489,#3496,#3497,#3498));
#3489 = ORIENTED_EDGE('',*,*,#3490,.F.);
#3490 = EDGE_CURVE('',#513,#3491,#3493,.T.);
#3491 = VERTEX_POINT('',#3492);
#3492 = CARTESIAN_POINT('',(2.75,-92.5,1.25));
#3493 = B_SPLINE_CURVE_WITH_KNOTS('',1,(#3494,#3495),.UNSPECIFIED.,.F.,
  .F.,(2,2),(0.,1.),.PIECEWISE_BEZIER_KNOTS.);
#3494 = CARTESIAN_POINT('',(4.,-92.5,0.));
#3495 = CARTESIAN_POINT('',(2.,-92.5,2.));
#3496 = ORIENTED_EDGE('',*,*,#512,.T.);
#3497 = ORIENTED_EDGE('',*,*,#3490,.T.);
#3498 = ORIENTED_EDGE('',*,*,#3499,.F.);
#3499 = EDGE_CURVE('',#3491,#3491,#3500,.T.);
#3500 = CIRCLE('',#3501,2.75);
#3501 = AXIS2_PLACEMENT_3D('',#3502,#3503,#3504);
#3502 = CARTESIAN_POINT('',(0.,-92.5,1.25));
#3503 = DIRECTION('',(0.,0.,-1.));
#3504 = DIRECTION('',(0.,1.,0.));
#3505 = CONICAL_SURFACE('',#3506,4.,0.785398163397);
#3506 = AXIS2_PLACEMENT_3D('',#3507,#3508,#3509);
#3507 = CARTESIAN_POINT('',(0.,-92.5,0.));
#3508 = DIRECTION('',(-0.,-0.,-1.));
#3509 = DIRECTION('',(1.,0.,0.));
#3510 = ADVANCED_FACE('',(#3511),#3604,.F.);
#3511 = FACE_BOUND('',#3512,.T.);
#3512 = EDGE_LOOP('',(#3513,#3521,#3522,#3523,#3532,#3560,#3569,#3597));
#3513 = ORIENTED_EDGE('',*,*,#3514,.F.);
#3514 = EDGE_CURVE('',#524,#3515,#3517,.T.);
#3515 = VERTEX_POINT('',#3516);
#3516 = CARTESIAN_POINT('',(26.75,-92.5,2.));
#3517 = LINE('',#3518,#3519);
#3518 = CARTESIAN_POINT('',(26.75,-92.5,0.));
#3519 = VECTOR('',#3520,1.);
#3520 = DIRECTION('',(0.,0.,1.));
#3521 = ORIENTED_EDGE('',*,*,#523,.F.);
#3522 = ORIENTED_EDGE('',*,*,#3514,.T.);
#3523 = ORIENTED_EDGE('',*,*,#3524,.F.);
#3524 = EDGE_CURVE('',#3525,#3515,#3527,.T.);
#3525 = VERTEX_POINT('',#3526);
#3526 = CARTESIAN_POINT('',(24.8,-89.86893557661,2.));
#3527 = CIRCLE('',#3528,2.75);
#3528 = AXIS2_PLACEMENT_3D('',#3529,#3530,#3531);
#3529 = CARTESIAN_POINT('',(24.,-92.5,2.));
#3530 = DIRECTION('',(0.,0.,-1.));
#3531 = DIRECTION('',(1.,0.,0.));
#3532 = ORIENTED_EDGE('',*,*,#3533,.F.);
#3533 = EDGE_CURVE('',#3534,#3525,#3536,.T.);
#3534 = VERTEX_POINT('',#3535);
#3535 = CARTESIAN_POINT('',(23.2,-89.86893557661,2.));
#3536 = B_SPLINE_CURVE_WITH_KNOTS('',8,(#3537,#3538,#3539,#3540,#3541,
    #3542,#3543,#3544,#3545,#3546,#3547,#3548,#3549,#3550,#3551,#3552,
    #3553,#3554,#3555,#3556,#3557,#3558,#3559),.UNSPECIFIED.,.F.,.F.,(9,
    7,7,9),(0.,0.38834941948,0.668724372519,1.),.UNSPECIFIED.);
#3537 = CARTESIAN_POINT('',(23.200000164297,-89.86893552665,
    2.000512713156));
#3538 = CARTESIAN_POINT('',(23.199926910791,-89.86895780007,
    1.886213339254));
#3539 = CARTESIAN_POINT('',(23.218516750192,-89.86330509639,
    1.771575866988));
#3540 = CARTESIAN_POINT('',(23.255958450845,-89.8519200422,
    1.659621875781));
#3541 = CARTESIAN_POINT('',(23.312114495886,-89.83564322614,
    1.553459534224));
#3542 = CARTESIAN_POINT('',(23.38649472998,-89.81630487079,1.45637583473
    ));
#3543 = CARTESIAN_POINT('',(23.478091526539,-89.7964193707,
    1.371899692048));
#3544 = CARTESIAN_POINT('',(23.585289543517,-89.77876250098,
    1.303773639645));
#3545 = CARTESIAN_POINT('',(23.792288440268,-89.75646660972,
    1.221816978631));
#3546 = CARTESIAN_POINT('',(23.885178900955,-89.74964624626,
    1.198425865691));
#3547 = CARTESIAN_POINT('',(23.981864159163,-89.74634226549,
    1.187741640268));
#3548 = CARTESIAN_POINT('',(24.079651659594,-89.74718390263,
    1.190596650434));
#3549 = CARTESIAN_POINT('',(24.175749735873,-89.75218066868,
    1.206979454954));
#3550 = CARTESIAN_POINT('',(24.26745627756,-89.76068607764,1.23605112811
    ));
#3551 = CARTESIAN_POINT('',(24.352359664966,-89.77157378528,
    1.276115083274));
#3552 = CARTESIAN_POINT('',(24.518815412998,-89.79784147221,
    1.381751113162));
#3553 = CARTESIAN_POINT('',(24.597861240494,-89.8138201571,
    1.451205242062));
#3554 = CARTESIAN_POINT('',(24.66470047678,-89.82993884242,
    1.530420887772));
#3555 = CARTESIAN_POINT('',(24.718646670585,-89.84462652707,
    1.617158184968));
#3556 = CARTESIAN_POINT('',(24.75929558682,-89.85655914457,
    1.709354921722));
#3557 = CARTESIAN_POINT('',(24.786437848386,-89.86481186222,
    1.805093603629));
#3558 = CARTESIAN_POINT('',(24.8,-89.86893557661,1.902565506221));
#3559 = CARTESIAN_POINT('',(24.8,-89.86893557661,2.));
#3560 = ORIENTED_EDGE('',*,*,#3561,.F.);
#3561 = EDGE_CURVE('',#3562,#3534,#3564,.T.);
#3562 = VERTEX_POINT('',#3563);
#3563 = CARTESIAN_POINT('',(23.2,-95.13106442338,2.));
#3564 = CIRCLE('',#3565,2.75);
#3565 = AXIS2_PLACEMENT_3D('',#3566,#3567,#3568);
#3566 = CARTESIAN_POINT('',(24.,-92.5,2.));
#3567 = DIRECTION('',(0.,0.,-1.));
#3568 = DIRECTION('',(1.,0.,0.));
#3569 = ORIENTED_EDGE('',*,*,#3570,.T.);
#3570 = EDGE_CURVE('',#3562,#3571,#3573,.T.);
#3571 = VERTEX_POINT('',#3572);
#3572 = CARTESIAN_POINT('',(24.8,-95.13106442338,2.));
#3573 = B_SPLINE_CURVE_WITH_KNOTS('',8,(#3574,#3575,#3576,#3577,#3578,
    #3579,#3580,#3581,#3582,#3583,#3584,#3585,#3586,#3587,#3588,#3589,
    #3590,#3591,#3592,#3593,#3594,#3595,#3596),.UNSPECIFIED.,.F.,.F.,(9,
    7,7,9),(0.,0.388349419481,0.668724372519,1.),.UNSPECIFIED.);
#3574 = CARTESIAN_POINT('',(23.200000164297,-95.13106447334,
    2.000512713156));
#3575 = CARTESIAN_POINT('',(23.199926910791,-95.13104219992,
    1.886213339254));
#3576 = CARTESIAN_POINT('',(23.218516750193,-95.1366949036,
    1.771575866988));
#3577 = CARTESIAN_POINT('',(23.255958450845,-95.14807995779,
    1.659621875781));
#3578 = CARTESIAN_POINT('',(23.312114495886,-95.16435677385,
    1.553459534224));
#3579 = CARTESIAN_POINT('',(23.38649472998,-95.1836951292,1.45637583473)
  );
#3580 = CARTESIAN_POINT('',(23.478091526539,-95.20358062929,
    1.371899692048));
#3581 = CARTESIAN_POINT('',(23.585289543517,-95.22123749901,
    1.303773639645));
#3582 = CARTESIAN_POINT('',(23.792288440268,-95.24353339028,
    1.221816978631));
#3583 = CARTESIAN_POINT('',(23.885178900955,-95.25035375373,
    1.198425865691));
#3584 = CARTESIAN_POINT('',(23.981864159163,-95.2536577345,
    1.187741640269));
#3585 = CARTESIAN_POINT('',(24.079651659594,-95.25281609736,
    1.190596650434));
#3586 = CARTESIAN_POINT('',(24.175749735872,-95.24781933131,
    1.206979454954));
#3587 = CARTESIAN_POINT('',(24.26745627756,-95.23931392235,1.23605112811
    ));
#3588 = CARTESIAN_POINT('',(24.352359664966,-95.22842621472,
    1.276115083274));
#3589 = CARTESIAN_POINT('',(24.518815412998,-95.20215852778,
    1.381751113162));
#3590 = CARTESIAN_POINT('',(24.597861240494,-95.18617984289,
    1.451205242061));
#3591 = CARTESIAN_POINT('',(24.66470047678,-95.17006115757,
    1.530420887772));
#3592 = CARTESIAN_POINT('',(24.718646670585,-95.15537347292,
    1.617158184969));
#3593 = CARTESIAN_POINT('',(24.75929558682,-95.14344085542,
    1.709354921722));
#3594 = CARTESIAN_POINT('',(24.786437848386,-95.13518813777,
    1.805093603629));
#3595 = CARTESIAN_POINT('',(24.8,-95.13106442338,1.902565506221));
#3596 = CARTESIAN_POINT('',(24.8,-95.13106442338,2.));
#3597 = ORIENTED_EDGE('',*,*,#3598,.F.);
#3598 = EDGE_CURVE('',#3515,#3571,#3599,.T.);
#3599 = CIRCLE('',#3600,2.75);
#3600 = AXIS2_PLACEMENT_3D('',#3601,#3602,#3603);
#3601 = CARTESIAN_POINT('',(24.,-92.5,2.));
#3602 = DIRECTION('',(0.,0.,-1.));
#3603 = DIRECTION('',(1.,0.,0.));
#3604 = CYLINDRICAL_SURFACE('',#3605,2.75);
#3605 = AXIS2_PLACEMENT_3D('',#3606,#3607,#3608);
#3606 = CARTESIAN_POINT('',(24.,-92.5,0.));
#3607 = DIRECTION('',(-0.,-0.,-1.));
#3608 = DIRECTION('',(1.,0.,0.));
#3609 = ADVANCED_FACE('',(#3610),#3635,.F.);
#3610 = FACE_BOUND('',#3611,.F.);
#3611 = EDGE_LOOP('',(#3612,#3620,#3628,#3634));
#3612 = ORIENTED_EDGE('',*,*,#3613,.T.);
#3613 = EDGE_CURVE('',#535,#3614,#3616,.T.);
#3614 = VERTEX_POINT('',#3615);
#3615 = CARTESIAN_POINT('',(2.598076211353,-61.5,1.6));
#3616 = LINE('',#3617,#3618);
#3617 = CARTESIAN_POINT('',(2.598076211353,-61.5,0.));
#3618 = VECTOR('',#3619,1.);
#3619 = DIRECTION('',(0.,0.,1.));
#3620 = ORIENTED_EDGE('',*,*,#3621,.T.);
#3621 = EDGE_CURVE('',#3614,#3622,#3624,.T.);
#3622 = VERTEX_POINT('',#3623);
#3623 = CARTESIAN_POINT('',(0.,-63.,1.6));
#3624 = LINE('',#3625,#3626);
#3625 = CARTESIAN_POINT('',(2.598076211353,-61.5,1.6));
#3626 = VECTOR('',#3627,1.);
#3627 = DIRECTION('',(-0.866025403784,-0.5,0.));
#3628 = ORIENTED_EDGE('',*,*,#3629,.F.);
#3629 = EDGE_CURVE('',#537,#3622,#3630,.T.);
#3630 = LINE('',#3631,#3632);
#3631 = CARTESIAN_POINT('',(0.,-63.,0.));
#3632 = VECTOR('',#3633,1.);
#3633 = DIRECTION('',(0.,0.,1.));
#3634 = ORIENTED_EDGE('',*,*,#534,.F.);
#3635 = PLANE('',#3636);
#3636 = AXIS2_PLACEMENT_3D('',#3637,#3638,#3639);
#3637 = CARTESIAN_POINT('',(2.598076211353,-61.5,0.));
#3638 = DIRECTION('',(0.5,-0.866025403784,0.));
#3639 = DIRECTION('',(-0.866025403784,-0.5,0.));
#3640 = ADVANCED_FACE('',(#3641),#3659,.F.);
#3641 = FACE_BOUND('',#3642,.F.);
#3642 = EDGE_LOOP('',(#3643,#3651,#3657,#3658));
#3643 = ORIENTED_EDGE('',*,*,#3644,.T.);
#3644 = EDGE_CURVE('',#569,#3645,#3647,.T.);
#3645 = VERTEX_POINT('',#3646);
#3646 = CARTESIAN_POINT('',(2.598076211353,-58.5,1.6));
#3647 = LINE('',#3648,#3649);
#3648 = CARTESIAN_POINT('',(2.598076211353,-58.5,0.));
#3649 = VECTOR('',#3650,1.);
#3650 = DIRECTION('',(0.,0.,1.));
#3651 = ORIENTED_EDGE('',*,*,#3652,.T.);
#3652 = EDGE_CURVE('',#3645,#3614,#3653,.T.);
#3653 = LINE('',#3654,#3655);
#3654 = CARTESIAN_POINT('',(2.598076211353,-58.5,1.6));
#3655 = VECTOR('',#3656,1.);
#3656 = DIRECTION('',(0.,-1.,0.));
#3657 = ORIENTED_EDGE('',*,*,#3613,.F.);
#3658 = ORIENTED_EDGE('',*,*,#576,.F.);
#3659 = PLANE('',#3660);
#3660 = AXIS2_PLACEMENT_3D('',#3661,#3662,#3663);
#3661 = CARTESIAN_POINT('',(2.598076211353,-58.5,0.));
#3662 = DIRECTION('',(1.,0.,0.));
#3663 = DIRECTION('',(0.,-1.,0.));
#3664 = ADVANCED_FACE('',(#3665),#3683,.F.);
#3665 = FACE_BOUND('',#3666,.F.);
#3666 = EDGE_LOOP('',(#3667,#3668,#3676,#3682));
#3667 = ORIENTED_EDGE('',*,*,#3629,.T.);
#3668 = ORIENTED_EDGE('',*,*,#3669,.T.);
#3669 = EDGE_CURVE('',#3622,#3670,#3672,.T.);
#3670 = VERTEX_POINT('',#3671);
#3671 = CARTESIAN_POINT('',(-2.598076211353,-61.5,1.6));
#3672 = LINE('',#3673,#3674);
#3673 = CARTESIAN_POINT('',(0.,-63.,1.6));
#3674 = VECTOR('',#3675,1.);
#3675 = DIRECTION('',(-0.866025403784,0.5,-0.));
#3676 = ORIENTED_EDGE('',*,*,#3677,.F.);
#3677 = EDGE_CURVE('',#545,#3670,#3678,.T.);
#3678 = LINE('',#3679,#3680);
#3679 = CARTESIAN_POINT('',(-2.598076211353,-61.5,0.));
#3680 = VECTOR('',#3681,1.);
#3681 = DIRECTION('',(0.,0.,1.));
#3682 = ORIENTED_EDGE('',*,*,#544,.F.);
#3683 = PLANE('',#3684);
#3684 = AXIS2_PLACEMENT_3D('',#3685,#3686,#3687);
#3685 = CARTESIAN_POINT('',(0.,-63.,0.));
#3686 = DIRECTION('',(-0.5,-0.866025403784,0.));
#3687 = DIRECTION('',(-0.866025403784,0.5,0.));
#3688 = ADVANCED_FACE('',(#3689),#3707,.F.);
#3689 = FACE_BOUND('',#3690,.F.);
#3690 = EDGE_LOOP('',(#3691,#3699,#3705,#3706));
#3691 = ORIENTED_EDGE('',*,*,#3692,.T.);
#3692 = EDGE_CURVE('',#561,#3693,#3695,.T.);
#3693 = VERTEX_POINT('',#3694);
#3694 = CARTESIAN_POINT('',(0.,-57.,1.6));
#3695 = LINE('',#3696,#3697);
#3696 = CARTESIAN_POINT('',(0.,-57.,0.));
#3697 = VECTOR('',#3698,1.);
#3698 = DIRECTION('',(0.,0.,1.));
#3699 = ORIENTED_EDGE('',*,*,#3700,.T.);
#3700 = EDGE_CURVE('',#3693,#3645,#3701,.T.);
#3701 = LINE('',#3702,#3703);
#3702 = CARTESIAN_POINT('',(0.,-57.,1.6));
#3703 = VECTOR('',#3704,1.);
#3704 = DIRECTION('',(0.866025403784,-0.5,0.));
#3705 = ORIENTED_EDGE('',*,*,#3644,.F.);
#3706 = ORIENTED_EDGE('',*,*,#568,.F.);
#3707 = PLANE('',#3708);
#3708 = AXIS2_PLACEMENT_3D('',#3709,#3710,#3711);
#3709 = CARTESIAN_POINT('',(0.,-57.,0.));
#3710 = DIRECTION('',(0.5,0.866025403784,0.));
#3711 = DIRECTION('',(0.866025403784,-0.5,0.));
#3712 = ADVANCED_FACE('',(#3713),#3731,.F.);
#3713 = FACE_BOUND('',#3714,.F.);
#3714 = EDGE_LOOP('',(#3715,#3716,#3724,#3730));
#3715 = ORIENTED_EDGE('',*,*,#3677,.T.);
#3716 = ORIENTED_EDGE('',*,*,#3717,.T.);
#3717 = EDGE_CURVE('',#3670,#3718,#3720,.T.);
#3718 = VERTEX_POINT('',#3719);
#3719 = CARTESIAN_POINT('',(-2.598076211353,-58.5,1.6));
#3720 = LINE('',#3721,#3722);
#3721 = CARTESIAN_POINT('',(-2.598076211353,-61.5,1.6));
#3722 = VECTOR('',#3723,1.);
#3723 = DIRECTION('',(0.,1.,0.));
#3724 = ORIENTED_EDGE('',*,*,#3725,.F.);
#3725 = EDGE_CURVE('',#553,#3718,#3726,.T.);
#3726 = LINE('',#3727,#3728);
#3727 = CARTESIAN_POINT('',(-2.598076211353,-58.5,0.));
#3728 = VECTOR('',#3729,1.);
#3729 = DIRECTION('',(0.,0.,1.));
#3730 = ORIENTED_EDGE('',*,*,#552,.F.);
#3731 = PLANE('',#3732);
#3732 = AXIS2_PLACEMENT_3D('',#3733,#3734,#3735);
#3733 = CARTESIAN_POINT('',(-2.598076211353,-61.5,0.));
#3734 = DIRECTION('',(-1.,0.,0.));
#3735 = DIRECTION('',(0.,1.,0.));
#3736 = ADVANCED_FACE('',(#3737),#3748,.F.);
#3737 = FACE_BOUND('',#3738,.F.);
#3738 = EDGE_LOOP('',(#3739,#3740,#3746,#3747));
#3739 = ORIENTED_EDGE('',*,*,#3725,.T.);
#3740 = ORIENTED_EDGE('',*,*,#3741,.T.);
#3741 = EDGE_CURVE('',#3718,#3693,#3742,.T.);
#3742 = LINE('',#3743,#3744);
#3743 = CARTESIAN_POINT('',(-2.598076211353,-58.5,1.6));
#3744 = VECTOR('',#3745,1.);
#3745 = DIRECTION('',(0.866025403784,0.5,0.));
#3746 = ORIENTED_EDGE('',*,*,#3692,.F.);
#3747 = ORIENTED_EDGE('',*,*,#560,.F.);
#3748 = PLANE('',#3749);
#3749 = AXIS2_PLACEMENT_3D('',#3750,#3751,#3752);
#3750 = CARTESIAN_POINT('',(-2.598076211353,-58.5,0.));
#3751 = DIRECTION('',(-0.5,0.866025403784,0.));
#3752 = DIRECTION('',(0.866025403784,0.5,0.));
#3753 = ADVANCED_FACE('',(#3754),#3770,.F.);
#3754 = FACE_BOUND('',#3755,.F.);
#3755 = EDGE_LOOP('',(#3756,#3757,#3763,#3764));
#3756 = ORIENTED_EDGE('',*,*,#1869,.F.);
#3757 = ORIENTED_EDGE('',*,*,#3758,.T.);
#3758 = EDGE_CURVE('',#1811,#585,#3759,.T.);
#3759 = LINE('',#3760,#3761);
#3760 = CARTESIAN_POINT('',(18.000000000001,-60.,4.));
#3761 = VECTOR('',#3762,1.);
#3762 = DIRECTION('',(-0.,-0.,-1.));
#3763 = ORIENTED_EDGE('',*,*,#584,.T.);
#3764 = ORIENTED_EDGE('',*,*,#3765,.F.);
#3765 = EDGE_CURVE('',#1862,#587,#3766,.T.);
#3766 = LINE('',#3767,#3768);
#3767 = CARTESIAN_POINT('',(21.500000000002,-63.5,4.));
#3768 = VECTOR('',#3769,1.);
#3769 = DIRECTION('',(-0.,-0.,-1.));
#3770 = CYLINDRICAL_SURFACE('',#3771,3.5);
#3771 = AXIS2_PLACEMENT_3D('',#3772,#3773,#3774);
#3772 = CARTESIAN_POINT('',(21.500000000001,-60.,4.));
#3773 = DIRECTION('',(0.,0.,1.));
#3774 = DIRECTION('',(1.,0.,0.));
#3775 = ADVANCED_FACE('',(#3776),#3787,.F.);
#3776 = FACE_BOUND('',#3777,.F.);
#3777 = EDGE_LOOP('',(#3778,#3779,#3785,#3786));
#3778 = ORIENTED_EDGE('',*,*,#1808,.F.);
#3779 = ORIENTED_EDGE('',*,*,#3780,.T.);
#3780 = EDGE_CURVE('',#1809,#596,#3781,.T.);
#3781 = LINE('',#3782,#3783);
#3782 = CARTESIAN_POINT('',(18.000000000001,-40.,4.));
#3783 = VECTOR('',#3784,1.);
#3784 = DIRECTION('',(-0.,-0.,-1.));
#3785 = ORIENTED_EDGE('',*,*,#595,.F.);
#3786 = ORIENTED_EDGE('',*,*,#3758,.F.);
#3787 = PLANE('',#3788);
#3788 = AXIS2_PLACEMENT_3D('',#3789,#3790,#3791);
#3789 = CARTESIAN_POINT('',(18.000000000001,-40.,4.));
#3790 = DIRECTION('',(-1.,0.,0.));
#3791 = DIRECTION('',(0.,-1.,0.));
#3792 = ADVANCED_FACE('',(#3793),#3804,.F.);
#3793 = FACE_BOUND('',#3794,.F.);
#3794 = EDGE_LOOP('',(#3795,#3796,#3797,#3798));
#3795 = ORIENTED_EDGE('',*,*,#1861,.F.);
#3796 = ORIENTED_EDGE('',*,*,#3765,.T.);
#3797 = ORIENTED_EDGE('',*,*,#646,.F.);
#3798 = ORIENTED_EDGE('',*,*,#3799,.F.);
#3799 = EDGE_CURVE('',#1853,#638,#3800,.T.);
#3800 = LINE('',#3801,#3802);
#3801 = CARTESIAN_POINT('',(36.500000000002,-63.5,4.));
#3802 = VECTOR('',#3803,1.);
#3803 = DIRECTION('',(-0.,-0.,-1.));
#3804 = PLANE('',#3805);
#3805 = AXIS2_PLACEMENT_3D('',#3806,#3807,#3808);
#3806 = CARTESIAN_POINT('',(21.500000000002,-63.5,4.));
#3807 = DIRECTION('',(0.,-1.,0.));
#3808 = DIRECTION('',(1.,0.,0.));
#3809 = ADVANCED_FACE('',(#3810),#3821,.F.);
#3810 = FACE_BOUND('',#3811,.F.);
#3811 = EDGE_LOOP('',(#3812,#3813,#3819,#3820));
#3812 = ORIENTED_EDGE('',*,*,#1818,.F.);
#3813 = ORIENTED_EDGE('',*,*,#3814,.T.);
#3814 = EDGE_CURVE('',#1819,#604,#3815,.T.);
#3815 = LINE('',#3816,#3817);
#3816 = CARTESIAN_POINT('',(21.500000000001,-36.5,4.));
#3817 = VECTOR('',#3818,1.);
#3818 = DIRECTION('',(-0.,-0.,-1.));
#3819 = ORIENTED_EDGE('',*,*,#603,.T.);
#3820 = ORIENTED_EDGE('',*,*,#3780,.F.);
#3821 = CYLINDRICAL_SURFACE('',#3822,3.5);
#3822 = AXIS2_PLACEMENT_3D('',#3823,#3824,#3825);
#3823 = CARTESIAN_POINT('',(21.500000000001,-40.,4.));
#3824 = DIRECTION('',(0.,0.,1.));
#3825 = DIRECTION('',(1.,0.,0.));
#3826 = ADVANCED_FACE('',(#3827),#3838,.F.);
#3827 = FACE_BOUND('',#3828,.F.);
#3828 = EDGE_LOOP('',(#3829,#3830,#3831,#3832));
#3829 = ORIENTED_EDGE('',*,*,#1852,.F.);
#3830 = ORIENTED_EDGE('',*,*,#3799,.T.);
#3831 = ORIENTED_EDGE('',*,*,#637,.T.);
#3832 = ORIENTED_EDGE('',*,*,#3833,.F.);
#3833 = EDGE_CURVE('',#1845,#630,#3834,.T.);
#3834 = LINE('',#3835,#3836);
#3835 = CARTESIAN_POINT('',(40.000000000002,-60.,4.));
#3836 = VECTOR('',#3837,1.);
#3837 = DIRECTION('',(-0.,-0.,-1.));
#3838 = CYLINDRICAL_SURFACE('',#3839,3.5);
#3839 = AXIS2_PLACEMENT_3D('',#3840,#3841,#3842);
#3840 = CARTESIAN_POINT('',(36.500000000002,-60.,4.));
#3841 = DIRECTION('',(0.,0.,1.));
#3842 = DIRECTION('',(1.,0.,0.));
#3843 = ADVANCED_FACE('',(#3844),#3855,.F.);
#3844 = FACE_BOUND('',#3845,.F.);
#3845 = EDGE_LOOP('',(#3846,#3847,#3853,#3854));
#3846 = ORIENTED_EDGE('',*,*,#1827,.F.);
#3847 = ORIENTED_EDGE('',*,*,#3848,.T.);
#3848 = EDGE_CURVE('',#1828,#613,#3849,.T.);
#3849 = LINE('',#3850,#3851);
#3850 = CARTESIAN_POINT('',(36.500000000002,-36.5,4.));
#3851 = VECTOR('',#3852,1.);
#3852 = DIRECTION('',(-0.,-0.,-1.));
#3853 = ORIENTED_EDGE('',*,*,#612,.F.);
#3854 = ORIENTED_EDGE('',*,*,#3814,.F.);
#3855 = PLANE('',#3856);
#3856 = AXIS2_PLACEMENT_3D('',#3857,#3858,#3859);
#3857 = CARTESIAN_POINT('',(36.500000000002,-36.5,4.));
#3858 = DIRECTION('',(0.,1.,0.));
#3859 = DIRECTION('',(-1.,0.,0.));
#3860 = ADVANCED_FACE('',(#3861),#3872,.F.);
#3861 = FACE_BOUND('',#3862,.F.);
#3862 = EDGE_LOOP('',(#3863,#3864,#3865,#3866));
#3863 = ORIENTED_EDGE('',*,*,#1844,.F.);
#3864 = ORIENTED_EDGE('',*,*,#3833,.T.);
#3865 = ORIENTED_EDGE('',*,*,#629,.F.);
#3866 = ORIENTED_EDGE('',*,*,#3867,.F.);
#3867 = EDGE_CURVE('',#1836,#621,#3868,.T.);
#3868 = LINE('',#3869,#3870);
#3869 = CARTESIAN_POINT('',(40.000000000002,-40.,4.));
#3870 = VECTOR('',#3871,1.);
#3871 = DIRECTION('',(-0.,-0.,-1.));
#3872 = PLANE('',#3873);
#3873 = AXIS2_PLACEMENT_3D('',#3874,#3875,#3876);
#3874 = CARTESIAN_POINT('',(40.000000000002,-60.,4.));
#3875 = DIRECTION('',(1.,0.,0.));
#3876 = DIRECTION('',(0.,1.,0.));
#3877 = ADVANCED_FACE('',(#3878),#3884,.F.);
#3878 = FACE_BOUND('',#3879,.F.);
#3879 = EDGE_LOOP('',(#3880,#3881,#3882,#3883));
#3880 = ORIENTED_EDGE('',*,*,#1835,.F.);
#3881 = ORIENTED_EDGE('',*,*,#3867,.T.);
#3882 = ORIENTED_EDGE('',*,*,#620,.T.);
#3883 = ORIENTED_EDGE('',*,*,#3848,.F.);
#3884 = CYLINDRICAL_SURFACE('',#3885,3.5);
#3885 = AXIS2_PLACEMENT_3D('',#3886,#3887,#3888);
#3886 = CARTESIAN_POINT('',(36.500000000002,-40.,4.));
#3887 = DIRECTION('',(0.,0.,1.));
#3888 = DIRECTION('',(1.,0.,0.));
#3889 = ADVANCED_FACE('',(#3890),#3915,.F.);
#3890 = FACE_BOUND('',#3891,.F.);
#3891 = EDGE_LOOP('',(#3892,#3900,#3908,#3914));
#3892 = ORIENTED_EDGE('',*,*,#3893,.T.);
#3893 = EDGE_CURVE('',#655,#3894,#3896,.T.);
#3894 = VERTEX_POINT('',#3895);
#3895 = CARTESIAN_POINT('',(2.598076211353,-41.5,1.6));
#3896 = LINE('',#3897,#3898);
#3897 = CARTESIAN_POINT('',(2.598076211353,-41.5,0.));
#3898 = VECTOR('',#3899,1.);
#3899 = DIRECTION('',(0.,0.,1.));
#3900 = ORIENTED_EDGE('',*,*,#3901,.T.);
#3901 = EDGE_CURVE('',#3894,#3902,#3904,.T.);
#3902 = VERTEX_POINT('',#3903);
#3903 = CARTESIAN_POINT('',(0.,-43.,1.6));
#3904 = LINE('',#3905,#3906);
#3905 = CARTESIAN_POINT('',(2.598076211353,-41.5,1.6));
#3906 = VECTOR('',#3907,1.);
#3907 = DIRECTION('',(-0.866025403784,-0.5,0.));
#3908 = ORIENTED_EDGE('',*,*,#3909,.F.);
#3909 = EDGE_CURVE('',#657,#3902,#3910,.T.);
#3910 = LINE('',#3911,#3912);
#3911 = CARTESIAN_POINT('',(0.,-43.,0.));
#3912 = VECTOR('',#3913,1.);
#3913 = DIRECTION('',(0.,0.,1.));
#3914 = ORIENTED_EDGE('',*,*,#654,.F.);
#3915 = PLANE('',#3916);
#3916 = AXIS2_PLACEMENT_3D('',#3917,#3918,#3919);
#3917 = CARTESIAN_POINT('',(2.598076211353,-41.5,0.));
#3918 = DIRECTION('',(0.5,-0.866025403784,0.));
#3919 = DIRECTION('',(-0.866025403784,-0.5,0.));
#3920 = ADVANCED_FACE('',(#3921),#3939,.F.);
#3921 = FACE_BOUND('',#3922,.F.);
#3922 = EDGE_LOOP('',(#3923,#3931,#3937,#3938));
#3923 = ORIENTED_EDGE('',*,*,#3924,.T.);
#3924 = EDGE_CURVE('',#689,#3925,#3927,.T.);
#3925 = VERTEX_POINT('',#3926);
#3926 = CARTESIAN_POINT('',(2.598076211353,-38.5,1.6));
#3927 = LINE('',#3928,#3929);
#3928 = CARTESIAN_POINT('',(2.598076211353,-38.5,0.));
#3929 = VECTOR('',#3930,1.);
#3930 = DIRECTION('',(0.,0.,1.));
#3931 = ORIENTED_EDGE('',*,*,#3932,.T.);
#3932 = EDGE_CURVE('',#3925,#3894,#3933,.T.);
#3933 = LINE('',#3934,#3935);
#3934 = CARTESIAN_POINT('',(2.598076211353,-38.5,1.6));
#3935 = VECTOR('',#3936,1.);
#3936 = DIRECTION('',(0.,-1.,0.));
#3937 = ORIENTED_EDGE('',*,*,#3893,.F.);
#3938 = ORIENTED_EDGE('',*,*,#696,.F.);
#3939 = PLANE('',#3940);
#3940 = AXIS2_PLACEMENT_3D('',#3941,#3942,#3943);
#3941 = CARTESIAN_POINT('',(2.598076211353,-38.5,0.));
#3942 = DIRECTION('',(1.,0.,0.));
#3943 = DIRECTION('',(0.,-1.,0.));
#3944 = ADVANCED_FACE('',(#3945),#3963,.F.);
#3945 = FACE_BOUND('',#3946,.F.);
#3946 = EDGE_LOOP('',(#3947,#3948,#3956,#3962));
#3947 = ORIENTED_EDGE('',*,*,#3909,.T.);
#3948 = ORIENTED_EDGE('',*,*,#3949,.T.);
#3949 = EDGE_CURVE('',#3902,#3950,#3952,.T.);
#3950 = VERTEX_POINT('',#3951);
#3951 = CARTESIAN_POINT('',(-2.598076211353,-41.5,1.6));
#3952 = LINE('',#3953,#3954);
#3953 = CARTESIAN_POINT('',(0.,-43.,1.6));
#3954 = VECTOR('',#3955,1.);
#3955 = DIRECTION('',(-0.866025403784,0.5,-0.));
#3956 = ORIENTED_EDGE('',*,*,#3957,.F.);
#3957 = EDGE_CURVE('',#665,#3950,#3958,.T.);
#3958 = LINE('',#3959,#3960);
#3959 = CARTESIAN_POINT('',(-2.598076211353,-41.5,0.));
#3960 = VECTOR('',#3961,1.);
#3961 = DIRECTION('',(0.,0.,1.));
#3962 = ORIENTED_EDGE('',*,*,#664,.F.);
#3963 = PLANE('',#3964);
#3964 = AXIS2_PLACEMENT_3D('',#3965,#3966,#3967);
#3965 = CARTESIAN_POINT('',(0.,-43.,0.));
#3966 = DIRECTION('',(-0.5,-0.866025403784,0.));
#3967 = DIRECTION('',(-0.866025403784,0.5,0.));
#3968 = ADVANCED_FACE('',(#3969),#3987,.F.);
#3969 = FACE_BOUND('',#3970,.F.);
#3970 = EDGE_LOOP('',(#3971,#3979,#3985,#3986));
#3971 = ORIENTED_EDGE('',*,*,#3972,.T.);
#3972 = EDGE_CURVE('',#681,#3973,#3975,.T.);
#3973 = VERTEX_POINT('',#3974);
#3974 = CARTESIAN_POINT('',(0.,-37.,1.6));
#3975 = LINE('',#3976,#3977);
#3976 = CARTESIAN_POINT('',(0.,-37.,0.));
#3977 = VECTOR('',#3978,1.);
#3978 = DIRECTION('',(0.,0.,1.));
#3979 = ORIENTED_EDGE('',*,*,#3980,.T.);
#3980 = EDGE_CURVE('',#3973,#3925,#3981,.T.);
#3981 = LINE('',#3982,#3983);
#3982 = CARTESIAN_POINT('',(0.,-37.,1.6));
#3983 = VECTOR('',#3984,1.);
#3984 = DIRECTION('',(0.866025403784,-0.5,0.));
#3985 = ORIENTED_EDGE('',*,*,#3924,.F.);
#3986 = ORIENTED_EDGE('',*,*,#688,.F.);
#3987 = PLANE('',#3988);
#3988 = AXIS2_PLACEMENT_3D('',#3989,#3990,#3991);
#3989 = CARTESIAN_POINT('',(0.,-37.,0.));
#3990 = DIRECTION('',(0.5,0.866025403784,0.));
#3991 = DIRECTION('',(0.866025403784,-0.5,0.));
#3992 = ADVANCED_FACE('',(#3993),#4011,.F.);
#3993 = FACE_BOUND('',#3994,.F.);
#3994 = EDGE_LOOP('',(#3995,#3996,#4004,#4010));
#3995 = ORIENTED_EDGE('',*,*,#3957,.T.);
#3996 = ORIENTED_EDGE('',*,*,#3997,.T.);
#3997 = EDGE_CURVE('',#3950,#3998,#4000,.T.);
#3998 = VERTEX_POINT('',#3999);
#3999 = CARTESIAN_POINT('',(-2.598076211353,-38.5,1.6));
#4000 = LINE('',#4001,#4002);
#4001 = CARTESIAN_POINT('',(-2.598076211353,-41.5,1.6));
#4002 = VECTOR('',#4003,1.);
#4003 = DIRECTION('',(0.,1.,0.));
#4004 = ORIENTED_EDGE('',*,*,#4005,.F.);
#4005 = EDGE_CURVE('',#673,#3998,#4006,.T.);
#4006 = LINE('',#4007,#4008);
#4007 = CARTESIAN_POINT('',(-2.598076211353,-38.5,0.));
#4008 = VECTOR('',#4009,1.);
#4009 = DIRECTION('',(0.,0.,1.));
#4010 = ORIENTED_EDGE('',*,*,#672,.F.);
#4011 = PLANE('',#4012);
#4012 = AXIS2_PLACEMENT_3D('',#4013,#4014,#4015);
#4013 = CARTESIAN_POINT('',(-2.598076211353,-41.5,0.));
#4014 = DIRECTION('',(-1.,0.,0.));
#4015 = DIRECTION('',(0.,1.,0.));
#4016 = ADVANCED_FACE('',(#4017),#4028,.F.);
#4017 = FACE_BOUND('',#4018,.F.);
#4018 = EDGE_LOOP('',(#4019,#4020,#4026,#4027));
#4019 = ORIENTED_EDGE('',*,*,#4005,.T.);
#4020 = ORIENTED_EDGE('',*,*,#4021,.T.);
#4021 = EDGE_CURVE('',#3998,#3973,#4022,.T.);
#4022 = LINE('',#4023,#4024);
#4023 = CARTESIAN_POINT('',(-2.598076211353,-38.5,1.6));
#4024 = VECTOR('',#4025,1.);
#4025 = DIRECTION('',(0.866025403784,0.5,0.));
#4026 = ORIENTED_EDGE('',*,*,#3972,.F.);
#4027 = ORIENTED_EDGE('',*,*,#680,.F.);
#4028 = PLANE('',#4029);
#4029 = AXIS2_PLACEMENT_3D('',#4030,#4031,#4032);
#4030 = CARTESIAN_POINT('',(-2.598076211353,-38.5,0.));
#4031 = DIRECTION('',(-0.5,0.866025403784,0.));
#4032 = DIRECTION('',(0.866025403784,0.5,0.));
#4033 = ADVANCED_FACE('',(#4034),#4050,.F.);
#4034 = FACE_BOUND('',#4035,.F.);
#4035 = EDGE_LOOP('',(#4036,#4037,#4043,#4044));
#4036 = ORIENTED_EDGE('',*,*,#1950,.F.);
#4037 = ORIENTED_EDGE('',*,*,#4038,.T.);
#4038 = EDGE_CURVE('',#1892,#705,#4039,.T.);
#4039 = LINE('',#4040,#4041);
#4040 = CARTESIAN_POINT('',(-28.,-27.5,4.));
#4041 = VECTOR('',#4042,1.);
#4042 = DIRECTION('',(-0.,-0.,-1.));
#4043 = ORIENTED_EDGE('',*,*,#704,.T.);
#4044 = ORIENTED_EDGE('',*,*,#4045,.F.);
#4045 = EDGE_CURVE('',#1943,#707,#4046,.T.);
#4046 = LINE('',#4047,#4048);
#4047 = CARTESIAN_POINT('',(-24.5,-31.,4.));
#4048 = VECTOR('',#4049,1.);
#4049 = DIRECTION('',(-0.,-0.,-1.));
#4050 = CYLINDRICAL_SURFACE('',#4051,3.5);
#4051 = AXIS2_PLACEMENT_3D('',#4052,#4053,#4054);
#4052 = CARTESIAN_POINT('',(-24.5,-27.5,4.));
#4053 = DIRECTION('',(0.,0.,1.));
#4054 = DIRECTION('',(1.,0.,0.));
#4055 = ADVANCED_FACE('',(#4056),#4067,.F.);
#4056 = FACE_BOUND('',#4057,.F.);
#4057 = EDGE_LOOP('',(#4058,#4059,#4065,#4066));
#4058 = ORIENTED_EDGE('',*,*,#1889,.F.);
#4059 = ORIENTED_EDGE('',*,*,#4060,.T.);
#4060 = EDGE_CURVE('',#1890,#716,#4061,.T.);
#4061 = LINE('',#4062,#4063);
#4062 = CARTESIAN_POINT('',(-28.,-10.5,4.));
#4063 = VECTOR('',#4064,1.);
#4064 = DIRECTION('',(-0.,-0.,-1.));
#4065 = ORIENTED_EDGE('',*,*,#715,.F.);
#4066 = ORIENTED_EDGE('',*,*,#4038,.F.);
#4067 = PLANE('',#4068);
#4068 = AXIS2_PLACEMENT_3D('',#4069,#4070,#4071);
#4069 = CARTESIAN_POINT('',(-28.,-10.5,4.));
#4070 = DIRECTION('',(-1.,0.,0.));
#4071 = DIRECTION('',(0.,-1.,0.));
#4072 = ADVANCED_FACE('',(#4073),#4084,.F.);
#4073 = FACE_BOUND('',#4074,.F.);
#4074 = EDGE_LOOP('',(#4075,#4076,#4077,#4078));
#4075 = ORIENTED_EDGE('',*,*,#1942,.F.);
#4076 = ORIENTED_EDGE('',*,*,#4045,.T.);
#4077 = ORIENTED_EDGE('',*,*,#766,.F.);
#4078 = ORIENTED_EDGE('',*,*,#4079,.F.);
#4079 = EDGE_CURVE('',#1934,#758,#4080,.T.);
#4080 = LINE('',#4081,#4082);
#4081 = CARTESIAN_POINT('',(24.5,-31.,4.));
#4082 = VECTOR('',#4083,1.);
#4083 = DIRECTION('',(-0.,-0.,-1.));
#4084 = PLANE('',#4085);
#4085 = AXIS2_PLACEMENT_3D('',#4086,#4087,#4088);
#4086 = CARTESIAN_POINT('',(-24.5,-31.,4.));
#4087 = DIRECTION('',(0.,-1.,0.));
#4088 = DIRECTION('',(1.,0.,0.));
#4089 = ADVANCED_FACE('',(#4090),#4101,.F.);
#4090 = FACE_BOUND('',#4091,.F.);
#4091 = EDGE_LOOP('',(#4092,#4093,#4099,#4100));
#4092 = ORIENTED_EDGE('',*,*,#1899,.F.);
#4093 = ORIENTED_EDGE('',*,*,#4094,.T.);
#4094 = EDGE_CURVE('',#1900,#724,#4095,.T.);
#4095 = LINE('',#4096,#4097);
#4096 = CARTESIAN_POINT('',(-24.5,-7.,4.));
#4097 = VECTOR('',#4098,1.);
#4098 = DIRECTION('',(-0.,-0.,-1.));
#4099 = ORIENTED_EDGE('',*,*,#723,.T.);
#4100 = ORIENTED_EDGE('',*,*,#4060,.F.);
#4101 = CYLINDRICAL_SURFACE('',#4102,3.5);
#4102 = AXIS2_PLACEMENT_3D('',#4103,#4104,#4105);
#4103 = CARTESIAN_POINT('',(-24.5,-10.5,4.));
#4104 = DIRECTION('',(0.,0.,1.));
#4105 = DIRECTION('',(1.,0.,0.));
#4106 = ADVANCED_FACE('',(#4107),#4118,.F.);
#4107 = FACE_BOUND('',#4108,.F.);
#4108 = EDGE_LOOP('',(#4109,#4110,#4111,#4112));
#4109 = ORIENTED_EDGE('',*,*,#1933,.F.);
#4110 = ORIENTED_EDGE('',*,*,#4079,.T.);
#4111 = ORIENTED_EDGE('',*,*,#757,.T.);
#4112 = ORIENTED_EDGE('',*,*,#4113,.F.);
#4113 = EDGE_CURVE('',#1926,#750,#4114,.T.);
#4114 = LINE('',#4115,#4116);
#4115 = CARTESIAN_POINT('',(28.,-27.5,4.));
#4116 = VECTOR('',#4117,1.);
#4117 = DIRECTION('',(-0.,-0.,-1.));
#4118 = CYLINDRICAL_SURFACE('',#4119,3.5);
#4119 = AXIS2_PLACEMENT_3D('',#4120,#4121,#4122);
#4120 = CARTESIAN_POINT('',(24.5,-27.5,4.));
#4121 = DIRECTION('',(0.,0.,1.));
#4122 = DIRECTION('',(1.,0.,0.));
#4123 = ADVANCED_FACE('',(#4124),#4135,.F.);
#4124 = FACE_BOUND('',#4125,.F.);
#4125 = EDGE_LOOP('',(#4126,#4127,#4133,#4134));
#4126 = ORIENTED_EDGE('',*,*,#1908,.F.);
#4127 = ORIENTED_EDGE('',*,*,#4128,.T.);
#4128 = EDGE_CURVE('',#1909,#733,#4129,.T.);
#4129 = LINE('',#4130,#4131);
#4130 = CARTESIAN_POINT('',(24.5,-7.,4.));
#4131 = VECTOR('',#4132,1.);
#4132 = DIRECTION('',(-0.,-0.,-1.));
#4133 = ORIENTED_EDGE('',*,*,#732,.F.);
#4134 = ORIENTED_EDGE('',*,*,#4094,.F.);
#4135 = PLANE('',#4136);
#4136 = AXIS2_PLACEMENT_3D('',#4137,#4138,#4139);
#4137 = CARTESIAN_POINT('',(24.5,-7.,4.));
#4138 = DIRECTION('',(0.,1.,0.));
#4139 = DIRECTION('',(-1.,0.,0.));
#4140 = ADVANCED_FACE('',(#4141),#4152,.F.);
#4141 = FACE_BOUND('',#4142,.F.);
#4142 = EDGE_LOOP('',(#4143,#4144,#4145,#4146));
#4143 = ORIENTED_EDGE('',*,*,#1925,.F.);
#4144 = ORIENTED_EDGE('',*,*,#4113,.T.);
#4145 = ORIENTED_EDGE('',*,*,#749,.F.);
#4146 = ORIENTED_EDGE('',*,*,#4147,.F.);
#4147 = EDGE_CURVE('',#1917,#741,#4148,.T.);
#4148 = LINE('',#4149,#4150);
#4149 = CARTESIAN_POINT('',(28.,-10.5,4.));
#4150 = VECTOR('',#4151,1.);
#4151 = DIRECTION('',(-0.,-0.,-1.));
#4152 = PLANE('',#4153);
#4153 = AXIS2_PLACEMENT_3D('',#4154,#4155,#4156);
#4154 = CARTESIAN_POINT('',(28.,-27.5,4.));
#4155 = DIRECTION('',(1.,0.,0.));
#4156 = DIRECTION('',(0.,1.,0.));
#4157 = ADVANCED_FACE('',(#4158),#4164,.F.);
#4158 = FACE_BOUND('',#4159,.F.);
#4159 = EDGE_LOOP('',(#4160,#4161,#4162,#4163));
#4160 = ORIENTED_EDGE('',*,*,#1916,.F.);
#4161 = ORIENTED_EDGE('',*,*,#4147,.T.);
#4162 = ORIENTED_EDGE('',*,*,#740,.T.);
#4163 = ORIENTED_EDGE('',*,*,#4128,.F.);
#4164 = CYLINDRICAL_SURFACE('',#4165,3.5);
#4165 = AXIS2_PLACEMENT_3D('',#4166,#4167,#4168);
#4166 = CARTESIAN_POINT('',(24.5,-10.5,4.));
#4167 = DIRECTION('',(0.,0.,1.));
#4168 = DIRECTION('',(1.,0.,0.));
#4169 = ADVANCED_FACE('',(#4170),#4186,.F.);
#4170 = FACE_BOUND('',#4171,.F.);
#4171 = EDGE_LOOP('',(#4172,#4173,#4179,#4180));
#4172 = ORIENTED_EDGE('',*,*,#2020,.F.);
#4173 = ORIENTED_EDGE('',*,*,#4174,.T.);
#4174 = EDGE_CURVE('',#1962,#775,#4175,.T.);
#4175 = LINE('',#4176,#4177);
#4176 = CARTESIAN_POINT('',(-69.99999999999,-26.,4.));
#4177 = VECTOR('',#4178,1.);
#4178 = DIRECTION('',(-0.,-0.,-1.));
#4179 = ORIENTED_EDGE('',*,*,#774,.T.);
#4180 = ORIENTED_EDGE('',*,*,#4181,.F.);
#4181 = EDGE_CURVE('',#2013,#777,#4182,.T.);
#4182 = LINE('',#4183,#4184);
#4183 = CARTESIAN_POINT('',(-66.49999999999,-29.5,4.));
#4184 = VECTOR('',#4185,1.);
#4185 = DIRECTION('',(-0.,-0.,-1.));
#4186 = CYLINDRICAL_SURFACE('',#4187,3.5);
#4187 = AXIS2_PLACEMENT_3D('',#4188,#4189,#4190);
#4188 = CARTESIAN_POINT('',(-66.49999999999,-26.,4.));
#4189 = DIRECTION('',(0.,0.,1.));
#4190 = DIRECTION('',(1.,0.,0.));
#4191 = ADVANCED_FACE('',(#4192),#4203,.F.);
#4192 = FACE_BOUND('',#4193,.F.);
#4193 = EDGE_LOOP('',(#4194,#4195,#4201,#4202));
#4194 = ORIENTED_EDGE('',*,*,#1959,.F.);
#4195 = ORIENTED_EDGE('',*,*,#4196,.T.);
#4196 = EDGE_CURVE('',#1960,#786,#4197,.T.);
#4197 = LINE('',#4198,#4199);
#4198 = CARTESIAN_POINT('',(-69.99999999999,26.,4.));
#4199 = VECTOR('',#4200,1.);
#4200 = DIRECTION('',(-0.,-0.,-1.));
#4201 = ORIENTED_EDGE('',*,*,#785,.F.);
#4202 = ORIENTED_EDGE('',*,*,#4174,.F.);
#4203 = PLANE('',#4204);
#4204 = AXIS2_PLACEMENT_3D('',#4205,#4206,#4207);
#4205 = CARTESIAN_POINT('',(-69.99999999999,26.,4.));
#4206 = DIRECTION('',(-1.,0.,0.));
#4207 = DIRECTION('',(0.,-1.,0.));
#4208 = ADVANCED_FACE('',(#4209),#4220,.F.);
#4209 = FACE_BOUND('',#4210,.F.);
#4210 = EDGE_LOOP('',(#4211,#4212,#4213,#4214));
#4211 = ORIENTED_EDGE('',*,*,#2012,.F.);
#4212 = ORIENTED_EDGE('',*,*,#4181,.T.);
#4213 = ORIENTED_EDGE('',*,*,#836,.F.);
#4214 = ORIENTED_EDGE('',*,*,#4215,.F.);
#4215 = EDGE_CURVE('',#2004,#828,#4216,.T.);
#4216 = LINE('',#4217,#4218);
#4217 = CARTESIAN_POINT('',(-46.49999999999,-29.5,4.));
#4218 = VECTOR('',#4219,1.);
#4219 = DIRECTION('',(-0.,-0.,-1.));
#4220 = PLANE('',#4221);
#4221 = AXIS2_PLACEMENT_3D('',#4222,#4223,#4224);
#4222 = CARTESIAN_POINT('',(-66.49999999999,-29.5,4.));
#4223 = DIRECTION('',(0.,-1.,0.));
#4224 = DIRECTION('',(1.,0.,0.));
#4225 = ADVANCED_FACE('',(#4226),#4237,.F.);
#4226 = FACE_BOUND('',#4227,.F.);
#4227 = EDGE_LOOP('',(#4228,#4229,#4235,#4236));
#4228 = ORIENTED_EDGE('',*,*,#1969,.F.);
#4229 = ORIENTED_EDGE('',*,*,#4230,.T.);
#4230 = EDGE_CURVE('',#1970,#794,#4231,.T.);
#4231 = LINE('',#4232,#4233);
#4232 = CARTESIAN_POINT('',(-66.49999999999,29.5,4.));
#4233 = VECTOR('',#4234,1.);
#4234 = DIRECTION('',(-0.,-0.,-1.));
#4235 = ORIENTED_EDGE('',*,*,#793,.T.);
#4236 = ORIENTED_EDGE('',*,*,#4196,.F.);
#4237 = CYLINDRICAL_SURFACE('',#4238,3.5);
#4238 = AXIS2_PLACEMENT_3D('',#4239,#4240,#4241);
#4239 = CARTESIAN_POINT('',(-66.49999999999,26.,4.));
#4240 = DIRECTION('',(0.,0.,1.));
#4241 = DIRECTION('',(1.,0.,0.));
#4242 = ADVANCED_FACE('',(#4243),#4254,.F.);
#4243 = FACE_BOUND('',#4244,.F.);
#4244 = EDGE_LOOP('',(#4245,#4246,#4247,#4248));
#4245 = ORIENTED_EDGE('',*,*,#2003,.F.);
#4246 = ORIENTED_EDGE('',*,*,#4215,.T.);
#4247 = ORIENTED_EDGE('',*,*,#827,.T.);
#4248 = ORIENTED_EDGE('',*,*,#4249,.F.);
#4249 = EDGE_CURVE('',#1996,#820,#4250,.T.);
#4250 = LINE('',#4251,#4252);
#4251 = CARTESIAN_POINT('',(-42.99999999999,-26.,4.));
#4252 = VECTOR('',#4253,1.);
#4253 = DIRECTION('',(-0.,-0.,-1.));
#4254 = CYLINDRICAL_SURFACE('',#4255,3.5);
#4255 = AXIS2_PLACEMENT_3D('',#4256,#4257,#4258);
#4256 = CARTESIAN_POINT('',(-46.49999999999,-26.,4.));
#4257 = DIRECTION('',(0.,0.,1.));
#4258 = DIRECTION('',(1.,0.,0.));
#4259 = ADVANCED_FACE('',(#4260),#4271,.F.);
#4260 = FACE_BOUND('',#4261,.F.);
#4261 = EDGE_LOOP('',(#4262,#4263,#4269,#4270));
#4262 = ORIENTED_EDGE('',*,*,#1978,.F.);
#4263 = ORIENTED_EDGE('',*,*,#4264,.T.);
#4264 = EDGE_CURVE('',#1979,#803,#4265,.T.);
#4265 = LINE('',#4266,#4267);
#4266 = CARTESIAN_POINT('',(-46.49999999999,29.5,4.));
#4267 = VECTOR('',#4268,1.);
#4268 = DIRECTION('',(-0.,-0.,-1.));
#4269 = ORIENTED_EDGE('',*,*,#802,.F.);
#4270 = ORIENTED_EDGE('',*,*,#4230,.F.);
#4271 = PLANE('',#4272);
#4272 = AXIS2_PLACEMENT_3D('',#4273,#4274,#4275);
#4273 = CARTESIAN_POINT('',(-46.49999999999,29.5,4.));
#4274 = DIRECTION('',(0.,1.,0.));
#4275 = DIRECTION('',(-1.,0.,0.));
#4276 = ADVANCED_FACE('',(#4277),#4288,.F.);
#4277 = FACE_BOUND('',#4278,.F.);
#4278 = EDGE_LOOP('',(#4279,#4280,#4281,#4282));
#4279 = ORIENTED_EDGE('',*,*,#1995,.F.);
#4280 = ORIENTED_EDGE('',*,*,#4249,.T.);
#4281 = ORIENTED_EDGE('',*,*,#819,.F.);
#4282 = ORIENTED_EDGE('',*,*,#4283,.F.);
#4283 = EDGE_CURVE('',#1987,#811,#4284,.T.);
#4284 = LINE('',#4285,#4286);
#4285 = CARTESIAN_POINT('',(-42.99999999999,26.,4.));
#4286 = VECTOR('',#4287,1.);
#4287 = DIRECTION('',(-0.,-0.,-1.));
#4288 = PLANE('',#4289);
#4289 = AXIS2_PLACEMENT_3D('',#4290,#4291,#4292);
#4290 = CARTESIAN_POINT('',(-42.99999999999,-26.,4.));
#4291 = DIRECTION('',(1.,0.,0.));
#4292 = DIRECTION('',(0.,1.,0.));
#4293 = ADVANCED_FACE('',(#4294),#4300,.F.);
#4294 = FACE_BOUND('',#4295,.F.);
#4295 = EDGE_LOOP('',(#4296,#4297,#4298,#4299));
#4296 = ORIENTED_EDGE('',*,*,#1986,.F.);
#4297 = ORIENTED_EDGE('',*,*,#4283,.T.);
#4298 = ORIENTED_EDGE('',*,*,#810,.T.);
#4299 = ORIENTED_EDGE('',*,*,#4264,.F.);
#4300 = CYLINDRICAL_SURFACE('',#4301,3.5);
#4301 = AXIS2_PLACEMENT_3D('',#4302,#4303,#4304);
#4302 = CARTESIAN_POINT('',(-46.49999999999,26.,4.));
#4303 = DIRECTION('',(0.,0.,1.));
#4304 = DIRECTION('',(1.,0.,0.));
#4305 = ADVANCED_FACE('',(#4306),#4331,.F.);
#4306 = FACE_BOUND('',#4307,.F.);
#4307 = EDGE_LOOP('',(#4308,#4316,#4324,#4330));
#4308 = ORIENTED_EDGE('',*,*,#4309,.T.);
#4309 = EDGE_CURVE('',#845,#4310,#4312,.T.);
#4310 = VERTEX_POINT('',#4311);
#4311 = CARTESIAN_POINT('',(-23.,2.598076211353,1.6));
#4312 = LINE('',#4313,#4314);
#4313 = CARTESIAN_POINT('',(-23.,2.598076211353,0.));
#4314 = VECTOR('',#4315,1.);
#4315 = DIRECTION('',(0.,0.,1.));
#4316 = ORIENTED_EDGE('',*,*,#4317,.T.);
#4317 = EDGE_CURVE('',#4310,#4318,#4320,.T.);
#4318 = VERTEX_POINT('',#4319);
#4319 = CARTESIAN_POINT('',(-21.5,0.,1.6));
#4320 = LINE('',#4321,#4322);
#4321 = CARTESIAN_POINT('',(-23.,2.598076211353,1.6));
#4322 = VECTOR('',#4323,1.);
#4323 = DIRECTION('',(0.5,-0.866025403784,0.));
#4324 = ORIENTED_EDGE('',*,*,#4325,.F.);
#4325 = EDGE_CURVE('',#847,#4318,#4326,.T.);
#4326 = LINE('',#4327,#4328);
#4327 = CARTESIAN_POINT('',(-21.5,0.,0.));
#4328 = VECTOR('',#4329,1.);
#4329 = DIRECTION('',(0.,0.,1.));
#4330 = ORIENTED_EDGE('',*,*,#844,.F.);
#4331 = PLANE('',#4332);
#4332 = AXIS2_PLACEMENT_3D('',#4333,#4334,#4335);
#4333 = CARTESIAN_POINT('',(-23.,2.598076211353,0.));
#4334 = DIRECTION('',(0.866025403784,0.5,0.));
#4335 = DIRECTION('',(0.5,-0.866025403784,0.));
#4336 = ADVANCED_FACE('',(#4337),#4355,.F.);
#4337 = FACE_BOUND('',#4338,.F.);
#4338 = EDGE_LOOP('',(#4339,#4347,#4353,#4354));
#4339 = ORIENTED_EDGE('',*,*,#4340,.T.);
#4340 = EDGE_CURVE('',#879,#4341,#4343,.T.);
#4341 = VERTEX_POINT('',#4342);
#4342 = CARTESIAN_POINT('',(-26.,2.598076211353,1.6));
#4343 = LINE('',#4344,#4345);
#4344 = CARTESIAN_POINT('',(-26.,2.598076211353,0.));
#4345 = VECTOR('',#4346,1.);
#4346 = DIRECTION('',(0.,0.,1.));
#4347 = ORIENTED_EDGE('',*,*,#4348,.T.);
#4348 = EDGE_CURVE('',#4341,#4310,#4349,.T.);
#4349 = LINE('',#4350,#4351);
#4350 = CARTESIAN_POINT('',(-26.,2.598076211353,1.6));
#4351 = VECTOR('',#4352,1.);
#4352 = DIRECTION('',(1.,0.,0.));
#4353 = ORIENTED_EDGE('',*,*,#4309,.F.);
#4354 = ORIENTED_EDGE('',*,*,#886,.F.);
#4355 = PLANE('',#4356);
#4356 = AXIS2_PLACEMENT_3D('',#4357,#4358,#4359);
#4357 = CARTESIAN_POINT('',(-26.,2.598076211353,0.));
#4358 = DIRECTION('',(0.,1.,0.));
#4359 = DIRECTION('',(1.,0.,0.));
#4360 = ADVANCED_FACE('',(#4361),#4379,.F.);
#4361 = FACE_BOUND('',#4362,.F.);
#4362 = EDGE_LOOP('',(#4363,#4364,#4372,#4378));
#4363 = ORIENTED_EDGE('',*,*,#4325,.T.);
#4364 = ORIENTED_EDGE('',*,*,#4365,.T.);
#4365 = EDGE_CURVE('',#4318,#4366,#4368,.T.);
#4366 = VERTEX_POINT('',#4367);
#4367 = CARTESIAN_POINT('',(-23.,-2.598076211353,1.6));
#4368 = LINE('',#4369,#4370);
#4369 = CARTESIAN_POINT('',(-21.5,0.,1.6));
#4370 = VECTOR('',#4371,1.);
#4371 = DIRECTION('',(-0.5,-0.866025403784,0.));
#4372 = ORIENTED_EDGE('',*,*,#4373,.F.);
#4373 = EDGE_CURVE('',#855,#4366,#4374,.T.);
#4374 = LINE('',#4375,#4376);
#4375 = CARTESIAN_POINT('',(-23.,-2.598076211353,0.));
#4376 = VECTOR('',#4377,1.);
#4377 = DIRECTION('',(0.,0.,1.));
#4378 = ORIENTED_EDGE('',*,*,#854,.F.);
#4379 = PLANE('',#4380);
#4380 = AXIS2_PLACEMENT_3D('',#4381,#4382,#4383);
#4381 = CARTESIAN_POINT('',(-21.5,0.,0.));
#4382 = DIRECTION('',(0.866025403784,-0.5,0.));
#4383 = DIRECTION('',(-0.5,-0.866025403784,0.));
#4384 = ADVANCED_FACE('',(#4385),#4403,.F.);
#4385 = FACE_BOUND('',#4386,.F.);
#4386 = EDGE_LOOP('',(#4387,#4395,#4401,#4402));
#4387 = ORIENTED_EDGE('',*,*,#4388,.T.);
#4388 = EDGE_CURVE('',#871,#4389,#4391,.T.);
#4389 = VERTEX_POINT('',#4390);
#4390 = CARTESIAN_POINT('',(-27.5,0.,1.6));
#4391 = LINE('',#4392,#4393);
#4392 = CARTESIAN_POINT('',(-27.5,0.,0.));
#4393 = VECTOR('',#4394,1.);
#4394 = DIRECTION('',(0.,0.,1.));
#4395 = ORIENTED_EDGE('',*,*,#4396,.T.);
#4396 = EDGE_CURVE('',#4389,#4341,#4397,.T.);
#4397 = LINE('',#4398,#4399);
#4398 = CARTESIAN_POINT('',(-27.5,0.,1.6));
#4399 = VECTOR('',#4400,1.);
#4400 = DIRECTION('',(0.5,0.866025403784,0.));
#4401 = ORIENTED_EDGE('',*,*,#4340,.F.);
#4402 = ORIENTED_EDGE('',*,*,#878,.F.);
#4403 = PLANE('',#4404);
#4404 = AXIS2_PLACEMENT_3D('',#4405,#4406,#4407);
#4405 = CARTESIAN_POINT('',(-27.5,0.,0.));
#4406 = DIRECTION('',(-0.866025403784,0.5,0.));
#4407 = DIRECTION('',(0.5,0.866025403784,0.));
#4408 = ADVANCED_FACE('',(#4409),#4427,.F.);
#4409 = FACE_BOUND('',#4410,.F.);
#4410 = EDGE_LOOP('',(#4411,#4412,#4420,#4426));
#4411 = ORIENTED_EDGE('',*,*,#4373,.T.);
#4412 = ORIENTED_EDGE('',*,*,#4413,.T.);
#4413 = EDGE_CURVE('',#4366,#4414,#4416,.T.);
#4414 = VERTEX_POINT('',#4415);
#4415 = CARTESIAN_POINT('',(-26.,-2.598076211353,1.6));
#4416 = LINE('',#4417,#4418);
#4417 = CARTESIAN_POINT('',(-23.,-2.598076211353,1.6));
#4418 = VECTOR('',#4419,1.);
#4419 = DIRECTION('',(-1.,0.,0.));
#4420 = ORIENTED_EDGE('',*,*,#4421,.F.);
#4421 = EDGE_CURVE('',#863,#4414,#4422,.T.);
#4422 = LINE('',#4423,#4424);
#4423 = CARTESIAN_POINT('',(-26.,-2.598076211353,0.));
#4424 = VECTOR('',#4425,1.);
#4425 = DIRECTION('',(0.,0.,1.));
#4426 = ORIENTED_EDGE('',*,*,#862,.F.);
#4427 = PLANE('',#4428);
#4428 = AXIS2_PLACEMENT_3D('',#4429,#4430,#4431);
#4429 = CARTESIAN_POINT('',(-23.,-2.598076211353,0.));
#4430 = DIRECTION('',(0.,-1.,0.));
#4431 = DIRECTION('',(-1.,0.,0.));
#4432 = ADVANCED_FACE('',(#4433),#4444,.F.);
#4433 = FACE_BOUND('',#4434,.F.);
#4434 = EDGE_LOOP('',(#4435,#4436,#4442,#4443));
#4435 = ORIENTED_EDGE('',*,*,#4421,.T.);
#4436 = ORIENTED_EDGE('',*,*,#4437,.T.);
#4437 = EDGE_CURVE('',#4414,#4389,#4438,.T.);
#4438 = LINE('',#4439,#4440);
#4439 = CARTESIAN_POINT('',(-26.,-2.598076211353,1.6));
#4440 = VECTOR('',#4441,1.);
#4441 = DIRECTION('',(-0.5,0.866025403784,-0.));
#4442 = ORIENTED_EDGE('',*,*,#4388,.F.);
#4443 = ORIENTED_EDGE('',*,*,#870,.F.);
#4444 = PLANE('',#4445);
#4445 = AXIS2_PLACEMENT_3D('',#4446,#4447,#4448);
#4446 = CARTESIAN_POINT('',(-26.,-2.598076211353,0.));
#4447 = DIRECTION('',(-0.866025403784,-0.5,0.));
#4448 = DIRECTION('',(-0.5,0.866025403784,0.));
#4449 = ADVANCED_FACE('',(#4450),#4468,.F.);
#4450 = FACE_BOUND('',#4451,.T.);
#4451 = EDGE_LOOP('',(#4452,#4459,#4460,#4461));
#4452 = ORIENTED_EDGE('',*,*,#4453,.F.);
#4453 = EDGE_CURVE('',#895,#4454,#4456,.T.);
#4454 = VERTEX_POINT('',#4455);
#4455 = CARTESIAN_POINT('',(-32.25,80.,1.25));
#4456 = B_SPLINE_CURVE_WITH_KNOTS('',1,(#4457,#4458),.UNSPECIFIED.,.F.,
  .F.,(2,2),(0.,1.),.PIECEWISE_BEZIER_KNOTS.);
#4457 = CARTESIAN_POINT('',(-31.,80.,0.));
#4458 = CARTESIAN_POINT('',(-33.,80.,2.));
#4459 = ORIENTED_EDGE('',*,*,#894,.T.);
#4460 = ORIENTED_EDGE('',*,*,#4453,.T.);
#4461 = ORIENTED_EDGE('',*,*,#4462,.F.);
#4462 = EDGE_CURVE('',#4454,#4454,#4463,.T.);
#4463 = CIRCLE('',#4464,2.75);
#4464 = AXIS2_PLACEMENT_3D('',#4465,#4466,#4467);
#4465 = CARTESIAN_POINT('',(-35.,80.,1.25));
#4466 = DIRECTION('',(0.,0.,-1.));
#4467 = DIRECTION('',(0.,1.,0.));
#4468 = CONICAL_SURFACE('',#4469,4.,0.785398163397);
#4469 = AXIS2_PLACEMENT_3D('',#4470,#4471,#4472);
#4470 = CARTESIAN_POINT('',(-35.,80.,0.));
#4471 = DIRECTION('',(-0.,-0.,-1.));
#4472 = DIRECTION('',(1.,0.,0.));
#4473 = ADVANCED_FACE('',(#4474),#4499,.F.);
#4474 = FACE_BOUND('',#4475,.F.);
#4475 = EDGE_LOOP('',(#4476,#4484,#4492,#4498));
#4476 = ORIENTED_EDGE('',*,*,#4477,.T.);
#4477 = EDGE_CURVE('',#906,#4478,#4480,.T.);
#4478 = VERTEX_POINT('',#4479);
#4479 = CARTESIAN_POINT('',(-23.,60.598076211353,1.6));
#4480 = LINE('',#4481,#4482);
#4481 = CARTESIAN_POINT('',(-23.,60.598076211353,0.));
#4482 = VECTOR('',#4483,1.);
#4483 = DIRECTION('',(0.,0.,1.));
#4484 = ORIENTED_EDGE('',*,*,#4485,.T.);
#4485 = EDGE_CURVE('',#4478,#4486,#4488,.T.);
#4486 = VERTEX_POINT('',#4487);
#4487 = CARTESIAN_POINT('',(-21.5,58.,1.6));
#4488 = LINE('',#4489,#4490);
#4489 = CARTESIAN_POINT('',(-23.,60.598076211353,1.6));
#4490 = VECTOR('',#4491,1.);
#4491 = DIRECTION('',(0.5,-0.866025403784,0.));
#4492 = ORIENTED_EDGE('',*,*,#4493,.F.);
#4493 = EDGE_CURVE('',#908,#4486,#4494,.T.);
#4494 = LINE('',#4495,#4496);
#4495 = CARTESIAN_POINT('',(-21.5,58.,0.));
#4496 = VECTOR('',#4497,1.);
#4497 = DIRECTION('',(0.,0.,1.));
#4498 = ORIENTED_EDGE('',*,*,#905,.F.);
#4499 = PLANE('',#4500);
#4500 = AXIS2_PLACEMENT_3D('',#4501,#4502,#4503);
#4501 = CARTESIAN_POINT('',(-23.,60.598076211353,0.));
#4502 = DIRECTION('',(0.866025403784,0.5,0.));
#4503 = DIRECTION('',(0.5,-0.866025403784,0.));
#4504 = ADVANCED_FACE('',(#4505),#4523,.F.);
#4505 = FACE_BOUND('',#4506,.F.);
#4506 = EDGE_LOOP('',(#4507,#4515,#4521,#4522));
#4507 = ORIENTED_EDGE('',*,*,#4508,.T.);
#4508 = EDGE_CURVE('',#940,#4509,#4511,.T.);
#4509 = VERTEX_POINT('',#4510);
#4510 = CARTESIAN_POINT('',(-26.,60.598076211353,1.6));
#4511 = LINE('',#4512,#4513);
#4512 = CARTESIAN_POINT('',(-26.,60.598076211353,0.));
#4513 = VECTOR('',#4514,1.);
#4514 = DIRECTION('',(0.,0.,1.));
#4515 = ORIENTED_EDGE('',*,*,#4516,.T.);
#4516 = EDGE_CURVE('',#4509,#4478,#4517,.T.);
#4517 = LINE('',#4518,#4519);
#4518 = CARTESIAN_POINT('',(-26.,60.598076211353,1.6));
#4519 = VECTOR('',#4520,1.);
#4520 = DIRECTION('',(1.,0.,0.));
#4521 = ORIENTED_EDGE('',*,*,#4477,.F.);
#4522 = ORIENTED_EDGE('',*,*,#947,.F.);
#4523 = PLANE('',#4524);
#4524 = AXIS2_PLACEMENT_3D('',#4525,#4526,#4527);
#4525 = CARTESIAN_POINT('',(-26.,60.598076211353,0.));
#4526 = DIRECTION('',(0.,1.,0.));
#4527 = DIRECTION('',(1.,0.,0.));
#4528 = ADVANCED_FACE('',(#4529),#4547,.F.);
#4529 = FACE_BOUND('',#4530,.F.);
#4530 = EDGE_LOOP('',(#4531,#4532,#4540,#4546));
#4531 = ORIENTED_EDGE('',*,*,#4493,.T.);
#4532 = ORIENTED_EDGE('',*,*,#4533,.T.);
#4533 = EDGE_CURVE('',#4486,#4534,#4536,.T.);
#4534 = VERTEX_POINT('',#4535);
#4535 = CARTESIAN_POINT('',(-23.,55.401923788647,1.6));
#4536 = LINE('',#4537,#4538);
#4537 = CARTESIAN_POINT('',(-21.5,58.,1.6));
#4538 = VECTOR('',#4539,1.);
#4539 = DIRECTION('',(-0.5,-0.866025403784,0.));
#4540 = ORIENTED_EDGE('',*,*,#4541,.F.);
#4541 = EDGE_CURVE('',#916,#4534,#4542,.T.);
#4542 = LINE('',#4543,#4544);
#4543 = CARTESIAN_POINT('',(-23.,55.401923788647,0.));
#4544 = VECTOR('',#4545,1.);
#4545 = DIRECTION('',(0.,0.,1.));
#4546 = ORIENTED_EDGE('',*,*,#915,.F.);
#4547 = PLANE('',#4548);
#4548 = AXIS2_PLACEMENT_3D('',#4549,#4550,#4551);
#4549 = CARTESIAN_POINT('',(-21.5,58.,0.));
#4550 = DIRECTION('',(0.866025403784,-0.5,0.));
#4551 = DIRECTION('',(-0.5,-0.866025403784,0.));
#4552 = ADVANCED_FACE('',(#4553),#4571,.F.);
#4553 = FACE_BOUND('',#4554,.F.);
#4554 = EDGE_LOOP('',(#4555,#4563,#4569,#4570));
#4555 = ORIENTED_EDGE('',*,*,#4556,.T.);
#4556 = EDGE_CURVE('',#932,#4557,#4559,.T.);
#4557 = VERTEX_POINT('',#4558);
#4558 = CARTESIAN_POINT('',(-27.5,58.,1.6));
#4559 = LINE('',#4560,#4561);
#4560 = CARTESIAN_POINT('',(-27.5,58.,0.));
#4561 = VECTOR('',#4562,1.);
#4562 = DIRECTION('',(0.,0.,1.));
#4563 = ORIENTED_EDGE('',*,*,#4564,.T.);
#4564 = EDGE_CURVE('',#4557,#4509,#4565,.T.);
#4565 = LINE('',#4566,#4567);
#4566 = CARTESIAN_POINT('',(-27.5,58.,1.6));
#4567 = VECTOR('',#4568,1.);
#4568 = DIRECTION('',(0.5,0.866025403784,0.));
#4569 = ORIENTED_EDGE('',*,*,#4508,.F.);
#4570 = ORIENTED_EDGE('',*,*,#939,.F.);
#4571 = PLANE('',#4572);
#4572 = AXIS2_PLACEMENT_3D('',#4573,#4574,#4575);
#4573 = CARTESIAN_POINT('',(-27.5,58.,0.));
#4574 = DIRECTION('',(-0.866025403784,0.5,0.));
#4575 = DIRECTION('',(0.5,0.866025403784,0.));
#4576 = ADVANCED_FACE('',(#4577),#4595,.F.);
#4577 = FACE_BOUND('',#4578,.F.);
#4578 = EDGE_LOOP('',(#4579,#4580,#4588,#4594));
#4579 = ORIENTED_EDGE('',*,*,#4541,.T.);
#4580 = ORIENTED_EDGE('',*,*,#4581,.T.);
#4581 = EDGE_CURVE('',#4534,#4582,#4584,.T.);
#4582 = VERTEX_POINT('',#4583);
#4583 = CARTESIAN_POINT('',(-26.,55.401923788647,1.6));
#4584 = LINE('',#4585,#4586);
#4585 = CARTESIAN_POINT('',(-23.,55.401923788647,1.6));
#4586 = VECTOR('',#4587,1.);
#4587 = DIRECTION('',(-1.,0.,0.));
#4588 = ORIENTED_EDGE('',*,*,#4589,.F.);
#4589 = EDGE_CURVE('',#924,#4582,#4590,.T.);
#4590 = LINE('',#4591,#4592);
#4591 = CARTESIAN_POINT('',(-26.,55.401923788647,0.));
#4592 = VECTOR('',#4593,1.);
#4593 = DIRECTION('',(0.,0.,1.));
#4594 = ORIENTED_EDGE('',*,*,#923,.F.);
#4595 = PLANE('',#4596);
#4596 = AXIS2_PLACEMENT_3D('',#4597,#4598,#4599);
#4597 = CARTESIAN_POINT('',(-23.,55.401923788647,0.));
#4598 = DIRECTION('',(0.,-1.,0.));
#4599 = DIRECTION('',(-1.,0.,0.));
#4600 = ADVANCED_FACE('',(#4601),#4612,.F.);
#4601 = FACE_BOUND('',#4602,.F.);
#4602 = EDGE_LOOP('',(#4603,#4604,#4610,#4611));
#4603 = ORIENTED_EDGE('',*,*,#4589,.T.);
#4604 = ORIENTED_EDGE('',*,*,#4605,.T.);
#4605 = EDGE_CURVE('',#4582,#4557,#4606,.T.);
#4606 = LINE('',#4607,#4608);
#4607 = CARTESIAN_POINT('',(-26.,55.401923788647,1.6));
#4608 = VECTOR('',#4609,1.);
#4609 = DIRECTION('',(-0.5,0.866025403784,-0.));
#4610 = ORIENTED_EDGE('',*,*,#4556,.F.);
#4611 = ORIENTED_EDGE('',*,*,#931,.F.);
#4612 = PLANE('',#4613);
#4613 = AXIS2_PLACEMENT_3D('',#4614,#4615,#4616);
#4614 = CARTESIAN_POINT('',(-26.,55.401923788647,0.));
#4615 = DIRECTION('',(-0.866025403784,-0.5,0.));
#4616 = DIRECTION('',(-0.5,0.866025403784,0.));
#4617 = ADVANCED_FACE('',(#4618),#4711,.F.);
#4618 = FACE_BOUND('',#4619,.T.);
#4619 = EDGE_LOOP('',(#4620,#4628,#4629,#4630,#4639,#4667,#4676,#4704));
#4620 = ORIENTED_EDGE('',*,*,#4621,.F.);
#4621 = EDGE_CURVE('',#956,#4622,#4624,.T.);
#4622 = VERTEX_POINT('',#4623);
#4623 = CARTESIAN_POINT('',(-18.25,92.5,2.));
#4624 = LINE('',#4625,#4626);
#4625 = CARTESIAN_POINT('',(-18.25,92.5,0.));
#4626 = VECTOR('',#4627,1.);
#4627 = DIRECTION('',(0.,0.,1.));
#4628 = ORIENTED_EDGE('',*,*,#955,.F.);
#4629 = ORIENTED_EDGE('',*,*,#4621,.T.);
#4630 = ORIENTED_EDGE('',*,*,#4631,.F.);
#4631 = EDGE_CURVE('',#4632,#4622,#4634,.T.);
#4632 = VERTEX_POINT('',#4633);
#4633 = CARTESIAN_POINT('',(-20.2,95.131064423385,2.));
#4634 = CIRCLE('',#4635,2.75);
#4635 = AXIS2_PLACEMENT_3D('',#4636,#4637,#4638);
#4636 = CARTESIAN_POINT('',(-21.,92.5,2.));
#4637 = DIRECTION('',(0.,0.,-1.));
#4638 = DIRECTION('',(1.,0.,0.));
#4639 = ORIENTED_EDGE('',*,*,#4640,.T.);
#4640 = EDGE_CURVE('',#4632,#4641,#4643,.T.);
#4641 = VERTEX_POINT('',#4642);
#4642 = CARTESIAN_POINT('',(-21.8,95.131064423385,2.));
#4643 = B_SPLINE_CURVE_WITH_KNOTS('',8,(#4644,#4645,#4646,#4647,#4648,
    #4649,#4650,#4651,#4652,#4653,#4654,#4655,#4656,#4657,#4658,#4659,
    #4660,#4661,#4662,#4663,#4664,#4665,#4666),.UNSPECIFIED.,.F.,.F.,(9,
    7,7,9),(0.,0.426636411488,0.68867019247,1.),.UNSPECIFIED.);
#4644 = CARTESIAN_POINT('',(-20.20000016429,95.131064473341,
    2.000512713156));
#4645 = CARTESIAN_POINT('',(-20.19991999916,95.131040098381,
    1.875428953364));
#4646 = CARTESIAN_POINT('',(-20.22219056412,95.13781235002,
    1.749495493957));
#4647 = CARTESIAN_POINT('',(-20.26733774121,95.151538731168,
    1.62698467605));
#4648 = CARTESIAN_POINT('',(-20.33511080579,95.171005223128,
    1.512247939966));
#4649 = CARTESIAN_POINT('',(-20.42465358453,95.193441322677,
    1.409807123495));
#4650 = CARTESIAN_POINT('',(-20.5342042037,95.215231531202,
    1.324446165315));
#4651 = CARTESIAN_POINT('',(-20.66108194826,95.232641240762,
    1.261070668293));
#4652 = CARTESIAN_POINT('',(-20.88701322688,95.249029442613,
    1.203061375501));
#4653 = CARTESIAN_POINT('',(-20.97641727673,95.252418998377,
    1.191724316279));
#4654 = CARTESIAN_POINT('',(-21.06725127527,95.252411717059,
    1.191941749113));
#4655 = CARTESIAN_POINT('',(-21.15735095716,95.248815438442,
    1.203913080882));
#4656 = CARTESIAN_POINT('',(-21.24456180695,95.241904065212,
    1.227253849681));
#4657 = CARTESIAN_POINT('',(-21.32686186872,95.232386991333,
    1.260999115922));
#4658 = CARTESIAN_POINT('',(-21.40250261826,95.221252752875,
    1.303580887804));
#4659 = CARTESIAN_POINT('',(-21.55069489898,95.19553427621,
    1.411248882066));
#4660 = CARTESIAN_POINT('',(-21.62096083317,95.180526396331,
    1.479768723496));
#4661 = CARTESIAN_POINT('',(-21.68022836931,95.165804357593,
    1.556327947014));
#4662 = CARTESIAN_POINT('',(-21.7279964618,95.152622739582,
    1.639095550285));
#4663 = CARTESIAN_POINT('',(-21.76396890085,95.142019888425,
    1.726383327485));
#4664 = CARTESIAN_POINT('',(-21.78799008802,95.134716177511,
    1.816618173805));
#4665 = CARTESIAN_POINT('',(-21.8,95.131064423385,1.908310702556));
#4666 = CARTESIAN_POINT('',(-21.8,95.131064423385,2.));
#4667 = ORIENTED_EDGE('',*,*,#4668,.F.);
#4668 = EDGE_CURVE('',#4669,#4641,#4671,.T.);
#4669 = VERTEX_POINT('',#4670);
#4670 = CARTESIAN_POINT('',(-21.8,89.868935576615,2.));
#4671 = CIRCLE('',#4672,2.75);
#4672 = AXIS2_PLACEMENT_3D('',#4673,#4674,#4675);
#4673 = CARTESIAN_POINT('',(-21.,92.5,2.));
#4674 = DIRECTION('',(0.,0.,-1.));
#4675 = DIRECTION('',(1.,0.,0.));
#4676 = ORIENTED_EDGE('',*,*,#4677,.F.);
#4677 = EDGE_CURVE('',#4678,#4669,#4680,.T.);
#4678 = VERTEX_POINT('',#4679);
#4679 = CARTESIAN_POINT('',(-20.2,89.868935576615,2.));
#4680 = B_SPLINE_CURVE_WITH_KNOTS('',8,(#4681,#4682,#4683,#4684,#4685,
    #4686,#4687,#4688,#4689,#4690,#4691,#4692,#4693,#4694,#4695,#4696,
    #4697,#4698,#4699,#4700,#4701,#4702,#4703),.UNSPECIFIED.,.F.,.F.,(9,
    7,7,9),(0.,0.388349419481,0.668724372519,1.),.UNSPECIFIED.);
#4681 = CARTESIAN_POINT('',(-20.20000016429,89.868935526659,
    2.000512713156));
#4682 = CARTESIAN_POINT('',(-20.19992691079,89.868957800075,
    1.886213339254));
#4683 = CARTESIAN_POINT('',(-20.21851675019,89.863305096393,
    1.771575866988));
#4684 = CARTESIAN_POINT('',(-20.25595845084,89.851920042203,
    1.659621875781));
#4685 = CARTESIAN_POINT('',(-20.31211449588,89.835643226144,
    1.553459534224));
#4686 = CARTESIAN_POINT('',(-20.38649472998,89.816304870798,
    1.45637583473));
#4687 = CARTESIAN_POINT('',(-20.47809152653,89.796419370709,
    1.371899692048));
#4688 = CARTESIAN_POINT('',(-20.58528954351,89.778762500982,
    1.303773639645));
#4689 = CARTESIAN_POINT('',(-20.79228844026,89.75646660972,
    1.221816978631));
#4690 = CARTESIAN_POINT('',(-20.88517890095,89.749646246266,
    1.198425865691));
#4691 = CARTESIAN_POINT('',(-20.98186415916,89.746342265497,
    1.187741640268));
#4692 = CARTESIAN_POINT('',(-21.07965165959,89.747183902634,
    1.190596650434));
#4693 = CARTESIAN_POINT('',(-21.17574973587,89.752180668686,
    1.206979454954));
#4694 = CARTESIAN_POINT('',(-21.26745627756,89.760686077649,
    1.23605112811));
#4695 = CARTESIAN_POINT('',(-21.35235966496,89.77157378528,
    1.276115083274));
#4696 = CARTESIAN_POINT('',(-21.51881541299,89.797841472212,
    1.381751113162));
#4697 = CARTESIAN_POINT('',(-21.59786124049,89.813820157109,
    1.451205242061));
#4698 = CARTESIAN_POINT('',(-21.66470047678,89.829938842425,
    1.530420887772));
#4699 = CARTESIAN_POINT('',(-21.71864667058,89.844626527079,
    1.617158184969));
#4700 = CARTESIAN_POINT('',(-21.75929558682,89.856559144578,
    1.709354921722));
#4701 = CARTESIAN_POINT('',(-21.78643784838,89.864811862224,
    1.805093603629));
#4702 = CARTESIAN_POINT('',(-21.8,89.868935576615,1.902565506221));
#4703 = CARTESIAN_POINT('',(-21.8,89.868935576615,2.));
#4704 = ORIENTED_EDGE('',*,*,#4705,.F.);
#4705 = EDGE_CURVE('',#4622,#4678,#4706,.T.);
#4706 = CIRCLE('',#4707,2.75);
#4707 = AXIS2_PLACEMENT_3D('',#4708,#4709,#4710);
#4708 = CARTESIAN_POINT('',(-21.,92.5,2.));
#4709 = DIRECTION('',(0.,0.,-1.));
#4710 = DIRECTION('',(1.,0.,0.));
#4711 = CYLINDRICAL_SURFACE('',#4712,2.75);
#4712 = AXIS2_PLACEMENT_3D('',#4713,#4714,#4715);
#4713 = CARTESIAN_POINT('',(-21.,92.5,0.));
#4714 = DIRECTION('',(-0.,-0.,-1.));
#4715 = DIRECTION('',(1.,0.,0.));
#4716 = ADVANCED_FACE('',(#4717),#4733,.F.);
#4717 = FACE_BOUND('',#4718,.F.);
#4718 = EDGE_LOOP('',(#4719,#4720,#4726,#4727));
#4719 = ORIENTED_EDGE('',*,*,#2145,.F.);
#4720 = ORIENTED_EDGE('',*,*,#4721,.T.);
#4721 = EDGE_CURVE('',#2087,#967,#4722,.T.);
#4722 = LINE('',#4723,#4724);
#4723 = CARTESIAN_POINT('',(-14.8,75.4,4.));
#4724 = VECTOR('',#4725,1.);
#4725 = DIRECTION('',(-0.,-0.,-1.));
#4726 = ORIENTED_EDGE('',*,*,#966,.T.);
#4727 = ORIENTED_EDGE('',*,*,#4728,.F.);
#4728 = EDGE_CURVE('',#2138,#969,#4729,.T.);
#4729 = LINE('',#4730,#4731);
#4730 = CARTESIAN_POINT('',(-14.4,75.,4.));
#4731 = VECTOR('',#4732,1.);
#4732 = DIRECTION('',(-0.,-0.,-1.));
#4733 = CYLINDRICAL_SURFACE('',#4734,0.4);
#4734 = AXIS2_PLACEMENT_3D('',#4735,#4736,#4737);
#4735 = CARTESIAN_POINT('',(-14.4,75.4,4.));
#4736 = DIRECTION('',(0.,0.,1.));
#4737 = DIRECTION('',(1.,0.,0.));
#4738 = ADVANCED_FACE('',(#4739),#4750,.F.);
#4739 = FACE_BOUND('',#4740,.F.);
#4740 = EDGE_LOOP('',(#4741,#4742,#4748,#4749));
#4741 = ORIENTED_EDGE('',*,*,#2084,.F.);
#4742 = ORIENTED_EDGE('',*,*,#4743,.T.);
#4743 = EDGE_CURVE('',#2085,#978,#4744,.T.);
#4744 = LINE('',#4745,#4746);
#4745 = CARTESIAN_POINT('',(-14.8,83.4,4.));
#4746 = VECTOR('',#4747,1.);
#4747 = DIRECTION('',(-0.,-0.,-1.));
#4748 = ORIENTED_EDGE('',*,*,#977,.F.);
#4749 = ORIENTED_EDGE('',*,*,#4721,.F.);
#4750 = PLANE('',#4751);
#4751 = AXIS2_PLACEMENT_3D('',#4752,#4753,#4754);
#4752 = CARTESIAN_POINT('',(-14.8,83.4,4.));
#4753 = DIRECTION('',(-1.,0.,0.));
#4754 = DIRECTION('',(0.,-1.,0.));
#4755 = ADVANCED_FACE('',(#4756),#4767,.F.);
#4756 = FACE_BOUND('',#4757,.F.);
#4757 = EDGE_LOOP('',(#4758,#4759,#4760,#4761));
#4758 = ORIENTED_EDGE('',*,*,#2137,.F.);
#4759 = ORIENTED_EDGE('',*,*,#4728,.T.);
#4760 = ORIENTED_EDGE('',*,*,#1028,.F.);
#4761 = ORIENTED_EDGE('',*,*,#4762,.F.);
#4762 = EDGE_CURVE('',#2129,#1020,#4763,.T.);
#4763 = LINE('',#4764,#4765);
#4764 = CARTESIAN_POINT('',(-6.399999999999,75.,4.));
#4765 = VECTOR('',#4766,1.);
#4766 = DIRECTION('',(-0.,-0.,-1.));
#4767 = PLANE('',#4768);
#4768 = AXIS2_PLACEMENT_3D('',#4769,#4770,#4771);
#4769 = CARTESIAN_POINT('',(-14.4,75.,4.));
#4770 = DIRECTION('',(0.,-1.,0.));
#4771 = DIRECTION('',(1.,0.,0.));
#4772 = ADVANCED_FACE('',(#4773),#4784,.F.);
#4773 = FACE_BOUND('',#4774,.F.);
#4774 = EDGE_LOOP('',(#4775,#4776,#4782,#4783));
#4775 = ORIENTED_EDGE('',*,*,#2094,.F.);
#4776 = ORIENTED_EDGE('',*,*,#4777,.T.);
#4777 = EDGE_CURVE('',#2095,#986,#4778,.T.);
#4778 = LINE('',#4779,#4780);
#4779 = CARTESIAN_POINT('',(-14.4,83.8,4.));
#4780 = VECTOR('',#4781,1.);
#4781 = DIRECTION('',(-0.,-0.,-1.));
#4782 = ORIENTED_EDGE('',*,*,#985,.T.);
#4783 = ORIENTED_EDGE('',*,*,#4743,.F.);
#4784 = CYLINDRICAL_SURFACE('',#4785,0.4);
#4785 = AXIS2_PLACEMENT_3D('',#4786,#4787,#4788);
#4786 = CARTESIAN_POINT('',(-14.4,83.4,4.));
#4787 = DIRECTION('',(0.,0.,1.));
#4788 = DIRECTION('',(1.,0.,0.));
#4789 = ADVANCED_FACE('',(#4790),#4801,.F.);
#4790 = FACE_BOUND('',#4791,.F.);
#4791 = EDGE_LOOP('',(#4792,#4793,#4794,#4795));
#4792 = ORIENTED_EDGE('',*,*,#2128,.F.);
#4793 = ORIENTED_EDGE('',*,*,#4762,.T.);
#4794 = ORIENTED_EDGE('',*,*,#1019,.T.);
#4795 = ORIENTED_EDGE('',*,*,#4796,.F.);
#4796 = EDGE_CURVE('',#2121,#1012,#4797,.T.);
#4797 = LINE('',#4798,#4799);
#4798 = CARTESIAN_POINT('',(-6.,75.4,4.));
#4799 = VECTOR('',#4800,1.);
#4800 = DIRECTION('',(-0.,-0.,-1.));
#4801 = CYLINDRICAL_SURFACE('',#4802,0.4);
#4802 = AXIS2_PLACEMENT_3D('',#4803,#4804,#4805);
#4803 = CARTESIAN_POINT('',(-6.4,75.4,4.));
#4804 = DIRECTION('',(0.,0.,1.));
#4805 = DIRECTION('',(1.,0.,0.));
#4806 = ADVANCED_FACE('',(#4807),#4818,.F.);
#4807 = FACE_BOUND('',#4808,.F.);
#4808 = EDGE_LOOP('',(#4809,#4810,#4816,#4817));
#4809 = ORIENTED_EDGE('',*,*,#2103,.F.);
#4810 = ORIENTED_EDGE('',*,*,#4811,.T.);
#4811 = EDGE_CURVE('',#2104,#995,#4812,.T.);
#4812 = LINE('',#4813,#4814);
#4813 = CARTESIAN_POINT('',(-6.4,83.8,4.));
#4814 = VECTOR('',#4815,1.);
#4815 = DIRECTION('',(-0.,-0.,-1.));
#4816 = ORIENTED_EDGE('',*,*,#994,.F.);
#4817 = ORIENTED_EDGE('',*,*,#4777,.F.);
#4818 = PLANE('',#4819);
#4819 = AXIS2_PLACEMENT_3D('',#4820,#4821,#4822);
#4820 = CARTESIAN_POINT('',(-6.4,83.8,4.));
#4821 = DIRECTION('',(0.,1.,0.));
#4822 = DIRECTION('',(-1.,0.,0.));
#4823 = ADVANCED_FACE('',(#4824),#4835,.F.);
#4824 = FACE_BOUND('',#4825,.F.);
#4825 = EDGE_LOOP('',(#4826,#4827,#4828,#4829));
#4826 = ORIENTED_EDGE('',*,*,#2120,.F.);
#4827 = ORIENTED_EDGE('',*,*,#4796,.T.);
#4828 = ORIENTED_EDGE('',*,*,#1011,.F.);
#4829 = ORIENTED_EDGE('',*,*,#4830,.F.);
#4830 = EDGE_CURVE('',#2112,#1003,#4831,.T.);
#4831 = LINE('',#4832,#4833);
#4832 = CARTESIAN_POINT('',(-6.,83.4,4.));
#4833 = VECTOR('',#4834,1.);
#4834 = DIRECTION('',(-0.,-0.,-1.));
#4835 = PLANE('',#4836);
#4836 = AXIS2_PLACEMENT_3D('',#4837,#4838,#4839);
#4837 = CARTESIAN_POINT('',(-6.,75.4,4.));
#4838 = DIRECTION('',(1.,0.,0.));
#4839 = DIRECTION('',(0.,1.,0.));
#4840 = ADVANCED_FACE('',(#4841),#4847,.F.);
#4841 = FACE_BOUND('',#4842,.F.);
#4842 = EDGE_LOOP('',(#4843,#4844,#4845,#4846));
#4843 = ORIENTED_EDGE('',*,*,#2111,.F.);
#4844 = ORIENTED_EDGE('',*,*,#4830,.T.);
#4845 = ORIENTED_EDGE('',*,*,#1002,.T.);
#4846 = ORIENTED_EDGE('',*,*,#4811,.F.);
#4847 = CYLINDRICAL_SURFACE('',#4848,0.4);
#4848 = AXIS2_PLACEMENT_3D('',#4849,#4850,#4851);
#4849 = CARTESIAN_POINT('',(-6.4,83.4,4.));
#4850 = DIRECTION('',(0.,0.,1.));
#4851 = DIRECTION('',(1.,0.,0.));
#4852 = ADVANCED_FACE('',(#4853),#4878,.F.);
#4853 = FACE_BOUND('',#4854,.F.);
#4854 = EDGE_LOOP('',(#4855,#4863,#4871,#4877));
#4855 = ORIENTED_EDGE('',*,*,#4856,.T.);
#4856 = EDGE_CURVE('',#1037,#4857,#4859,.T.);
#4857 = VERTEX_POINT('',#4858);
#4858 = CARTESIAN_POINT('',(26.,2.598076211353,1.6));
#4859 = LINE('',#4860,#4861);
#4860 = CARTESIAN_POINT('',(26.,2.598076211353,0.));
#4861 = VECTOR('',#4862,1.);
#4862 = DIRECTION('',(0.,0.,1.));
#4863 = ORIENTED_EDGE('',*,*,#4864,.T.);
#4864 = EDGE_CURVE('',#4857,#4865,#4867,.T.);
#4865 = VERTEX_POINT('',#4866);
#4866 = CARTESIAN_POINT('',(27.5,0.,1.6));
#4867 = LINE('',#4868,#4869);
#4868 = CARTESIAN_POINT('',(26.,2.598076211353,1.6));
#4869 = VECTOR('',#4870,1.);
#4870 = DIRECTION('',(0.5,-0.866025403784,0.));
#4871 = ORIENTED_EDGE('',*,*,#4872,.F.);
#4872 = EDGE_CURVE('',#1039,#4865,#4873,.T.);
#4873 = LINE('',#4874,#4875);
#4874 = CARTESIAN_POINT('',(27.5,0.,0.));
#4875 = VECTOR('',#4876,1.);
#4876 = DIRECTION('',(0.,0.,1.));
#4877 = ORIENTED_EDGE('',*,*,#1036,.F.);
#4878 = PLANE('',#4879);
#4879 = AXIS2_PLACEMENT_3D('',#4880,#4881,#4882);
#4880 = CARTESIAN_POINT('',(26.,2.598076211353,0.));
#4881 = DIRECTION('',(0.866025403784,0.5,0.));
#4882 = DIRECTION('',(0.5,-0.866025403784,0.));
#4883 = ADVANCED_FACE('',(#4884),#4902,.F.);
#4884 = FACE_BOUND('',#4885,.F.);
#4885 = EDGE_LOOP('',(#4886,#4894,#4900,#4901));
#4886 = ORIENTED_EDGE('',*,*,#4887,.T.);
#4887 = EDGE_CURVE('',#1071,#4888,#4890,.T.);
#4888 = VERTEX_POINT('',#4889);
#4889 = CARTESIAN_POINT('',(23.,2.598076211353,1.6));
#4890 = LINE('',#4891,#4892);
#4891 = CARTESIAN_POINT('',(23.,2.598076211353,0.));
#4892 = VECTOR('',#4893,1.);
#4893 = DIRECTION('',(0.,0.,1.));
#4894 = ORIENTED_EDGE('',*,*,#4895,.T.);
#4895 = EDGE_CURVE('',#4888,#4857,#4896,.T.);
#4896 = LINE('',#4897,#4898);
#4897 = CARTESIAN_POINT('',(23.,2.598076211353,1.6));
#4898 = VECTOR('',#4899,1.);
#4899 = DIRECTION('',(1.,0.,0.));
#4900 = ORIENTED_EDGE('',*,*,#4856,.F.);
#4901 = ORIENTED_EDGE('',*,*,#1078,.F.);
#4902 = PLANE('',#4903);
#4903 = AXIS2_PLACEMENT_3D('',#4904,#4905,#4906);
#4904 = CARTESIAN_POINT('',(23.,2.598076211353,0.));
#4905 = DIRECTION('',(0.,1.,0.));
#4906 = DIRECTION('',(1.,0.,0.));
#4907 = ADVANCED_FACE('',(#4908),#4926,.F.);
#4908 = FACE_BOUND('',#4909,.F.);
#4909 = EDGE_LOOP('',(#4910,#4911,#4919,#4925));
#4910 = ORIENTED_EDGE('',*,*,#4872,.T.);
#4911 = ORIENTED_EDGE('',*,*,#4912,.T.);
#4912 = EDGE_CURVE('',#4865,#4913,#4915,.T.);
#4913 = VERTEX_POINT('',#4914);
#4914 = CARTESIAN_POINT('',(26.,-2.598076211353,1.6));
#4915 = LINE('',#4916,#4917);
#4916 = CARTESIAN_POINT('',(27.5,0.,1.6));
#4917 = VECTOR('',#4918,1.);
#4918 = DIRECTION('',(-0.5,-0.866025403784,0.));
#4919 = ORIENTED_EDGE('',*,*,#4920,.F.);
#4920 = EDGE_CURVE('',#1047,#4913,#4921,.T.);
#4921 = LINE('',#4922,#4923);
#4922 = CARTESIAN_POINT('',(26.,-2.598076211353,0.));
#4923 = VECTOR('',#4924,1.);
#4924 = DIRECTION('',(0.,0.,1.));
#4925 = ORIENTED_EDGE('',*,*,#1046,.F.);
#4926 = PLANE('',#4927);
#4927 = AXIS2_PLACEMENT_3D('',#4928,#4929,#4930);
#4928 = CARTESIAN_POINT('',(27.5,0.,0.));
#4929 = DIRECTION('',(0.866025403784,-0.5,0.));
#4930 = DIRECTION('',(-0.5,-0.866025403784,0.));
#4931 = ADVANCED_FACE('',(#4932),#4950,.F.);
#4932 = FACE_BOUND('',#4933,.F.);
#4933 = EDGE_LOOP('',(#4934,#4942,#4948,#4949));
#4934 = ORIENTED_EDGE('',*,*,#4935,.T.);
#4935 = EDGE_CURVE('',#1063,#4936,#4938,.T.);
#4936 = VERTEX_POINT('',#4937);
#4937 = CARTESIAN_POINT('',(21.5,0.,1.6));
#4938 = LINE('',#4939,#4940);
#4939 = CARTESIAN_POINT('',(21.5,0.,0.));
#4940 = VECTOR('',#4941,1.);
#4941 = DIRECTION('',(0.,0.,1.));
#4942 = ORIENTED_EDGE('',*,*,#4943,.T.);
#4943 = EDGE_CURVE('',#4936,#4888,#4944,.T.);
#4944 = LINE('',#4945,#4946);
#4945 = CARTESIAN_POINT('',(21.5,0.,1.6));
#4946 = VECTOR('',#4947,1.);
#4947 = DIRECTION('',(0.5,0.866025403784,0.));
#4948 = ORIENTED_EDGE('',*,*,#4887,.F.);
#4949 = ORIENTED_EDGE('',*,*,#1070,.F.);
#4950 = PLANE('',#4951);
#4951 = AXIS2_PLACEMENT_3D('',#4952,#4953,#4954);
#4952 = CARTESIAN_POINT('',(21.5,0.,0.));
#4953 = DIRECTION('',(-0.866025403784,0.5,0.));
#4954 = DIRECTION('',(0.5,0.866025403784,0.));
#4955 = ADVANCED_FACE('',(#4956),#4974,.F.);
#4956 = FACE_BOUND('',#4957,.F.);
#4957 = EDGE_LOOP('',(#4958,#4959,#4967,#4973));
#4958 = ORIENTED_EDGE('',*,*,#4920,.T.);
#4959 = ORIENTED_EDGE('',*,*,#4960,.T.);
#4960 = EDGE_CURVE('',#4913,#4961,#4963,.T.);
#4961 = VERTEX_POINT('',#4962);
#4962 = CARTESIAN_POINT('',(23.,-2.598076211353,1.6));
#4963 = LINE('',#4964,#4965);
#4964 = CARTESIAN_POINT('',(26.,-2.598076211353,1.6));
#4965 = VECTOR('',#4966,1.);
#4966 = DIRECTION('',(-1.,0.,0.));
#4967 = ORIENTED_EDGE('',*,*,#4968,.F.);
#4968 = EDGE_CURVE('',#1055,#4961,#4969,.T.);
#4969 = LINE('',#4970,#4971);
#4970 = CARTESIAN_POINT('',(23.,-2.598076211353,0.));
#4971 = VECTOR('',#4972,1.);
#4972 = DIRECTION('',(0.,0.,1.));
#4973 = ORIENTED_EDGE('',*,*,#1054,.F.);
#4974 = PLANE('',#4975);
#4975 = AXIS2_PLACEMENT_3D('',#4976,#4977,#4978);
#4976 = CARTESIAN_POINT('',(26.,-2.598076211353,0.));
#4977 = DIRECTION('',(0.,-1.,0.));
#4978 = DIRECTION('',(-1.,0.,0.));
#4979 = ADVANCED_FACE('',(#4980),#4991,.F.);
#4980 = FACE_BOUND('',#4981,.F.);
#4981 = EDGE_LOOP('',(#4982,#4983,#4989,#4990));
#4982 = ORIENTED_EDGE('',*,*,#4968,.T.);
#4983 = ORIENTED_EDGE('',*,*,#4984,.T.);
#4984 = EDGE_CURVE('',#4961,#4936,#4985,.T.);
#4985 = LINE('',#4986,#4987);
#4986 = CARTESIAN_POINT('',(23.,-2.598076211353,1.6));
#4987 = VECTOR('',#4988,1.);
#4988 = DIRECTION('',(-0.5,0.866025403784,-0.));
#4989 = ORIENTED_EDGE('',*,*,#4935,.F.);
#4990 = ORIENTED_EDGE('',*,*,#1062,.F.);
#4991 = PLANE('',#4992);
#4992 = AXIS2_PLACEMENT_3D('',#4993,#4994,#4995);
#4993 = CARTESIAN_POINT('',(23.,-2.598076211353,0.));
#4994 = DIRECTION('',(-0.866025403784,-0.5,0.));
#4995 = DIRECTION('',(-0.5,0.866025403784,0.));
#4996 = ADVANCED_FACE('',(#4997),#5013,.F.);
#4997 = FACE_BOUND('',#4998,.F.);
#4998 = EDGE_LOOP('',(#4999,#5000,#5006,#5007));
#4999 = ORIENTED_EDGE('',*,*,#2226,.F.);
#5000 = ORIENTED_EDGE('',*,*,#5001,.T.);
#5001 = EDGE_CURVE('',#2168,#1087,#5002,.T.);
#5002 = LINE('',#5003,#5004);
#5003 = CARTESIAN_POINT('',(-35.,7.5,4.));
#5004 = VECTOR('',#5005,1.);
#5005 = DIRECTION('',(-0.,-0.,-1.));
#5006 = ORIENTED_EDGE('',*,*,#1086,.T.);
#5007 = ORIENTED_EDGE('',*,*,#5008,.F.);
#5008 = EDGE_CURVE('',#2219,#1089,#5009,.T.);
#5009 = LINE('',#5010,#5011);
#5010 = CARTESIAN_POINT('',(-31.5,4.,4.));
#5011 = VECTOR('',#5012,1.);
#5012 = DIRECTION('',(-0.,-0.,-1.));
#5013 = CYLINDRICAL_SURFACE('',#5014,3.5);
#5014 = AXIS2_PLACEMENT_3D('',#5015,#5016,#5017);
#5015 = CARTESIAN_POINT('',(-31.5,7.5,4.));
#5016 = DIRECTION('',(0.,0.,1.));
#5017 = DIRECTION('',(1.,0.,0.));
#5018 = ADVANCED_FACE('',(#5019),#5030,.F.);
#5019 = FACE_BOUND('',#5020,.F.);
#5020 = EDGE_LOOP('',(#5021,#5022,#5028,#5029));
#5021 = ORIENTED_EDGE('',*,*,#2165,.F.);
#5022 = ORIENTED_EDGE('',*,*,#5023,.T.);
#5023 = EDGE_CURVE('',#2166,#1098,#5024,.T.);
#5024 = LINE('',#5025,#5026);
#5025 = CARTESIAN_POINT('',(-35.,50.5,4.));
#5026 = VECTOR('',#5027,1.);
#5027 = DIRECTION('',(-0.,-0.,-1.));
#5028 = ORIENTED_EDGE('',*,*,#1097,.F.);
#5029 = ORIENTED_EDGE('',*,*,#5001,.F.);
#5030 = PLANE('',#5031);
#5031 = AXIS2_PLACEMENT_3D('',#5032,#5033,#5034);
#5032 = CARTESIAN_POINT('',(-35.,50.5,4.));
#5033 = DIRECTION('',(-1.,0.,0.));
#5034 = DIRECTION('',(0.,-1.,0.));
#5035 = ADVANCED_FACE('',(#5036),#5047,.F.);
#5036 = FACE_BOUND('',#5037,.F.);
#5037 = EDGE_LOOP('',(#5038,#5039,#5040,#5041));
#5038 = ORIENTED_EDGE('',*,*,#2218,.F.);
#5039 = ORIENTED_EDGE('',*,*,#5008,.T.);
#5040 = ORIENTED_EDGE('',*,*,#1148,.F.);
#5041 = ORIENTED_EDGE('',*,*,#5042,.F.);
#5042 = EDGE_CURVE('',#2210,#1140,#5043,.T.);
#5043 = LINE('',#5044,#5045);
#5044 = CARTESIAN_POINT('',(31.5,4.,4.));
#5045 = VECTOR('',#5046,1.);
#5046 = DIRECTION('',(-0.,-0.,-1.));
#5047 = PLANE('',#5048);
#5048 = AXIS2_PLACEMENT_3D('',#5049,#5050,#5051);
#5049 = CARTESIAN_POINT('',(-31.5,4.,4.));
#5050 = DIRECTION('',(0.,-1.,0.));
#5051 = DIRECTION('',(1.,0.,0.));
#5052 = ADVANCED_FACE('',(#5053),#5064,.F.);
#5053 = FACE_BOUND('',#5054,.F.);
#5054 = EDGE_LOOP('',(#5055,#5056,#5062,#5063));
#5055 = ORIENTED_EDGE('',*,*,#2175,.F.);
#5056 = ORIENTED_EDGE('',*,*,#5057,.T.);
#5057 = EDGE_CURVE('',#2176,#1106,#5058,.T.);
#5058 = LINE('',#5059,#5060);
#5059 = CARTESIAN_POINT('',(-31.5,54.,4.));
#5060 = VECTOR('',#5061,1.);
#5061 = DIRECTION('',(-0.,-0.,-1.));
#5062 = ORIENTED_EDGE('',*,*,#1105,.T.);
#5063 = ORIENTED_EDGE('',*,*,#5023,.F.);
#5064 = CYLINDRICAL_SURFACE('',#5065,3.5);
#5065 = AXIS2_PLACEMENT_3D('',#5066,#5067,#5068);
#5066 = CARTESIAN_POINT('',(-31.5,50.5,4.));
#5067 = DIRECTION('',(0.,0.,1.));
#5068 = DIRECTION('',(1.,0.,0.));
#5069 = ADVANCED_FACE('',(#5070),#5081,.F.);
#5070 = FACE_BOUND('',#5071,.F.);
#5071 = EDGE_LOOP('',(#5072,#5073,#5074,#5075));
#5072 = ORIENTED_EDGE('',*,*,#2209,.F.);
#5073 = ORIENTED_EDGE('',*,*,#5042,.T.);
#5074 = ORIENTED_EDGE('',*,*,#1139,.T.);
#5075 = ORIENTED_EDGE('',*,*,#5076,.F.);
#5076 = EDGE_CURVE('',#2202,#1132,#5077,.T.);
#5077 = LINE('',#5078,#5079);
#5078 = CARTESIAN_POINT('',(35.,7.5,4.));
#5079 = VECTOR('',#5080,1.);
#5080 = DIRECTION('',(-0.,-0.,-1.));
#5081 = CYLINDRICAL_SURFACE('',#5082,3.5);
#5082 = AXIS2_PLACEMENT_3D('',#5083,#5084,#5085);
#5083 = CARTESIAN_POINT('',(31.5,7.5,4.));
#5084 = DIRECTION('',(0.,0.,1.));
#5085 = DIRECTION('',(1.,0.,0.));
#5086 = ADVANCED_FACE('',(#5087),#5098,.F.);
#5087 = FACE_BOUND('',#5088,.F.);
#5088 = EDGE_LOOP('',(#5089,#5090,#5096,#5097));
#5089 = ORIENTED_EDGE('',*,*,#2184,.F.);
#5090 = ORIENTED_EDGE('',*,*,#5091,.T.);
#5091 = EDGE_CURVE('',#2185,#1115,#5092,.T.);
#5092 = LINE('',#5093,#5094);
#5093 = CARTESIAN_POINT('',(31.5,54.,4.));
#5094 = VECTOR('',#5095,1.);
#5095 = DIRECTION('',(-0.,-0.,-1.));
#5096 = ORIENTED_EDGE('',*,*,#1114,.F.);
#5097 = ORIENTED_EDGE('',*,*,#5057,.F.);
#5098 = PLANE('',#5099);
#5099 = AXIS2_PLACEMENT_3D('',#5100,#5101,#5102);
#5100 = CARTESIAN_POINT('',(31.5,54.,4.));
#5101 = DIRECTION('',(0.,1.,0.));
#5102 = DIRECTION('',(-1.,0.,0.));
#5103 = ADVANCED_FACE('',(#5104),#5115,.F.);
#5104 = FACE_BOUND('',#5105,.F.);
#5105 = EDGE_LOOP('',(#5106,#5107,#5108,#5109));
#5106 = ORIENTED_EDGE('',*,*,#2201,.F.);
#5107 = ORIENTED_EDGE('',*,*,#5076,.T.);
#5108 = ORIENTED_EDGE('',*,*,#1131,.F.);
#5109 = ORIENTED_EDGE('',*,*,#5110,.F.);
#5110 = EDGE_CURVE('',#2193,#1123,#5111,.T.);
#5111 = LINE('',#5112,#5113);
#5112 = CARTESIAN_POINT('',(35.,50.5,4.));
#5113 = VECTOR('',#5114,1.);
#5114 = DIRECTION('',(-0.,-0.,-1.));
#5115 = PLANE('',#5116);
#5116 = AXIS2_PLACEMENT_3D('',#5117,#5118,#5119);
#5117 = CARTESIAN_POINT('',(35.,7.5,4.));
#5118 = DIRECTION('',(1.,0.,0.));
#5119 = DIRECTION('',(0.,1.,0.));
#5120 = ADVANCED_FACE('',(#5121),#5127,.F.);
#5121 = FACE_BOUND('',#5122,.F.);
#5122 = EDGE_LOOP('',(#5123,#5124,#5125,#5126));
#5123 = ORIENTED_EDGE('',*,*,#2192,.F.);
#5124 = ORIENTED_EDGE('',*,*,#5110,.T.);
#5125 = ORIENTED_EDGE('',*,*,#1122,.T.);
#5126 = ORIENTED_EDGE('',*,*,#5091,.F.);
#5127 = CYLINDRICAL_SURFACE('',#5128,3.5);
#5128 = AXIS2_PLACEMENT_3D('',#5129,#5130,#5131);
#5129 = CARTESIAN_POINT('',(31.5,50.5,4.));
#5130 = DIRECTION('',(0.,0.,1.));
#5131 = DIRECTION('',(1.,0.,0.));
#5132 = ADVANCED_FACE('',(#5133),#5149,.F.);
#5133 = FACE_BOUND('',#5134,.F.);
#5134 = EDGE_LOOP('',(#5135,#5136,#5142,#5143));
#5135 = ORIENTED_EDGE('',*,*,#2296,.F.);
#5136 = ORIENTED_EDGE('',*,*,#5137,.T.);
#5137 = EDGE_CURVE('',#2238,#1157,#5138,.T.);
#5138 = LINE('',#5139,#5140);
#5139 = CARTESIAN_POINT('',(46.499999999998,29.5,4.));
#5140 = VECTOR('',#5141,1.);
#5141 = DIRECTION('',(-0.,-0.,-1.));
#5142 = ORIENTED_EDGE('',*,*,#1156,.T.);
#5143 = ORIENTED_EDGE('',*,*,#5144,.F.);
#5144 = EDGE_CURVE('',#2289,#1159,#5145,.T.);
#5145 = LINE('',#5146,#5147);
#5146 = CARTESIAN_POINT('',(42.999999999998,26.,4.));
#5147 = VECTOR('',#5148,1.);
#5148 = DIRECTION('',(-0.,-0.,-1.));
#5149 = CYLINDRICAL_SURFACE('',#5150,3.5);
#5150 = AXIS2_PLACEMENT_3D('',#5151,#5152,#5153);
#5151 = CARTESIAN_POINT('',(46.499999999998,26.,4.));
#5152 = DIRECTION('',(0.,0.,1.));
#5153 = DIRECTION('',(1.,0.,0.));
#5154 = ADVANCED_FACE('',(#5155),#5166,.F.);
#5155 = FACE_BOUND('',#5156,.F.);
#5156 = EDGE_LOOP('',(#5157,#5158,#5164,#5165));
#5157 = ORIENTED_EDGE('',*,*,#2235,.F.);
#5158 = ORIENTED_EDGE('',*,*,#5159,.T.);
#5159 = EDGE_CURVE('',#2236,#1168,#5160,.T.);
#5160 = LINE('',#5161,#5162);
#5161 = CARTESIAN_POINT('',(66.499999999998,29.5,4.));
#5162 = VECTOR('',#5163,1.);
#5163 = DIRECTION('',(-0.,-0.,-1.));
#5164 = ORIENTED_EDGE('',*,*,#1167,.F.);
#5165 = ORIENTED_EDGE('',*,*,#5137,.F.);
#5166 = PLANE('',#5167);
#5167 = AXIS2_PLACEMENT_3D('',#5168,#5169,#5170);
#5168 = CARTESIAN_POINT('',(66.499999999998,29.5,4.));
#5169 = DIRECTION('',(0.,1.,0.));
#5170 = DIRECTION('',(-1.,0.,0.));
#5171 = ADVANCED_FACE('',(#5172),#5183,.F.);
#5172 = FACE_BOUND('',#5173,.F.);
#5173 = EDGE_LOOP('',(#5174,#5175,#5176,#5177));
#5174 = ORIENTED_EDGE('',*,*,#2288,.F.);
#5175 = ORIENTED_EDGE('',*,*,#5144,.T.);
#5176 = ORIENTED_EDGE('',*,*,#1218,.F.);
#5177 = ORIENTED_EDGE('',*,*,#5178,.F.);
#5178 = EDGE_CURVE('',#2280,#1210,#5179,.T.);
#5179 = LINE('',#5180,#5181);
#5180 = CARTESIAN_POINT('',(42.999999999998,-26.,4.));
#5181 = VECTOR('',#5182,1.);
#5182 = DIRECTION('',(-0.,-0.,-1.));
#5183 = PLANE('',#5184);
#5184 = AXIS2_PLACEMENT_3D('',#5185,#5186,#5187);
#5185 = CARTESIAN_POINT('',(42.999999999998,26.,4.));
#5186 = DIRECTION('',(-1.,2.732856676E-16,0.));
#5187 = DIRECTION('',(-2.732856676E-16,-1.,0.));
#5188 = ADVANCED_FACE('',(#5189),#5200,.F.);
#5189 = FACE_BOUND('',#5190,.F.);
#5190 = EDGE_LOOP('',(#5191,#5192,#5198,#5199));
#5191 = ORIENTED_EDGE('',*,*,#2245,.F.);
#5192 = ORIENTED_EDGE('',*,*,#5193,.T.);
#5193 = EDGE_CURVE('',#2246,#1176,#5194,.T.);
#5194 = LINE('',#5195,#5196);
#5195 = CARTESIAN_POINT('',(69.999999999999,25.999999999999,4.));
#5196 = VECTOR('',#5197,1.);
#5197 = DIRECTION('',(-0.,-0.,-1.));
#5198 = ORIENTED_EDGE('',*,*,#1175,.T.);
#5199 = ORIENTED_EDGE('',*,*,#5159,.F.);
#5200 = CYLINDRICAL_SURFACE('',#5201,3.5);
#5201 = AXIS2_PLACEMENT_3D('',#5202,#5203,#5204);
#5202 = CARTESIAN_POINT('',(66.499999999999,26.,4.));
#5203 = DIRECTION('',(0.,0.,1.));
#5204 = DIRECTION('',(1.,0.,0.));
#5205 = ADVANCED_FACE('',(#5206),#5217,.F.);
#5206 = FACE_BOUND('',#5207,.F.);
#5207 = EDGE_LOOP('',(#5208,#5209,#5210,#5211));
#5208 = ORIENTED_EDGE('',*,*,#2279,.F.);
#5209 = ORIENTED_EDGE('',*,*,#5178,.T.);
#5210 = ORIENTED_EDGE('',*,*,#1209,.T.);
#5211 = ORIENTED_EDGE('',*,*,#5212,.F.);
#5212 = EDGE_CURVE('',#2272,#1202,#5213,.T.);
#5213 = LINE('',#5214,#5215);
#5214 = CARTESIAN_POINT('',(46.499999999998,-29.5,4.));
#5215 = VECTOR('',#5216,1.);
#5216 = DIRECTION('',(-0.,-0.,-1.));
#5217 = CYLINDRICAL_SURFACE('',#5218,3.5);
#5218 = AXIS2_PLACEMENT_3D('',#5219,#5220,#5221);
#5219 = CARTESIAN_POINT('',(46.499999999998,-26.,4.));
#5220 = DIRECTION('',(0.,0.,1.));
#5221 = DIRECTION('',(1.,0.,0.));
#5222 = ADVANCED_FACE('',(#5223),#5234,.F.);
#5223 = FACE_BOUND('',#5224,.F.);
#5224 = EDGE_LOOP('',(#5225,#5226,#5232,#5233));
#5225 = ORIENTED_EDGE('',*,*,#2254,.F.);
#5226 = ORIENTED_EDGE('',*,*,#5227,.T.);
#5227 = EDGE_CURVE('',#2255,#1185,#5228,.T.);
#5228 = LINE('',#5229,#5230);
#5229 = CARTESIAN_POINT('',(69.999999999999,-25.99999999999,4.));
#5230 = VECTOR('',#5231,1.);
#5231 = DIRECTION('',(-0.,-0.,-1.));
#5232 = ORIENTED_EDGE('',*,*,#1184,.F.);
#5233 = ORIENTED_EDGE('',*,*,#5193,.F.);
#5234 = PLANE('',#5235);
#5235 = AXIS2_PLACEMENT_3D('',#5236,#5237,#5238);
#5236 = CARTESIAN_POINT('',(69.999999999999,-25.99999999999,4.));
#5237 = DIRECTION('',(1.,0.,0.));
#5238 = DIRECTION('',(0.,1.,0.));
#5239 = ADVANCED_FACE('',(#5240),#5251,.F.);
#5240 = FACE_BOUND('',#5241,.F.);
#5241 = EDGE_LOOP('',(#5242,#5243,#5244,#5245));
#5242 = ORIENTED_EDGE('',*,*,#2271,.F.);
#5243 = ORIENTED_EDGE('',*,*,#5212,.T.);
#5244 = ORIENTED_EDGE('',*,*,#1201,.F.);
#5245 = ORIENTED_EDGE('',*,*,#5246,.F.);
#5246 = EDGE_CURVE('',#2263,#1193,#5247,.T.);
#5247 = LINE('',#5248,#5249);
#5248 = CARTESIAN_POINT('',(66.499999999998,-29.5,4.));
#5249 = VECTOR('',#5250,1.);
#5250 = DIRECTION('',(-0.,-0.,-1.));
#5251 = PLANE('',#5252);
#5252 = AXIS2_PLACEMENT_3D('',#5253,#5254,#5255);
#5253 = CARTESIAN_POINT('',(46.499999999998,-29.5,4.));
#5254 = DIRECTION('',(0.,-1.,0.));
#5255 = DIRECTION('',(1.,0.,0.));
#5256 = ADVANCED_FACE('',(#5257),#5263,.F.);
#5257 = FACE_BOUND('',#5258,.F.);
#5258 = EDGE_LOOP('',(#5259,#5260,#5261,#5262));
#5259 = ORIENTED_EDGE('',*,*,#2262,.F.);
#5260 = ORIENTED_EDGE('',*,*,#5246,.T.);
#5261 = ORIENTED_EDGE('',*,*,#1192,.T.);
#5262 = ORIENTED_EDGE('',*,*,#5227,.F.);
#5263 = CYLINDRICAL_SURFACE('',#5264,3.5);
#5264 = AXIS2_PLACEMENT_3D('',#5265,#5266,#5267);
#5265 = CARTESIAN_POINT('',(66.499999999999,-26.,4.));
#5266 = DIRECTION('',(0.,0.,1.));
#5267 = DIRECTION('',(1.,0.,0.));
#5268 = ADVANCED_FACE('',(#5269),#5294,.F.);
#5269 = FACE_BOUND('',#5270,.F.);
#5270 = EDGE_LOOP('',(#5271,#5279,#5287,#5293));
#5271 = ORIENTED_EDGE('',*,*,#5272,.T.);
#5272 = EDGE_CURVE('',#1227,#5273,#5275,.T.);
#5273 = VERTEX_POINT('',#5274);
#5274 = CARTESIAN_POINT('',(26.,60.598076211353,1.6));
#5275 = LINE('',#5276,#5277);
#5276 = CARTESIAN_POINT('',(26.,60.598076211353,0.));
#5277 = VECTOR('',#5278,1.);
#5278 = DIRECTION('',(0.,0.,1.));
#5279 = ORIENTED_EDGE('',*,*,#5280,.T.);
#5280 = EDGE_CURVE('',#5273,#5281,#5283,.T.);
#5281 = VERTEX_POINT('',#5282);
#5282 = CARTESIAN_POINT('',(27.5,58.,1.6));
#5283 = LINE('',#5284,#5285);
#5284 = CARTESIAN_POINT('',(26.,60.598076211353,1.6));
#5285 = VECTOR('',#5286,1.);
#5286 = DIRECTION('',(0.5,-0.866025403784,0.));
#5287 = ORIENTED_EDGE('',*,*,#5288,.F.);
#5288 = EDGE_CURVE('',#1229,#5281,#5289,.T.);
#5289 = LINE('',#5290,#5291);
#5290 = CARTESIAN_POINT('',(27.5,58.,0.));
#5291 = VECTOR('',#5292,1.);
#5292 = DIRECTION('',(0.,0.,1.));
#5293 = ORIENTED_EDGE('',*,*,#1226,.F.);
#5294 = PLANE('',#5295);
#5295 = AXIS2_PLACEMENT_3D('',#5296,#5297,#5298);
#5296 = CARTESIAN_POINT('',(26.,60.598076211353,0.));
#5297 = DIRECTION('',(0.866025403784,0.5,0.));
#5298 = DIRECTION('',(0.5,-0.866025403784,0.));
#5299 = ADVANCED_FACE('',(#5300),#5318,.F.);
#5300 = FACE_BOUND('',#5301,.F.);
#5301 = EDGE_LOOP('',(#5302,#5310,#5316,#5317));
#5302 = ORIENTED_EDGE('',*,*,#5303,.T.);
#5303 = EDGE_CURVE('',#1261,#5304,#5306,.T.);
#5304 = VERTEX_POINT('',#5305);
#5305 = CARTESIAN_POINT('',(23.,60.598076211353,1.6));
#5306 = LINE('',#5307,#5308);
#5307 = CARTESIAN_POINT('',(23.,60.598076211353,0.));
#5308 = VECTOR('',#5309,1.);
#5309 = DIRECTION('',(0.,0.,1.));
#5310 = ORIENTED_EDGE('',*,*,#5311,.T.);
#5311 = EDGE_CURVE('',#5304,#5273,#5312,.T.);
#5312 = LINE('',#5313,#5314);
#5313 = CARTESIAN_POINT('',(23.,60.598076211353,1.6));
#5314 = VECTOR('',#5315,1.);
#5315 = DIRECTION('',(1.,0.,0.));
#5316 = ORIENTED_EDGE('',*,*,#5272,.F.);
#5317 = ORIENTED_EDGE('',*,*,#1268,.F.);
#5318 = PLANE('',#5319);
#5319 = AXIS2_PLACEMENT_3D('',#5320,#5321,#5322);
#5320 = CARTESIAN_POINT('',(23.,60.598076211353,0.));
#5321 = DIRECTION('',(0.,1.,0.));
#5322 = DIRECTION('',(1.,0.,0.));
#5323 = ADVANCED_FACE('',(#5324),#5342,.F.);
#5324 = FACE_BOUND('',#5325,.F.);
#5325 = EDGE_LOOP('',(#5326,#5327,#5335,#5341));
#5326 = ORIENTED_EDGE('',*,*,#5288,.T.);
#5327 = ORIENTED_EDGE('',*,*,#5328,.T.);
#5328 = EDGE_CURVE('',#5281,#5329,#5331,.T.);
#5329 = VERTEX_POINT('',#5330);
#5330 = CARTESIAN_POINT('',(26.,55.401923788647,1.6));
#5331 = LINE('',#5332,#5333);
#5332 = CARTESIAN_POINT('',(27.5,58.,1.6));
#5333 = VECTOR('',#5334,1.);
#5334 = DIRECTION('',(-0.5,-0.866025403784,0.));
#5335 = ORIENTED_EDGE('',*,*,#5336,.F.);
#5336 = EDGE_CURVE('',#1237,#5329,#5337,.T.);
#5337 = LINE('',#5338,#5339);
#5338 = CARTESIAN_POINT('',(26.,55.401923788647,0.));
#5339 = VECTOR('',#5340,1.);
#5340 = DIRECTION('',(0.,0.,1.));
#5341 = ORIENTED_EDGE('',*,*,#1236,.F.);
#5342 = PLANE('',#5343);
#5343 = AXIS2_PLACEMENT_3D('',#5344,#5345,#5346);
#5344 = CARTESIAN_POINT('',(27.5,58.,0.));
#5345 = DIRECTION('',(0.866025403784,-0.5,0.));
#5346 = DIRECTION('',(-0.5,-0.866025403784,0.));
#5347 = ADVANCED_FACE('',(#5348),#5366,.F.);
#5348 = FACE_BOUND('',#5349,.F.);
#5349 = EDGE_LOOP('',(#5350,#5358,#5364,#5365));
#5350 = ORIENTED_EDGE('',*,*,#5351,.T.);
#5351 = EDGE_CURVE('',#1253,#5352,#5354,.T.);
#5352 = VERTEX_POINT('',#5353);
#5353 = CARTESIAN_POINT('',(21.5,58.,1.6));
#5354 = LINE('',#5355,#5356);
#5355 = CARTESIAN_POINT('',(21.5,58.,0.));
#5356 = VECTOR('',#5357,1.);
#5357 = DIRECTION('',(0.,0.,1.));
#5358 = ORIENTED_EDGE('',*,*,#5359,.T.);
#5359 = EDGE_CURVE('',#5352,#5304,#5360,.T.);
#5360 = LINE('',#5361,#5362);
#5361 = CARTESIAN_POINT('',(21.5,58.,1.6));
#5362 = VECTOR('',#5363,1.);
#5363 = DIRECTION('',(0.5,0.866025403784,0.));
#5364 = ORIENTED_EDGE('',*,*,#5303,.F.);
#5365 = ORIENTED_EDGE('',*,*,#1260,.F.);
#5366 = PLANE('',#5367);
#5367 = AXIS2_PLACEMENT_3D('',#5368,#5369,#5370);
#5368 = CARTESIAN_POINT('',(21.5,58.,0.));
#5369 = DIRECTION('',(-0.866025403784,0.5,0.));
#5370 = DIRECTION('',(0.5,0.866025403784,0.));
#5371 = ADVANCED_FACE('',(#5372),#5390,.F.);
#5372 = FACE_BOUND('',#5373,.F.);
#5373 = EDGE_LOOP('',(#5374,#5375,#5383,#5389));
#5374 = ORIENTED_EDGE('',*,*,#5336,.T.);
#5375 = ORIENTED_EDGE('',*,*,#5376,.T.);
#5376 = EDGE_CURVE('',#5329,#5377,#5379,.T.);
#5377 = VERTEX_POINT('',#5378);
#5378 = CARTESIAN_POINT('',(23.,55.401923788647,1.6));
#5379 = LINE('',#5380,#5381);
#5380 = CARTESIAN_POINT('',(26.,55.401923788647,1.6));
#5381 = VECTOR('',#5382,1.);
#5382 = DIRECTION('',(-1.,0.,0.));
#5383 = ORIENTED_EDGE('',*,*,#5384,.F.);
#5384 = EDGE_CURVE('',#1245,#5377,#5385,.T.);
#5385 = LINE('',#5386,#5387);
#5386 = CARTESIAN_POINT('',(23.,55.401923788647,0.));
#5387 = VECTOR('',#5388,1.);
#5388 = DIRECTION('',(0.,0.,1.));
#5389 = ORIENTED_EDGE('',*,*,#1244,.F.);
#5390 = PLANE('',#5391);
#5391 = AXIS2_PLACEMENT_3D('',#5392,#5393,#5394);
#5392 = CARTESIAN_POINT('',(26.,55.401923788647,0.));
#5393 = DIRECTION('',(0.,-1.,0.));
#5394 = DIRECTION('',(-1.,0.,0.));
#5395 = ADVANCED_FACE('',(#5396),#5407,.F.);
#5396 = FACE_BOUND('',#5397,.F.);
#5397 = EDGE_LOOP('',(#5398,#5399,#5405,#5406));
#5398 = ORIENTED_EDGE('',*,*,#5384,.T.);
#5399 = ORIENTED_EDGE('',*,*,#5400,.T.);
#5400 = EDGE_CURVE('',#5377,#5352,#5401,.T.);
#5401 = LINE('',#5402,#5403);
#5402 = CARTESIAN_POINT('',(23.,55.401923788647,1.6));
#5403 = VECTOR('',#5404,1.);
#5404 = DIRECTION('',(-0.5,0.866025403784,-0.));
#5405 = ORIENTED_EDGE('',*,*,#5351,.F.);
#5406 = ORIENTED_EDGE('',*,*,#1252,.F.);
#5407 = PLANE('',#5408);
#5408 = AXIS2_PLACEMENT_3D('',#5409,#5410,#5411);
#5409 = CARTESIAN_POINT('',(23.,55.401923788647,0.));
#5410 = DIRECTION('',(-0.866025403784,-0.5,0.));
#5411 = DIRECTION('',(-0.5,0.866025403784,0.));
#5412 = ADVANCED_FACE('',(#5413),#5429,.F.);
#5413 = FACE_BOUND('',#5414,.F.);
#5414 = EDGE_LOOP('',(#5415,#5416,#5422,#5423));
#5415 = ORIENTED_EDGE('',*,*,#2377,.F.);
#5416 = ORIENTED_EDGE('',*,*,#5417,.T.);
#5417 = EDGE_CURVE('',#2319,#1277,#5418,.T.);
#5418 = LINE('',#5419,#5420);
#5419 = CARTESIAN_POINT('',(6.,75.4,4.));
#5420 = VECTOR('',#5421,1.);
#5421 = DIRECTION('',(-0.,-0.,-1.));
#5422 = ORIENTED_EDGE('',*,*,#1276,.T.);
#5423 = ORIENTED_EDGE('',*,*,#5424,.F.);
#5424 = EDGE_CURVE('',#2370,#1279,#5425,.T.);
#5425 = LINE('',#5426,#5427);
#5426 = CARTESIAN_POINT('',(6.4,75.,4.));
#5427 = VECTOR('',#5428,1.);
#5428 = DIRECTION('',(-0.,-0.,-1.));
#5429 = CYLINDRICAL_SURFACE('',#5430,0.4);
#5430 = AXIS2_PLACEMENT_3D('',#5431,#5432,#5433);
#5431 = CARTESIAN_POINT('',(6.4,75.4,4.));
#5432 = DIRECTION('',(0.,0.,1.));
#5433 = DIRECTION('',(1.,0.,0.));
#5434 = ADVANCED_FACE('',(#5435),#5446,.F.);
#5435 = FACE_BOUND('',#5436,.F.);
#5436 = EDGE_LOOP('',(#5437,#5438,#5444,#5445));
#5437 = ORIENTED_EDGE('',*,*,#2316,.F.);
#5438 = ORIENTED_EDGE('',*,*,#5439,.T.);
#5439 = EDGE_CURVE('',#2317,#1288,#5440,.T.);
#5440 = LINE('',#5441,#5442);
#5441 = CARTESIAN_POINT('',(6.,83.4,4.));
#5442 = VECTOR('',#5443,1.);
#5443 = DIRECTION('',(-0.,-0.,-1.));
#5444 = ORIENTED_EDGE('',*,*,#1287,.F.);
#5445 = ORIENTED_EDGE('',*,*,#5417,.F.);
#5446 = PLANE('',#5447);
#5447 = AXIS2_PLACEMENT_3D('',#5448,#5449,#5450);
#5448 = CARTESIAN_POINT('',(6.,83.4,4.));
#5449 = DIRECTION('',(-1.,0.,0.));
#5450 = DIRECTION('',(0.,-1.,0.));
#5451 = ADVANCED_FACE('',(#5452),#5463,.F.);
#5452 = FACE_BOUND('',#5453,.F.);
#5453 = EDGE_LOOP('',(#5454,#5455,#5456,#5457));
#5454 = ORIENTED_EDGE('',*,*,#2369,.F.);
#5455 = ORIENTED_EDGE('',*,*,#5424,.T.);
#5456 = ORIENTED_EDGE('',*,*,#1338,.F.);
#5457 = ORIENTED_EDGE('',*,*,#5458,.F.);
#5458 = EDGE_CURVE('',#2361,#1330,#5459,.T.);
#5459 = LINE('',#5460,#5461);
#5460 = CARTESIAN_POINT('',(14.4,75.,4.));
#5461 = VECTOR('',#5462,1.);
#5462 = DIRECTION('',(-0.,-0.,-1.));
#5463 = PLANE('',#5464);
#5464 = AXIS2_PLACEMENT_3D('',#5465,#5466,#5467);
#5465 = CARTESIAN_POINT('',(6.4,75.,4.));
#5466 = DIRECTION('',(0.,-1.,0.));
#5467 = DIRECTION('',(1.,0.,0.));
#5468 = ADVANCED_FACE('',(#5469),#5480,.F.);
#5469 = FACE_BOUND('',#5470,.F.);
#5470 = EDGE_LOOP('',(#5471,#5472,#5478,#5479));
#5471 = ORIENTED_EDGE('',*,*,#2326,.F.);
#5472 = ORIENTED_EDGE('',*,*,#5473,.T.);
#5473 = EDGE_CURVE('',#2327,#1296,#5474,.T.);
#5474 = LINE('',#5475,#5476);
#5475 = CARTESIAN_POINT('',(6.4,83.8,4.));
#5476 = VECTOR('',#5477,1.);
#5477 = DIRECTION('',(-0.,-0.,-1.));
#5478 = ORIENTED_EDGE('',*,*,#1295,.T.);
#5479 = ORIENTED_EDGE('',*,*,#5439,.F.);
#5480 = CYLINDRICAL_SURFACE('',#5481,0.4);
#5481 = AXIS2_PLACEMENT_3D('',#5482,#5483,#5484);
#5482 = CARTESIAN_POINT('',(6.4,83.4,4.));
#5483 = DIRECTION('',(0.,0.,1.));
#5484 = DIRECTION('',(1.,0.,0.));
#5485 = ADVANCED_FACE('',(#5486),#5497,.F.);
#5486 = FACE_BOUND('',#5487,.F.);
#5487 = EDGE_LOOP('',(#5488,#5489,#5490,#5491));
#5488 = ORIENTED_EDGE('',*,*,#2360,.F.);
#5489 = ORIENTED_EDGE('',*,*,#5458,.T.);
#5490 = ORIENTED_EDGE('',*,*,#1329,.T.);
#5491 = ORIENTED_EDGE('',*,*,#5492,.F.);
#5492 = EDGE_CURVE('',#2353,#1322,#5493,.T.);
#5493 = LINE('',#5494,#5495);
#5494 = CARTESIAN_POINT('',(14.8,75.4,4.));
#5495 = VECTOR('',#5496,1.);
#5496 = DIRECTION('',(-0.,-0.,-1.));
#5497 = CYLINDRICAL_SURFACE('',#5498,0.4);
#5498 = AXIS2_PLACEMENT_3D('',#5499,#5500,#5501);
#5499 = CARTESIAN_POINT('',(14.4,75.4,4.));
#5500 = DIRECTION('',(0.,0.,1.));
#5501 = DIRECTION('',(1.,0.,0.));
#5502 = ADVANCED_FACE('',(#5503),#5514,.F.);
#5503 = FACE_BOUND('',#5504,.F.);
#5504 = EDGE_LOOP('',(#5505,#5506,#5512,#5513));
#5505 = ORIENTED_EDGE('',*,*,#2335,.F.);
#5506 = ORIENTED_EDGE('',*,*,#5507,.T.);
#5507 = EDGE_CURVE('',#2336,#1305,#5508,.T.);
#5508 = LINE('',#5509,#5510);
#5509 = CARTESIAN_POINT('',(14.4,83.8,4.));
#5510 = VECTOR('',#5511,1.);
#5511 = DIRECTION('',(-0.,-0.,-1.));
#5512 = ORIENTED_EDGE('',*,*,#1304,.F.);
#5513 = ORIENTED_EDGE('',*,*,#5473,.F.);
#5514 = PLANE('',#5515);
#5515 = AXIS2_PLACEMENT_3D('',#5516,#5517,#5518);
#5516 = CARTESIAN_POINT('',(14.4,83.8,4.));
#5517 = DIRECTION('',(0.,1.,0.));
#5518 = DIRECTION('',(-1.,0.,0.));
#5519 = ADVANCED_FACE('',(#5520),#5531,.F.);
#5520 = FACE_BOUND('',#5521,.F.);
#5521 = EDGE_LOOP('',(#5522,#5523,#5524,#5525));
#5522 = ORIENTED_EDGE('',*,*,#2352,.F.);
#5523 = ORIENTED_EDGE('',*,*,#5492,.T.);
#5524 = ORIENTED_EDGE('',*,*,#1321,.F.);
#5525 = ORIENTED_EDGE('',*,*,#5526,.F.);
#5526 = EDGE_CURVE('',#2344,#1313,#5527,.T.);
#5527 = LINE('',#5528,#5529);
#5528 = CARTESIAN_POINT('',(14.8,83.4,4.));
#5529 = VECTOR('',#5530,1.);
#5530 = DIRECTION('',(-0.,-0.,-1.));
#5531 = PLANE('',#5532);
#5532 = AXIS2_PLACEMENT_3D('',#5533,#5534,#5535);
#5533 = CARTESIAN_POINT('',(14.8,75.4,4.));
#5534 = DIRECTION('',(1.,0.,0.));
#5535 = DIRECTION('',(0.,1.,0.));
#5536 = ADVANCED_FACE('',(#5537),#5543,.F.);
#5537 = FACE_BOUND('',#5538,.F.);
#5538 = EDGE_LOOP('',(#5539,#5540,#5541,#5542));
#5539 = ORIENTED_EDGE('',*,*,#2343,.F.);
#5540 = ORIENTED_EDGE('',*,*,#5526,.T.);
#5541 = ORIENTED_EDGE('',*,*,#1312,.T.);
#5542 = ORIENTED_EDGE('',*,*,#5507,.F.);
#5543 = CYLINDRICAL_SURFACE('',#5544,0.4);
#5544 = AXIS2_PLACEMENT_3D('',#5545,#5546,#5547);
#5545 = CARTESIAN_POINT('',(14.4,83.4,4.));
#5546 = DIRECTION('',(0.,0.,1.));
#5547 = DIRECTION('',(1.,0.,0.));
#5548 = ADVANCED_FACE('',(#5549),#5642,.F.);
#5549 = FACE_BOUND('',#5550,.T.);
#5550 = EDGE_LOOP('',(#5551,#5559,#5560,#5561,#5570,#5598,#5607,#5635));
#5551 = ORIENTED_EDGE('',*,*,#5552,.F.);
#5552 = EDGE_CURVE('',#1347,#5553,#5555,.T.);
#5553 = VERTEX_POINT('',#5554);
#5554 = CARTESIAN_POINT('',(23.75,92.5,2.));
#5555 = LINE('',#5556,#5557);
#5556 = CARTESIAN_POINT('',(23.75,92.5,0.));
#5557 = VECTOR('',#5558,1.);
#5558 = DIRECTION('',(0.,0.,1.));
#5559 = ORIENTED_EDGE('',*,*,#1346,.F.);
#5560 = ORIENTED_EDGE('',*,*,#5552,.T.);
#5561 = ORIENTED_EDGE('',*,*,#5562,.F.);
#5562 = EDGE_CURVE('',#5563,#5553,#5565,.T.);
#5563 = VERTEX_POINT('',#5564);
#5564 = CARTESIAN_POINT('',(21.8,95.131064423385,2.));
#5565 = CIRCLE('',#5566,2.75);
#5566 = AXIS2_PLACEMENT_3D('',#5567,#5568,#5569);
#5567 = CARTESIAN_POINT('',(21.,92.5,2.));
#5568 = DIRECTION('',(0.,0.,-1.));
#5569 = DIRECTION('',(1.,0.,0.));
#5570 = ORIENTED_EDGE('',*,*,#5571,.T.);
#5571 = EDGE_CURVE('',#5563,#5572,#5574,.T.);
#5572 = VERTEX_POINT('',#5573);
#5573 = CARTESIAN_POINT('',(20.2,95.131064423385,2.));
#5574 = B_SPLINE_CURVE_WITH_KNOTS('',8,(#5575,#5576,#5577,#5578,#5579,
    #5580,#5581,#5582,#5583,#5584,#5585,#5586,#5587,#5588,#5589,#5590,
    #5591,#5592,#5593,#5594,#5595,#5596,#5597),.UNSPECIFIED.,.F.,.F.,(9,
    7,7,9),(0.,0.426636411488,0.68867019247,1.),.UNSPECIFIED.);
#5575 = CARTESIAN_POINT('',(21.799999835703,95.131064473341,
    2.000512713156));
#5576 = CARTESIAN_POINT('',(21.800080000831,95.131040098381,
    1.875428953364));
#5577 = CARTESIAN_POINT('',(21.777809435871,95.13781235002,
    1.749495493957));
#5578 = CARTESIAN_POINT('',(21.732662258783,95.151538731168,
    1.62698467605));
#5579 = CARTESIAN_POINT('',(21.664889194209,95.171005223128,
    1.512247939966));
#5580 = CARTESIAN_POINT('',(21.575346415464,95.193441322677,
    1.409807123495));
#5581 = CARTESIAN_POINT('',(21.465795796299,95.215231531202,
    1.324446165315));
#5582 = CARTESIAN_POINT('',(21.338918051736,95.232641240762,
    1.261070668293));
#5583 = CARTESIAN_POINT('',(21.112986773116,95.249029442613,
    1.203061375501));
#5584 = CARTESIAN_POINT('',(21.023582723261,95.252418998377,
    1.191724316279));
#5585 = CARTESIAN_POINT('',(20.932748724723,95.252411717059,
    1.191941749113));
#5586 = CARTESIAN_POINT('',(20.842649042839,95.248815438442,
    1.203913080882));
#5587 = CARTESIAN_POINT('',(20.755438193041,95.241904065212,
    1.227253849681));
#5588 = CARTESIAN_POINT('',(20.673138131275,95.232386991333,
    1.260999115922));
#5589 = CARTESIAN_POINT('',(20.597497381733,95.221252752875,
    1.303580887804));
#5590 = CARTESIAN_POINT('',(20.449305101018,95.19553427621,
    1.411248882066));
#5591 = CARTESIAN_POINT('',(20.379039166827,95.180526396331,
    1.479768723496));
#5592 = CARTESIAN_POINT('',(20.319771630681,95.165804357593,
    1.556327947014));
#5593 = CARTESIAN_POINT('',(20.272003538198,95.152622739582,
    1.639095550285));
#5594 = CARTESIAN_POINT('',(20.236031099147,95.142019888425,
    1.726383327485));
#5595 = CARTESIAN_POINT('',(20.212009911976,95.134716177511,
    1.816618173805));
#5596 = CARTESIAN_POINT('',(20.2,95.131064423385,1.908310702556));
#5597 = CARTESIAN_POINT('',(20.2,95.131064423385,2.));
#5598 = ORIENTED_EDGE('',*,*,#5599,.F.);
#5599 = EDGE_CURVE('',#5600,#5572,#5602,.T.);
#5600 = VERTEX_POINT('',#5601);
#5601 = CARTESIAN_POINT('',(20.2,89.868935576615,2.));
#5602 = CIRCLE('',#5603,2.75);
#5603 = AXIS2_PLACEMENT_3D('',#5604,#5605,#5606);
#5604 = CARTESIAN_POINT('',(21.,92.5,2.));
#5605 = DIRECTION('',(0.,0.,-1.));
#5606 = DIRECTION('',(1.,0.,0.));
#5607 = ORIENTED_EDGE('',*,*,#5608,.F.);
#5608 = EDGE_CURVE('',#5609,#5600,#5611,.T.);
#5609 = VERTEX_POINT('',#5610);
#5610 = CARTESIAN_POINT('',(21.8,89.868935576615,2.));
#5611 = B_SPLINE_CURVE_WITH_KNOTS('',8,(#5612,#5613,#5614,#5615,#5616,
    #5617,#5618,#5619,#5620,#5621,#5622,#5623,#5624,#5625,#5626,#5627,
    #5628,#5629,#5630,#5631,#5632,#5633,#5634),.UNSPECIFIED.,.F.,.F.,(9,
    7,7,9),(0.,0.388349419481,0.668724372519,1.),.UNSPECIFIED.);
#5612 = CARTESIAN_POINT('',(21.799999835703,89.868935526659,
    2.000512713156));
#5613 = CARTESIAN_POINT('',(21.800073089209,89.868957800075,
    1.886213339254));
#5614 = CARTESIAN_POINT('',(21.781483249807,89.863305096393,
    1.771575866988));
#5615 = CARTESIAN_POINT('',(21.744041549155,89.851920042203,
    1.659621875781));
#5616 = CARTESIAN_POINT('',(21.687885504114,89.835643226144,
    1.553459534224));
#5617 = CARTESIAN_POINT('',(21.61350527002,89.816304870798,1.45637583473
    ));
#5618 = CARTESIAN_POINT('',(21.521908473461,89.796419370709,
    1.371899692048));
#5619 = CARTESIAN_POINT('',(21.414710456483,89.778762500982,
    1.303773639645));
#5620 = CARTESIAN_POINT('',(21.207711559732,89.75646660972,
    1.221816978631));
#5621 = CARTESIAN_POINT('',(21.114821099045,89.749646246266,
    1.198425865691));
#5622 = CARTESIAN_POINT('',(21.018135840837,89.746342265497,
    1.187741640268));
#5623 = CARTESIAN_POINT('',(20.920348340406,89.747183902634,
    1.190596650434));
#5624 = CARTESIAN_POINT('',(20.824250264128,89.752180668686,
    1.206979454954));
#5625 = CARTESIAN_POINT('',(20.73254372244,89.760686077649,1.23605112811
    ));
#5626 = CARTESIAN_POINT('',(20.647640335034,89.77157378528,
    1.276115083274));
#5627 = CARTESIAN_POINT('',(20.481184587002,89.797841472212,
    1.381751113162));
#5628 = CARTESIAN_POINT('',(20.402138759506,89.813820157109,
    1.451205242061));
#5629 = CARTESIAN_POINT('',(20.33529952322,89.829938842425,
    1.530420887772));
#5630 = CARTESIAN_POINT('',(20.281353329415,89.844626527079,
    1.617158184969));
#5631 = CARTESIAN_POINT('',(20.24070441318,89.856559144578,
    1.709354921722));
#5632 = CARTESIAN_POINT('',(20.213562151614,89.864811862224,
    1.805093603629));
#5633 = CARTESIAN_POINT('',(20.2,89.868935576615,1.902565506221));
#5634 = CARTESIAN_POINT('',(20.2,89.868935576615,2.));
#5635 = ORIENTED_EDGE('',*,*,#5636,.F.);
#5636 = EDGE_CURVE('',#5553,#5609,#5637,.T.);
#5637 = CIRCLE('',#5638,2.75);
#5638 = AXIS2_PLACEMENT_3D('',#5639,#5640,#5641);
#5639 = CARTESIAN_POINT('',(21.,92.5,2.));
#5640 = DIRECTION('',(0.,0.,-1.));
#5641 = DIRECTION('',(1.,0.,0.));
#5642 = CYLINDRICAL_SURFACE('',#5643,2.75);
#5643 = AXIS2_PLACEMENT_3D('',#5644,#5645,#5646);
#5644 = CARTESIAN_POINT('',(21.,92.5,0.));
#5645 = DIRECTION('',(-0.,-0.,-1.));
#5646 = DIRECTION('',(1.,0.,0.));
#5647 = ADVANCED_FACE('',(#5648),#5666,.F.);
#5648 = FACE_BOUND('',#5649,.T.);
#5649 = EDGE_LOOP('',(#5650,#5657,#5658,#5659));
#5650 = ORIENTED_EDGE('',*,*,#5651,.F.);
#5651 = EDGE_CURVE('',#1358,#5652,#5654,.T.);
#5652 = VERTEX_POINT('',#5653);
#5653 = CARTESIAN_POINT('',(37.75,80.,1.25));
#5654 = B_SPLINE_CURVE_WITH_KNOTS('',1,(#5655,#5656),.UNSPECIFIED.,.F.,
  .F.,(2,2),(0.,1.),.PIECEWISE_BEZIER_KNOTS.);
#5655 = CARTESIAN_POINT('',(39.,80.,0.));
#5656 = CARTESIAN_POINT('',(37.,80.,2.));
#5657 = ORIENTED_EDGE('',*,*,#1357,.T.);
#5658 = ORIENTED_EDGE('',*,*,#5651,.T.);
#5659 = ORIENTED_EDGE('',*,*,#5660,.F.);
#5660 = EDGE_CURVE('',#5652,#5652,#5661,.T.);
#5661 = CIRCLE('',#5662,2.75);
#5662 = AXIS2_PLACEMENT_3D('',#5663,#5664,#5665);
#5663 = CARTESIAN_POINT('',(35.,80.,1.25));
#5664 = DIRECTION('',(0.,0.,-1.));
#5665 = DIRECTION('',(0.,1.,0.));
#5666 = CONICAL_SURFACE('',#5667,4.,0.785398163397);
#5667 = AXIS2_PLACEMENT_3D('',#5668,#5669,#5670);
#5668 = CARTESIAN_POINT('',(35.,80.,0.));
#5669 = DIRECTION('',(-0.,-0.,-1.));
#5670 = DIRECTION('',(1.,0.,0.));
#5671 = ADVANCED_FACE('',(#5672),#5690,.F.);
#5672 = FACE_BOUND('',#5673,.F.);
#5673 = EDGE_LOOP('',(#5674,#5675,#5676,#5684));
#5674 = ORIENTED_EDGE('',*,*,#1626,.F.);
#5675 = ORIENTED_EDGE('',*,*,#3079,.F.);
#5676 = ORIENTED_EDGE('',*,*,#5677,.T.);
#5677 = EDGE_CURVE('',#3080,#5678,#5680,.T.);
#5678 = VERTEX_POINT('',#5679);
#5679 = CARTESIAN_POINT('',(-25.5,84.5,2.));
#5680 = LINE('',#5681,#5682);
#5681 = CARTESIAN_POINT('',(-25.5,100.5,2.));
#5682 = VECTOR('',#5683,1.);
#5683 = DIRECTION('',(0.,-1.,0.));
#5684 = ORIENTED_EDGE('',*,*,#5685,.F.);
#5685 = EDGE_CURVE('',#1618,#5678,#5686,.T.);
#5686 = LINE('',#5687,#5688);
#5687 = CARTESIAN_POINT('',(-25.5,84.5,4.));
#5688 = VECTOR('',#5689,1.);
#5689 = DIRECTION('',(-0.,-0.,-1.));
#5690 = PLANE('',#5691);
#5691 = AXIS2_PLACEMENT_3D('',#5692,#5693,#5694);
#5692 = CARTESIAN_POINT('',(-25.5,100.5,4.));
#5693 = DIRECTION('',(-1.,0.,0.));
#5694 = DIRECTION('',(0.,-1.,0.));
#5695 = ADVANCED_FACE('',(#5696),#5715,.F.);
#5696 = FACE_BOUND('',#5697,.F.);
#5697 = EDGE_LOOP('',(#5698,#5699,#5708,#5714));
#5698 = ORIENTED_EDGE('',*,*,#5685,.T.);
#5699 = ORIENTED_EDGE('',*,*,#5700,.T.);
#5700 = EDGE_CURVE('',#5678,#5701,#5703,.T.);
#5701 = VERTEX_POINT('',#5702);
#5702 = CARTESIAN_POINT('',(-16.5,84.5,2.));
#5703 = CIRCLE('',#5704,4.5);
#5704 = AXIS2_PLACEMENT_3D('',#5705,#5706,#5707);
#5705 = CARTESIAN_POINT('',(-21.,84.5,2.));
#5706 = DIRECTION('',(0.,0.,1.));
#5707 = DIRECTION('',(1.,0.,0.));
#5708 = ORIENTED_EDGE('',*,*,#5709,.F.);
#5709 = EDGE_CURVE('',#1610,#5701,#5710,.T.);
#5710 = LINE('',#5711,#5712);
#5711 = CARTESIAN_POINT('',(-16.5,84.5,4.));
#5712 = VECTOR('',#5713,1.);
#5713 = DIRECTION('',(-0.,-0.,-1.));
#5714 = ORIENTED_EDGE('',*,*,#1617,.F.);
#5715 = CYLINDRICAL_SURFACE('',#5716,4.5);
#5716 = AXIS2_PLACEMENT_3D('',#5717,#5718,#5719);
#5717 = CARTESIAN_POINT('',(-21.,84.5,4.));
#5718 = DIRECTION('',(0.,0.,1.));
#5719 = DIRECTION('',(1.,0.,0.));
#5720 = ADVANCED_FACE('',(#5721),#5732,.T.);
#5721 = FACE_BOUND('',#5722,.T.);
#5722 = EDGE_LOOP('',(#5723,#5724,#5725,#5731));
#5723 = ORIENTED_EDGE('',*,*,#1609,.F.);
#5724 = ORIENTED_EDGE('',*,*,#3112,.F.);
#5725 = ORIENTED_EDGE('',*,*,#5726,.T.);
#5726 = EDGE_CURVE('',#3105,#5701,#5727,.T.);
#5727 = LINE('',#5728,#5729);
#5728 = CARTESIAN_POINT('',(-16.5,100.5,2.));
#5729 = VECTOR('',#5730,1.);
#5730 = DIRECTION('',(0.,-1.,0.));
#5731 = ORIENTED_EDGE('',*,*,#5709,.F.);
#5732 = PLANE('',#5733);
#5733 = AXIS2_PLACEMENT_3D('',#5734,#5735,#5736);
#5734 = CARTESIAN_POINT('',(-16.5,100.5,4.));
#5735 = DIRECTION('',(-1.,0.,0.));
#5736 = DIRECTION('',(0.,-1.,0.));
#5737 = ADVANCED_FACE('',(#5738),#5756,.F.);
#5738 = FACE_BOUND('',#5739,.F.);
#5739 = EDGE_LOOP('',(#5740,#5741,#5742,#5750));
#5740 = ORIENTED_EDGE('',*,*,#1593,.F.);
#5741 = ORIENTED_EDGE('',*,*,#3119,.F.);
#5742 = ORIENTED_EDGE('',*,*,#5743,.T.);
#5743 = EDGE_CURVE('',#3120,#5744,#5746,.T.);
#5744 = VERTEX_POINT('',#5745);
#5745 = CARTESIAN_POINT('',(16.5,84.5,2.));
#5746 = LINE('',#5747,#5748);
#5747 = CARTESIAN_POINT('',(16.5,100.5,2.));
#5748 = VECTOR('',#5749,1.);
#5749 = DIRECTION('',(0.,-1.,0.));
#5750 = ORIENTED_EDGE('',*,*,#5751,.F.);
#5751 = EDGE_CURVE('',#1585,#5744,#5752,.T.);
#5752 = LINE('',#5753,#5754);
#5753 = CARTESIAN_POINT('',(16.5,84.5,4.));
#5754 = VECTOR('',#5755,1.);
#5755 = DIRECTION('',(-0.,-0.,-1.));
#5756 = PLANE('',#5757);
#5757 = AXIS2_PLACEMENT_3D('',#5758,#5759,#5760);
#5758 = CARTESIAN_POINT('',(16.5,100.5,4.));
#5759 = DIRECTION('',(-1.,0.,0.));
#5760 = DIRECTION('',(0.,-1.,0.));
#5761 = ADVANCED_FACE('',(#5762),#5781,.F.);
#5762 = FACE_BOUND('',#5763,.F.);
#5763 = EDGE_LOOP('',(#5764,#5765,#5774,#5780));
#5764 = ORIENTED_EDGE('',*,*,#5751,.T.);
#5765 = ORIENTED_EDGE('',*,*,#5766,.T.);
#5766 = EDGE_CURVE('',#5744,#5767,#5769,.T.);
#5767 = VERTEX_POINT('',#5768);
#5768 = CARTESIAN_POINT('',(25.5,84.5,2.));
#5769 = CIRCLE('',#5770,4.5);
#5770 = AXIS2_PLACEMENT_3D('',#5771,#5772,#5773);
#5771 = CARTESIAN_POINT('',(21.,84.5,2.));
#5772 = DIRECTION('',(0.,0.,1.));
#5773 = DIRECTION('',(1.,0.,0.));
#5774 = ORIENTED_EDGE('',*,*,#5775,.F.);
#5775 = EDGE_CURVE('',#1577,#5767,#5776,.T.);
#5776 = LINE('',#5777,#5778);
#5777 = CARTESIAN_POINT('',(25.5,84.5,4.));
#5778 = VECTOR('',#5779,1.);
#5779 = DIRECTION('',(-0.,-0.,-1.));
#5780 = ORIENTED_EDGE('',*,*,#1584,.F.);
#5781 = CYLINDRICAL_SURFACE('',#5782,4.5);
#5782 = AXIS2_PLACEMENT_3D('',#5783,#5784,#5785);
#5783 = CARTESIAN_POINT('',(21.,84.5,4.));
#5784 = DIRECTION('',(0.,0.,1.));
#5785 = DIRECTION('',(1.,0.,0.));
#5786 = ADVANCED_FACE('',(#5787),#5798,.T.);
#5787 = FACE_BOUND('',#5788,.T.);
#5788 = EDGE_LOOP('',(#5789,#5790,#5791,#5797));
#5789 = ORIENTED_EDGE('',*,*,#1576,.F.);
#5790 = ORIENTED_EDGE('',*,*,#3152,.F.);
#5791 = ORIENTED_EDGE('',*,*,#5792,.T.);
#5792 = EDGE_CURVE('',#3145,#5767,#5793,.T.);
#5793 = LINE('',#5794,#5795);
#5794 = CARTESIAN_POINT('',(25.5,100.5,2.));
#5795 = VECTOR('',#5796,1.);
#5796 = DIRECTION('',(0.,-1.,0.));
#5797 = ORIENTED_EDGE('',*,*,#5775,.F.);
#5798 = PLANE('',#5799);
#5799 = AXIS2_PLACEMENT_3D('',#5800,#5801,#5802);
#5800 = CARTESIAN_POINT('',(25.5,100.5,4.));
#5801 = DIRECTION('',(-1.,0.,0.));
#5802 = DIRECTION('',(0.,-1.,0.));
#5803 = ADVANCED_FACE('',(#5804),#5822,.T.);
#5804 = FACE_BOUND('',#5805,.T.);
#5805 = EDGE_LOOP('',(#5806,#5807,#5815,#5821));
#5806 = ORIENTED_EDGE('',*,*,#1476,.F.);
#5807 = ORIENTED_EDGE('',*,*,#5808,.T.);
#5808 = EDGE_CURVE('',#1468,#5809,#5811,.T.);
#5809 = VERTEX_POINT('',#5810);
#5810 = CARTESIAN_POINT('',(28.5,-84.5,2.));
#5811 = LINE('',#5812,#5813);
#5812 = CARTESIAN_POINT('',(28.5,-84.5,4.));
#5813 = VECTOR('',#5814,1.);
#5814 = DIRECTION('',(-0.,-0.,-1.));
#5815 = ORIENTED_EDGE('',*,*,#5816,.T.);
#5816 = EDGE_CURVE('',#5809,#2626,#5817,.T.);
#5817 = LINE('',#5818,#5819);
#5818 = CARTESIAN_POINT('',(28.5,-84.5,2.));
#5819 = VECTOR('',#5820,1.);
#5820 = DIRECTION('',(0.,-1.,0.));
#5821 = ORIENTED_EDGE('',*,*,#2625,.F.);
#5822 = PLANE('',#5823);
#5823 = AXIS2_PLACEMENT_3D('',#5824,#5825,#5826);
#5824 = CARTESIAN_POINT('',(28.5,-84.5,4.));
#5825 = DIRECTION('',(-1.,0.,0.));
#5826 = DIRECTION('',(0.,-1.,0.));
#5827 = ADVANCED_FACE('',(#5828),#5847,.F.);
#5828 = FACE_BOUND('',#5829,.F.);
#5829 = EDGE_LOOP('',(#5830,#5831,#5840,#5846));
#5830 = ORIENTED_EDGE('',*,*,#5808,.T.);
#5831 = ORIENTED_EDGE('',*,*,#5832,.T.);
#5832 = EDGE_CURVE('',#5809,#5833,#5835,.T.);
#5833 = VERTEX_POINT('',#5834);
#5834 = CARTESIAN_POINT('',(19.5,-84.5,2.));
#5835 = CIRCLE('',#5836,4.5);
#5836 = AXIS2_PLACEMENT_3D('',#5837,#5838,#5839);
#5837 = CARTESIAN_POINT('',(24.,-84.5,2.));
#5838 = DIRECTION('',(0.,0.,1.));
#5839 = DIRECTION('',(1.,0.,0.));
#5840 = ORIENTED_EDGE('',*,*,#5841,.F.);
#5841 = EDGE_CURVE('',#1460,#5833,#5842,.T.);
#5842 = LINE('',#5843,#5844);
#5843 = CARTESIAN_POINT('',(19.5,-84.5,4.));
#5844 = VECTOR('',#5845,1.);
#5845 = DIRECTION('',(-0.,-0.,-1.));
#5846 = ORIENTED_EDGE('',*,*,#1467,.F.);
#5847 = CYLINDRICAL_SURFACE('',#5848,4.5);
#5848 = AXIS2_PLACEMENT_3D('',#5849,#5850,#5851);
#5849 = CARTESIAN_POINT('',(24.,-84.5,4.));
#5850 = DIRECTION('',(0.,0.,1.));
#5851 = DIRECTION('',(1.,0.,0.));
#5852 = ADVANCED_FACE('',(#5853),#5864,.F.);
#5853 = FACE_BOUND('',#5854,.F.);
#5854 = EDGE_LOOP('',(#5855,#5856,#5857,#5863));
#5855 = ORIENTED_EDGE('',*,*,#1459,.F.);
#5856 = ORIENTED_EDGE('',*,*,#5841,.T.);
#5857 = ORIENTED_EDGE('',*,*,#5858,.T.);
#5858 = EDGE_CURVE('',#5833,#2651,#5859,.T.);
#5859 = LINE('',#5860,#5861);
#5860 = CARTESIAN_POINT('',(19.5,-84.5,2.));
#5861 = VECTOR('',#5862,1.);
#5862 = DIRECTION('',(0.,-1.,0.));
#5863 = ORIENTED_EDGE('',*,*,#2658,.F.);
#5864 = PLANE('',#5865);
#5865 = AXIS2_PLACEMENT_3D('',#5866,#5867,#5868);
#5866 = CARTESIAN_POINT('',(19.5,-84.5,4.));
#5867 = DIRECTION('',(-1.,0.,0.));
#5868 = DIRECTION('',(0.,-1.,0.));
#5869 = ADVANCED_FACE('',(#5870),#5888,.T.);
#5870 = FACE_BOUND('',#5871,.T.);
#5871 = EDGE_LOOP('',(#5872,#5873,#5881,#5887));
#5872 = ORIENTED_EDGE('',*,*,#1443,.F.);
#5873 = ORIENTED_EDGE('',*,*,#5874,.T.);
#5874 = EDGE_CURVE('',#1435,#5875,#5877,.T.);
#5875 = VERTEX_POINT('',#5876);
#5876 = CARTESIAN_POINT('',(-19.5,-84.5,2.));
#5877 = LINE('',#5878,#5879);
#5878 = CARTESIAN_POINT('',(-19.5,-84.5,4.));
#5879 = VECTOR('',#5880,1.);
#5880 = DIRECTION('',(-0.,-0.,-1.));
#5881 = ORIENTED_EDGE('',*,*,#5882,.T.);
#5882 = EDGE_CURVE('',#5875,#2666,#5883,.T.);
#5883 = LINE('',#5884,#5885);
#5884 = CARTESIAN_POINT('',(-19.5,-84.5,2.));
#5885 = VECTOR('',#5886,1.);
#5886 = DIRECTION('',(0.,-1.,0.));
#5887 = ORIENTED_EDGE('',*,*,#2665,.F.);
#5888 = PLANE('',#5889);
#5889 = AXIS2_PLACEMENT_3D('',#5890,#5891,#5892);
#5890 = CARTESIAN_POINT('',(-19.5,-84.5,4.));
#5891 = DIRECTION('',(-1.,0.,0.));
#5892 = DIRECTION('',(0.,-1.,0.));
#5893 = ADVANCED_FACE('',(#5894),#5913,.F.);
#5894 = FACE_BOUND('',#5895,.F.);
#5895 = EDGE_LOOP('',(#5896,#5897,#5906,#5912));
#5896 = ORIENTED_EDGE('',*,*,#5874,.T.);
#5897 = ORIENTED_EDGE('',*,*,#5898,.T.);
#5898 = EDGE_CURVE('',#5875,#5899,#5901,.T.);
#5899 = VERTEX_POINT('',#5900);
#5900 = CARTESIAN_POINT('',(-28.5,-84.5,2.));
#5901 = CIRCLE('',#5902,4.5);
#5902 = AXIS2_PLACEMENT_3D('',#5903,#5904,#5905);
#5903 = CARTESIAN_POINT('',(-24.,-84.5,2.));
#5904 = DIRECTION('',(0.,0.,1.));
#5905 = DIRECTION('',(1.,0.,0.));
#5906 = ORIENTED_EDGE('',*,*,#5907,.F.);
#5907 = EDGE_CURVE('',#1427,#5899,#5908,.T.);
#5908 = LINE('',#5909,#5910);
#5909 = CARTESIAN_POINT('',(-28.5,-84.5,4.));
#5910 = VECTOR('',#5911,1.);
#5911 = DIRECTION('',(-0.,-0.,-1.));
#5912 = ORIENTED_EDGE('',*,*,#1434,.F.);
#5913 = CYLINDRICAL_SURFACE('',#5914,4.5);
#5914 = AXIS2_PLACEMENT_3D('',#5915,#5916,#5917);
#5915 = CARTESIAN_POINT('',(-24.,-84.5,4.));
#5916 = DIRECTION('',(0.,0.,1.));
#5917 = DIRECTION('',(1.,0.,0.));
#5918 = ADVANCED_FACE('',(#5919),#5930,.F.);
#5919 = FACE_BOUND('',#5920,.F.);
#5920 = EDGE_LOOP('',(#5921,#5922,#5923,#5929));
#5921 = ORIENTED_EDGE('',*,*,#1426,.F.);
#5922 = ORIENTED_EDGE('',*,*,#5907,.T.);
#5923 = ORIENTED_EDGE('',*,*,#5924,.T.);
#5924 = EDGE_CURVE('',#5899,#2691,#5925,.T.);
#5925 = LINE('',#5926,#5927);
#5926 = CARTESIAN_POINT('',(-28.5,-84.5,2.));
#5927 = VECTOR('',#5928,1.);
#5928 = DIRECTION('',(0.,-1.,0.));
#5929 = ORIENTED_EDGE('',*,*,#2698,.F.);
#5930 = PLANE('',#5931);
#5931 = AXIS2_PLACEMENT_3D('',#5932,#5933,#5934);
#5932 = CARTESIAN_POINT('',(-28.5,-84.5,4.));
#5933 = DIRECTION('',(-1.,0.,0.));
#5934 = DIRECTION('',(0.,-1.,0.));
#5935 = ADVANCED_FACE('',(#5936),#5947,.F.);
#5936 = FACE_BOUND('',#5937,.T.);
#5937 = EDGE_LOOP('',(#5938,#5939,#5945,#5946));
#5938 = ORIENTED_EDGE('',*,*,#3499,.T.);
#5939 = ORIENTED_EDGE('',*,*,#5940,.T.);
#5940 = EDGE_CURVE('',#3491,#1787,#5941,.T.);
#5941 = LINE('',#5942,#5943);
#5942 = CARTESIAN_POINT('',(2.75,-92.5,0.));
#5943 = VECTOR('',#5944,1.);
#5944 = DIRECTION('',(0.,0.,1.));
#5945 = ORIENTED_EDGE('',*,*,#1786,.T.);
#5946 = ORIENTED_EDGE('',*,*,#5940,.F.);
#5947 = CYLINDRICAL_SURFACE('',#5948,2.75);
#5948 = AXIS2_PLACEMENT_3D('',#5949,#5950,#5951);
#5949 = CARTESIAN_POINT('',(0.,-92.5,0.));
#5950 = DIRECTION('',(-0.,-0.,-1.));
#5951 = DIRECTION('',(1.,0.,0.));
#5952 = ADVANCED_FACE('',(#5953),#5972,.F.);
#5953 = FACE_BOUND('',#5954,.F.);
#5954 = EDGE_LOOP('',(#5955,#5956,#5964,#5971));
#5955 = ORIENTED_EDGE('',*,*,#1797,.F.);
#5956 = ORIENTED_EDGE('',*,*,#5957,.T.);
#5957 = EDGE_CURVE('',#1798,#5958,#5960,.T.);
#5958 = VERTEX_POINT('',#5959);
#5959 = CARTESIAN_POINT('',(1.5,-60.,1.6));
#5960 = LINE('',#5961,#5962);
#5961 = CARTESIAN_POINT('',(1.5,-60.,4.));
#5962 = VECTOR('',#5963,1.);
#5963 = DIRECTION('',(-0.,-0.,-1.));
#5964 = ORIENTED_EDGE('',*,*,#5965,.T.);
#5965 = EDGE_CURVE('',#5958,#5958,#5966,.T.);
#5966 = CIRCLE('',#5967,1.5);
#5967 = AXIS2_PLACEMENT_3D('',#5968,#5969,#5970);
#5968 = CARTESIAN_POINT('',(0.,-60.,1.6));
#5969 = DIRECTION('',(0.,0.,1.));
#5970 = DIRECTION('',(1.,0.,0.));
#5971 = ORIENTED_EDGE('',*,*,#5957,.F.);
#5972 = CYLINDRICAL_SURFACE('',#5973,1.5);
#5973 = AXIS2_PLACEMENT_3D('',#5974,#5975,#5976);
#5974 = CARTESIAN_POINT('',(0.,-60.,4.));
#5975 = DIRECTION('',(0.,0.,1.));
#5976 = DIRECTION('',(1.,0.,0.));
#5977 = ADVANCED_FACE('',(#5978),#5997,.F.);
#5978 = FACE_BOUND('',#5979,.F.);
#5979 = EDGE_LOOP('',(#5980,#5981,#5989,#5996));
#5980 = ORIENTED_EDGE('',*,*,#1878,.F.);
#5981 = ORIENTED_EDGE('',*,*,#5982,.T.);
#5982 = EDGE_CURVE('',#1879,#5983,#5985,.T.);
#5983 = VERTEX_POINT('',#5984);
#5984 = CARTESIAN_POINT('',(1.5,-40.,1.6));
#5985 = LINE('',#5986,#5987);
#5986 = CARTESIAN_POINT('',(1.5,-40.,4.));
#5987 = VECTOR('',#5988,1.);
#5988 = DIRECTION('',(-0.,-0.,-1.));
#5989 = ORIENTED_EDGE('',*,*,#5990,.T.);
#5990 = EDGE_CURVE('',#5983,#5983,#5991,.T.);
#5991 = CIRCLE('',#5992,1.5);
#5992 = AXIS2_PLACEMENT_3D('',#5993,#5994,#5995);
#5993 = CARTESIAN_POINT('',(0.,-40.,1.6));
#5994 = DIRECTION('',(0.,0.,1.));
#5995 = DIRECTION('',(1.,0.,0.));
#5996 = ORIENTED_EDGE('',*,*,#5982,.F.);
#5997 = CYLINDRICAL_SURFACE('',#5998,1.5);
#5998 = AXIS2_PLACEMENT_3D('',#5999,#6000,#6001);
#5999 = CARTESIAN_POINT('',(0.,-40.,4.));
#6000 = DIRECTION('',(0.,0.,1.));
#6001 = DIRECTION('',(1.,0.,0.));
#6002 = ADVANCED_FACE('',(#6003),#6022,.F.);
#6003 = FACE_BOUND('',#6004,.F.);
#6004 = EDGE_LOOP('',(#6005,#6006,#6014,#6021));
#6005 = ORIENTED_EDGE('',*,*,#2029,.F.);
#6006 = ORIENTED_EDGE('',*,*,#6007,.T.);
#6007 = EDGE_CURVE('',#2030,#6008,#6010,.T.);
#6008 = VERTEX_POINT('',#6009);
#6009 = CARTESIAN_POINT('',(-52.46078161312,41.280859526545,1.6));
#6010 = LINE('',#6011,#6012);
#6011 = CARTESIAN_POINT('',(-52.46078161312,41.280859526545,4.));
#6012 = VECTOR('',#6013,1.);
#6013 = DIRECTION('',(-0.,-0.,-1.));
#6014 = ORIENTED_EDGE('',*,*,#6015,.T.);
#6015 = EDGE_CURVE('',#6008,#6008,#6016,.T.);
#6016 = CIRCLE('',#6017,1.25);
#6017 = AXIS2_PLACEMENT_3D('',#6018,#6019,#6020);
#6018 = CARTESIAN_POINT('',(-53.71078161312,41.280859526545,1.6));
#6019 = DIRECTION('',(0.,0.,1.));
#6020 = DIRECTION('',(1.,0.,0.));
#6021 = ORIENTED_EDGE('',*,*,#6007,.F.);
#6022 = CYLINDRICAL_SURFACE('',#6023,1.25);
#6023 = AXIS2_PLACEMENT_3D('',#6024,#6025,#6026);
#6024 = CARTESIAN_POINT('',(-53.71078161312,41.280859526545,4.));
#6025 = DIRECTION('',(0.,0.,1.));
#6026 = DIRECTION('',(1.,0.,0.));
#6027 = ADVANCED_FACE('',(#6028),#6047,.F.);
#6028 = FACE_BOUND('',#6029,.F.);
#6029 = EDGE_LOOP('',(#6030,#6031,#6039,#6046));
#6030 = ORIENTED_EDGE('',*,*,#2040,.F.);
#6031 = ORIENTED_EDGE('',*,*,#6032,.T.);
#6032 = EDGE_CURVE('',#2041,#6033,#6035,.T.);
#6033 = VERTEX_POINT('',#6034);
#6034 = CARTESIAN_POINT('',(-23.,0.,1.6));
#6035 = LINE('',#6036,#6037);
#6036 = CARTESIAN_POINT('',(-23.,0.,4.));
#6037 = VECTOR('',#6038,1.);
#6038 = DIRECTION('',(-0.,-0.,-1.));
#6039 = ORIENTED_EDGE('',*,*,#6040,.T.);
#6040 = EDGE_CURVE('',#6033,#6033,#6041,.T.);
#6041 = CIRCLE('',#6042,1.5);
#6042 = AXIS2_PLACEMENT_3D('',#6043,#6044,#6045);
#6043 = CARTESIAN_POINT('',(-24.5,0.,1.6));
#6044 = DIRECTION('',(0.,0.,1.));
#6045 = DIRECTION('',(1.,0.,0.));
#6046 = ORIENTED_EDGE('',*,*,#6032,.F.);
#6047 = CYLINDRICAL_SURFACE('',#6048,1.5);
#6048 = AXIS2_PLACEMENT_3D('',#6049,#6050,#6051);
#6049 = CARTESIAN_POINT('',(-24.5,0.,4.));
#6050 = DIRECTION('',(0.,0.,1.));
#6051 = DIRECTION('',(1.,0.,0.));
#6052 = ADVANCED_FACE('',(#6053),#6072,.F.);
#6053 = FACE_BOUND('',#6054,.F.);
#6054 = EDGE_LOOP('',(#6055,#6056,#6064,#6071));
#6055 = ORIENTED_EDGE('',*,*,#2051,.F.);
#6056 = ORIENTED_EDGE('',*,*,#6057,.T.);
#6057 = EDGE_CURVE('',#2052,#6058,#6060,.T.);
#6058 = VERTEX_POINT('',#6059);
#6059 = CARTESIAN_POINT('',(-44.96078161312,54.271240583312,1.6));
#6060 = LINE('',#6061,#6062);
#6061 = CARTESIAN_POINT('',(-44.96078161312,54.271240583312,4.));
#6062 = VECTOR('',#6063,1.);
#6063 = DIRECTION('',(-0.,-0.,-1.));
#6064 = ORIENTED_EDGE('',*,*,#6065,.T.);
#6065 = EDGE_CURVE('',#6058,#6058,#6066,.T.);
#6066 = CIRCLE('',#6067,1.25);
#6067 = AXIS2_PLACEMENT_3D('',#6068,#6069,#6070);
#6068 = CARTESIAN_POINT('',(-46.21078161312,54.271240583312,1.6));
#6069 = DIRECTION('',(0.,0.,1.));
#6070 = DIRECTION('',(1.,0.,0.));
#6071 = ORIENTED_EDGE('',*,*,#6057,.F.);
#6072 = CYLINDRICAL_SURFACE('',#6073,1.25);
#6073 = AXIS2_PLACEMENT_3D('',#6074,#6075,#6076);
#6074 = CARTESIAN_POINT('',(-46.21078161312,54.271240583312,4.));
#6075 = DIRECTION('',(0.,0.,1.));
#6076 = DIRECTION('',(1.,0.,0.));
#6077 = ADVANCED_FACE('',(#6078),#6089,.F.);
#6078 = FACE_BOUND('',#6079,.T.);
#6079 = EDGE_LOOP('',(#6080,#6081,#6087,#6088));
#6080 = ORIENTED_EDGE('',*,*,#4462,.T.);
#6081 = ORIENTED_EDGE('',*,*,#6082,.T.);
#6082 = EDGE_CURVE('',#4454,#2063,#6083,.T.);
#6083 = LINE('',#6084,#6085);
#6084 = CARTESIAN_POINT('',(-32.25,80.,0.));
#6085 = VECTOR('',#6086,1.);
#6086 = DIRECTION('',(0.,0.,1.));
#6087 = ORIENTED_EDGE('',*,*,#2062,.T.);
#6088 = ORIENTED_EDGE('',*,*,#6082,.F.);
#6089 = CYLINDRICAL_SURFACE('',#6090,2.75);
#6090 = AXIS2_PLACEMENT_3D('',#6091,#6092,#6093);
#6091 = CARTESIAN_POINT('',(-35.,80.,0.));
#6092 = DIRECTION('',(-0.,-0.,-1.));
#6093 = DIRECTION('',(1.,0.,0.));
#6094 = ADVANCED_FACE('',(#6095),#6114,.F.);
#6095 = FACE_BOUND('',#6096,.F.);
#6096 = EDGE_LOOP('',(#6097,#6098,#6106,#6113));
#6097 = ORIENTED_EDGE('',*,*,#2073,.F.);
#6098 = ORIENTED_EDGE('',*,*,#6099,.T.);
#6099 = EDGE_CURVE('',#2074,#6100,#6102,.T.);
#6100 = VERTEX_POINT('',#6101);
#6101 = CARTESIAN_POINT('',(-23.,58.,1.6));
#6102 = LINE('',#6103,#6104);
#6103 = CARTESIAN_POINT('',(-23.,58.,4.));
#6104 = VECTOR('',#6105,1.);
#6105 = DIRECTION('',(-0.,-0.,-1.));
#6106 = ORIENTED_EDGE('',*,*,#6107,.T.);
#6107 = EDGE_CURVE('',#6100,#6100,#6108,.T.);
#6108 = CIRCLE('',#6109,1.5);
#6109 = AXIS2_PLACEMENT_3D('',#6110,#6111,#6112);
#6110 = CARTESIAN_POINT('',(-24.5,58.,1.6));
#6111 = DIRECTION('',(0.,0.,1.));
#6112 = DIRECTION('',(1.,0.,0.));
#6113 = ORIENTED_EDGE('',*,*,#6099,.F.);
#6114 = CYLINDRICAL_SURFACE('',#6115,1.5);
#6115 = AXIS2_PLACEMENT_3D('',#6116,#6117,#6118);
#6116 = CARTESIAN_POINT('',(-24.5,58.,4.));
#6117 = DIRECTION('',(0.,0.,1.));
#6118 = DIRECTION('',(1.,0.,0.));
#6119 = ADVANCED_FACE('',(#6120),#6139,.F.);
#6120 = FACE_BOUND('',#6121,.F.);
#6121 = EDGE_LOOP('',(#6122,#6123,#6131,#6138));
#6122 = ORIENTED_EDGE('',*,*,#2154,.F.);
#6123 = ORIENTED_EDGE('',*,*,#6124,.T.);
#6124 = EDGE_CURVE('',#2155,#6125,#6127,.T.);
#6125 = VERTEX_POINT('',#6126);
#6126 = CARTESIAN_POINT('',(26.,0.,1.6));
#6127 = LINE('',#6128,#6129);
#6128 = CARTESIAN_POINT('',(26.,0.,4.));
#6129 = VECTOR('',#6130,1.);
#6130 = DIRECTION('',(-0.,-0.,-1.));
#6131 = ORIENTED_EDGE('',*,*,#6132,.T.);
#6132 = EDGE_CURVE('',#6125,#6125,#6133,.T.);
#6133 = CIRCLE('',#6134,1.5);
#6134 = AXIS2_PLACEMENT_3D('',#6135,#6136,#6137);
#6135 = CARTESIAN_POINT('',(24.5,0.,1.6));
#6136 = DIRECTION('',(0.,0.,1.));
#6137 = DIRECTION('',(1.,0.,0.));
#6138 = ORIENTED_EDGE('',*,*,#6124,.F.);
#6139 = CYLINDRICAL_SURFACE('',#6140,1.5);
#6140 = AXIS2_PLACEMENT_3D('',#6141,#6142,#6143);
#6141 = CARTESIAN_POINT('',(24.5,0.,4.));
#6142 = DIRECTION('',(0.,0.,1.));
#6143 = DIRECTION('',(1.,0.,0.));
#6144 = ADVANCED_FACE('',(#6145),#6164,.F.);
#6145 = FACE_BOUND('',#6146,.F.);
#6146 = EDGE_LOOP('',(#6147,#6148,#6156,#6163));
#6147 = ORIENTED_EDGE('',*,*,#2305,.F.);
#6148 = ORIENTED_EDGE('',*,*,#6149,.T.);
#6149 = EDGE_CURVE('',#2306,#6150,#6152,.T.);
#6150 = VERTEX_POINT('',#6151);
#6151 = CARTESIAN_POINT('',(26.,58.,1.6));
#6152 = LINE('',#6153,#6154);
#6153 = CARTESIAN_POINT('',(26.,58.,4.));
#6154 = VECTOR('',#6155,1.);
#6155 = DIRECTION('',(-0.,-0.,-1.));
#6156 = ORIENTED_EDGE('',*,*,#6157,.T.);
#6157 = EDGE_CURVE('',#6150,#6150,#6158,.T.);
#6158 = CIRCLE('',#6159,1.5);
#6159 = AXIS2_PLACEMENT_3D('',#6160,#6161,#6162);
#6160 = CARTESIAN_POINT('',(24.5,58.,1.6));
#6161 = DIRECTION('',(0.,0.,1.));
#6162 = DIRECTION('',(1.,0.,0.));
#6163 = ORIENTED_EDGE('',*,*,#6149,.F.);
#6164 = CYLINDRICAL_SURFACE('',#6165,1.5);
#6165 = AXIS2_PLACEMENT_3D('',#6166,#6167,#6168);
#6166 = CARTESIAN_POINT('',(24.5,58.,4.));
#6167 = DIRECTION('',(0.,0.,1.));
#6168 = DIRECTION('',(1.,0.,0.));
#6169 = ADVANCED_FACE('',(#6170),#6181,.F.);
#6170 = FACE_BOUND('',#6171,.T.);
#6171 = EDGE_LOOP('',(#6172,#6173,#6179,#6180));
#6172 = ORIENTED_EDGE('',*,*,#5660,.T.);
#6173 = ORIENTED_EDGE('',*,*,#6174,.T.);
#6174 = EDGE_CURVE('',#5652,#2387,#6175,.T.);
#6175 = LINE('',#6176,#6177);
#6176 = CARTESIAN_POINT('',(37.75,80.,0.));
#6177 = VECTOR('',#6178,1.);
#6178 = DIRECTION('',(0.,0.,1.));
#6179 = ORIENTED_EDGE('',*,*,#2386,.T.);
#6180 = ORIENTED_EDGE('',*,*,#6174,.F.);
#6181 = CYLINDRICAL_SURFACE('',#6182,2.75);
#6182 = AXIS2_PLACEMENT_3D('',#6183,#6184,#6185);
#6183 = CARTESIAN_POINT('',(35.,80.,0.));
#6184 = DIRECTION('',(-0.,-0.,-1.));
#6185 = DIRECTION('',(1.,0.,0.));
#6186 = ADVANCED_FACE('',(#6187,#6195),#6198,.F.);
#6187 = FACE_BOUND('',#6188,.F.);
#6188 = EDGE_LOOP('',(#6189,#6190,#6191,#6192,#6193,#6194));
#6189 = ORIENTED_EDGE('',*,*,#2722,.F.);
#6190 = ORIENTED_EDGE('',*,*,#2757,.F.);
#6191 = ORIENTED_EDGE('',*,*,#2470,.F.);
#6192 = ORIENTED_EDGE('',*,*,#2520,.F.);
#6193 = ORIENTED_EDGE('',*,*,#2560,.F.);
#6194 = ORIENTED_EDGE('',*,*,#2601,.F.);
#6195 = FACE_BOUND('',#6196,.F.);
#6196 = EDGE_LOOP('',(#6197));
#6197 = ORIENTED_EDGE('',*,*,#6015,.F.);
#6198 = PLANE('',#6199);
#6199 = AXIS2_PLACEMENT_3D('',#6200,#6201,#6202);
#6200 = CARTESIAN_POINT('',(-10.86103948111,12.473054359767,1.6));
#6201 = DIRECTION('',(0.,0.,1.));
#6202 = DIRECTION('',(1.,0.,0.));
#6203 = ADVANCED_FACE('',(#6204),#6248,.T.);
#6204 = FACE_BOUND('',#6205,.T.);
#6205 = EDGE_LOOP('',(#6206,#6207,#6208,#6209,#6210,#6216,#6217,#6225,
    #6233,#6239,#6240,#6241,#6247));
#6206 = ORIENTED_EDGE('',*,*,#5882,.F.);
#6207 = ORIENTED_EDGE('',*,*,#5898,.T.);
#6208 = ORIENTED_EDGE('',*,*,#5924,.T.);
#6209 = ORIENTED_EDGE('',*,*,#2690,.F.);
#6210 = ORIENTED_EDGE('',*,*,#6211,.F.);
#6211 = EDGE_CURVE('',#3439,#2682,#6212,.T.);
#6212 = LINE('',#6213,#6214);
#6213 = CARTESIAN_POINT('',(-24.8,-100.,2.));
#6214 = VECTOR('',#6215,1.);
#6215 = DIRECTION('',(0.,-1.,2.22044604925E-16));
#6216 = ORIENTED_EDGE('',*,*,#3438,.T.);
#6217 = ORIENTED_EDGE('',*,*,#6218,.F.);
#6218 = EDGE_CURVE('',#6219,#3411,#6221,.T.);
#6219 = VERTEX_POINT('',#6220);
#6220 = CARTESIAN_POINT('',(-24.8,-81.,2.));
#6221 = LINE('',#6222,#6223);
#6222 = CARTESIAN_POINT('',(-24.8,-100.,2.));
#6223 = VECTOR('',#6224,1.);
#6224 = DIRECTION('',(0.,-1.,2.22044604925E-16));
#6225 = ORIENTED_EDGE('',*,*,#6226,.F.);
#6226 = EDGE_CURVE('',#6227,#6219,#6229,.T.);
#6227 = VERTEX_POINT('',#6228);
#6228 = CARTESIAN_POINT('',(-23.2,-81.,2.));
#6229 = LINE('',#6230,#6231);
#6230 = CARTESIAN_POINT('',(4.273250414186E-16,-81.,2.));
#6231 = VECTOR('',#6232,1.);
#6232 = DIRECTION('',(-1.,0.,0.));
#6233 = ORIENTED_EDGE('',*,*,#6234,.F.);
#6234 = EDGE_CURVE('',#3402,#6227,#6235,.T.);
#6235 = LINE('',#6236,#6237);
#6236 = CARTESIAN_POINT('',(-23.2,-100.,2.));
#6237 = VECTOR('',#6238,1.);
#6238 = DIRECTION('',(0.,1.,-2.22044604925E-16));
#6239 = ORIENTED_EDGE('',*,*,#3401,.T.);
#6240 = ORIENTED_EDGE('',*,*,#3475,.T.);
#6241 = ORIENTED_EDGE('',*,*,#6242,.F.);
#6242 = EDGE_CURVE('',#2674,#3448,#6243,.T.);
#6243 = LINE('',#6244,#6245);
#6244 = CARTESIAN_POINT('',(-23.2,-100.,2.));
#6245 = VECTOR('',#6246,1.);
#6246 = DIRECTION('',(0.,1.,-2.22044604925E-16));
#6247 = ORIENTED_EDGE('',*,*,#2673,.F.);
#6248 = PLANE('',#6249);
#6249 = AXIS2_PLACEMENT_3D('',#6250,#6251,#6252);
#6250 = CARTESIAN_POINT('',(0.,3.853791109207E-15,2.));
#6251 = DIRECTION('',(0.,0.,1.));
#6252 = DIRECTION('',(1.,0.,0.));
#6253 = ADVANCED_FACE('',(#6254),#6260,.F.);
#6254 = FACE_BOUND('',#6255,.F.);
#6255 = EDGE_LOOP('',(#6256,#6257,#6258,#6259));
#6256 = ORIENTED_EDGE('',*,*,#6242,.F.);
#6257 = ORIENTED_EDGE('',*,*,#2681,.F.);
#6258 = ORIENTED_EDGE('',*,*,#6211,.F.);
#6259 = ORIENTED_EDGE('',*,*,#3447,.T.);
#6260 = CYLINDRICAL_SURFACE('',#6261,0.8);
#6261 = AXIS2_PLACEMENT_3D('',#6262,#6263,#6264);
#6262 = CARTESIAN_POINT('',(-24.,-100.,2.));
#6263 = DIRECTION('',(0.,-1.,2.22044604925E-16));
#6264 = DIRECTION('',(1.,0.,0.));
#6265 = ADVANCED_FACE('',(#6266),#6310,.T.);
#6266 = FACE_BOUND('',#6267,.T.);
#6267 = EDGE_LOOP('',(#6268,#6269,#6270,#6271,#6272,#6278,#6279,#6287,
    #6295,#6301,#6302,#6303,#6309));
#6268 = ORIENTED_EDGE('',*,*,#5816,.F.);
#6269 = ORIENTED_EDGE('',*,*,#5832,.T.);
#6270 = ORIENTED_EDGE('',*,*,#5858,.T.);
#6271 = ORIENTED_EDGE('',*,*,#2650,.F.);
#6272 = ORIENTED_EDGE('',*,*,#6273,.F.);
#6273 = EDGE_CURVE('',#3562,#2642,#6274,.T.);
#6274 = LINE('',#6275,#6276);
#6275 = CARTESIAN_POINT('',(23.2,-100.,2.));
#6276 = VECTOR('',#6277,1.);
#6277 = DIRECTION('',(0.,-1.,2.22044604925E-16));
#6278 = ORIENTED_EDGE('',*,*,#3561,.T.);
#6279 = ORIENTED_EDGE('',*,*,#6280,.F.);
#6280 = EDGE_CURVE('',#6281,#3534,#6283,.T.);
#6281 = VERTEX_POINT('',#6282);
#6282 = CARTESIAN_POINT('',(23.2,-81.,2.));
#6283 = LINE('',#6284,#6285);
#6284 = CARTESIAN_POINT('',(23.2,-100.,2.));
#6285 = VECTOR('',#6286,1.);
#6286 = DIRECTION('',(0.,-1.,2.22044604925E-16));
#6287 = ORIENTED_EDGE('',*,*,#6288,.F.);
#6288 = EDGE_CURVE('',#6289,#6281,#6291,.T.);
#6289 = VERTEX_POINT('',#6290);
#6290 = CARTESIAN_POINT('',(24.8,-81.,2.));
#6291 = LINE('',#6292,#6293);
#6292 = CARTESIAN_POINT('',(4.273250414186E-16,-81.,2.));
#6293 = VECTOR('',#6294,1.);
#6294 = DIRECTION('',(-1.,0.,0.));
#6295 = ORIENTED_EDGE('',*,*,#6296,.F.);
#6296 = EDGE_CURVE('',#3525,#6289,#6297,.T.);
#6297 = LINE('',#6298,#6299);
#6298 = CARTESIAN_POINT('',(24.8,-100.,2.));
#6299 = VECTOR('',#6300,1.);
#6300 = DIRECTION('',(0.,1.,-2.22044604925E-16));
#6301 = ORIENTED_EDGE('',*,*,#3524,.T.);
#6302 = ORIENTED_EDGE('',*,*,#3598,.T.);
#6303 = ORIENTED_EDGE('',*,*,#6304,.F.);
#6304 = EDGE_CURVE('',#2634,#3571,#6305,.T.);
#6305 = LINE('',#6306,#6307);
#6306 = CARTESIAN_POINT('',(24.8,-100.,2.));
#6307 = VECTOR('',#6308,1.);
#6308 = DIRECTION('',(0.,1.,-2.22044604925E-16));
#6309 = ORIENTED_EDGE('',*,*,#2633,.F.);
#6310 = PLANE('',#6311);
#6311 = AXIS2_PLACEMENT_3D('',#6312,#6313,#6314);
#6312 = CARTESIAN_POINT('',(0.,3.853791109207E-15,2.));
#6313 = DIRECTION('',(0.,0.,1.));
#6314 = DIRECTION('',(1.,0.,0.));
#6315 = ADVANCED_FACE('',(#6316),#6322,.F.);
#6316 = FACE_BOUND('',#6317,.F.);
#6317 = EDGE_LOOP('',(#6318,#6319,#6320,#6321));
#6318 = ORIENTED_EDGE('',*,*,#6304,.F.);
#6319 = ORIENTED_EDGE('',*,*,#2641,.F.);
#6320 = ORIENTED_EDGE('',*,*,#6273,.F.);
#6321 = ORIENTED_EDGE('',*,*,#3570,.T.);
#6322 = CYLINDRICAL_SURFACE('',#6323,0.8);
#6323 = AXIS2_PLACEMENT_3D('',#6324,#6325,#6326);
#6324 = CARTESIAN_POINT('',(24.,-100.,2.));
#6325 = DIRECTION('',(0.,-1.,2.22044604925E-16));
#6326 = DIRECTION('',(1.,0.,0.));
#6327 = ADVANCED_FACE('',(#6328,#6336),#6339,.F.);
#6328 = FACE_BOUND('',#6329,.F.);
#6329 = EDGE_LOOP('',(#6330,#6331,#6332,#6333,#6334,#6335));
#6330 = ORIENTED_EDGE('',*,*,#2974,.F.);
#6331 = ORIENTED_EDGE('',*,*,#3014,.F.);
#6332 = ORIENTED_EDGE('',*,*,#3055,.F.);
#6333 = ORIENTED_EDGE('',*,*,#3176,.F.);
#6334 = ORIENTED_EDGE('',*,*,#3211,.F.);
#6335 = ORIENTED_EDGE('',*,*,#2924,.F.);
#6336 = FACE_BOUND('',#6337,.F.);
#6337 = EDGE_LOOP('',(#6338));
#6338 = ORIENTED_EDGE('',*,*,#6065,.F.);
#6339 = PLANE('',#6340);
#6340 = AXIS2_PLACEMENT_3D('',#6341,#6342,#6343);
#6341 = CARTESIAN_POINT('',(-10.86103948111,12.473054359767,1.6));
#6342 = DIRECTION('',(0.,0.,1.));
#6343 = DIRECTION('',(1.,0.,0.));
#6344 = ADVANCED_FACE('',(#6345),#6389,.T.);
#6345 = FACE_BOUND('',#6346,.T.);
#6346 = EDGE_LOOP('',(#6347,#6348,#6349,#6355,#6356,#6357,#6365,#6373,
    #6379,#6380,#6386,#6387,#6388));
#6347 = ORIENTED_EDGE('',*,*,#5792,.F.);
#6348 = ORIENTED_EDGE('',*,*,#3144,.F.);
#6349 = ORIENTED_EDGE('',*,*,#6350,.F.);
#6350 = EDGE_CURVE('',#5563,#3136,#6351,.T.);
#6351 = LINE('',#6352,#6353);
#6352 = CARTESIAN_POINT('',(21.8,100.,2.));
#6353 = VECTOR('',#6354,1.);
#6354 = DIRECTION('',(0.,1.,-2.22044604925E-16));
#6355 = ORIENTED_EDGE('',*,*,#5562,.T.);
#6356 = ORIENTED_EDGE('',*,*,#5636,.T.);
#6357 = ORIENTED_EDGE('',*,*,#6358,.F.);
#6358 = EDGE_CURVE('',#6359,#5609,#6361,.T.);
#6359 = VERTEX_POINT('',#6360);
#6360 = CARTESIAN_POINT('',(21.8,81.,2.));
#6361 = LINE('',#6362,#6363);
#6362 = CARTESIAN_POINT('',(21.8,100.,2.));
#6363 = VECTOR('',#6364,1.);
#6364 = DIRECTION('',(0.,1.,-2.22044604925E-16));
#6365 = ORIENTED_EDGE('',*,*,#6366,.T.);
#6366 = EDGE_CURVE('',#6359,#6367,#6369,.T.);
#6367 = VERTEX_POINT('',#6368);
#6368 = CARTESIAN_POINT('',(20.2,81.,2.));
#6369 = LINE('',#6370,#6371);
#6370 = CARTESIAN_POINT('',(-4.273250414186E-16,81.,2.));
#6371 = VECTOR('',#6372,1.);
#6372 = DIRECTION('',(-1.,0.,0.));
#6373 = ORIENTED_EDGE('',*,*,#6374,.F.);
#6374 = EDGE_CURVE('',#5600,#6367,#6375,.T.);
#6375 = LINE('',#6376,#6377);
#6376 = CARTESIAN_POINT('',(20.2,100.,2.));
#6377 = VECTOR('',#6378,1.);
#6378 = DIRECTION('',(0.,-1.,2.22044604925E-16));
#6379 = ORIENTED_EDGE('',*,*,#5599,.T.);
#6380 = ORIENTED_EDGE('',*,*,#6381,.F.);
#6381 = EDGE_CURVE('',#3128,#5572,#6382,.T.);
#6382 = LINE('',#6383,#6384);
#6383 = CARTESIAN_POINT('',(20.2,100.,2.));
#6384 = VECTOR('',#6385,1.);
#6385 = DIRECTION('',(0.,-1.,2.22044604925E-16));
#6386 = ORIENTED_EDGE('',*,*,#3127,.F.);
#6387 = ORIENTED_EDGE('',*,*,#5743,.T.);
#6388 = ORIENTED_EDGE('',*,*,#5766,.T.);
#6389 = PLANE('',#6390);
#6390 = AXIS2_PLACEMENT_3D('',#6391,#6392,#6393);
#6391 = CARTESIAN_POINT('',(0.,3.853791109207E-15,2.));
#6392 = DIRECTION('',(0.,0.,1.));
#6393 = DIRECTION('',(1.,0.,0.));
#6394 = ADVANCED_FACE('',(#6395),#6401,.F.);
#6395 = FACE_BOUND('',#6396,.F.);
#6396 = EDGE_LOOP('',(#6397,#6398,#6399,#6400));
#6397 = ORIENTED_EDGE('',*,*,#6381,.F.);
#6398 = ORIENTED_EDGE('',*,*,#3135,.F.);
#6399 = ORIENTED_EDGE('',*,*,#6350,.F.);
#6400 = ORIENTED_EDGE('',*,*,#5571,.T.);
#6401 = CYLINDRICAL_SURFACE('',#6402,0.8);
#6402 = AXIS2_PLACEMENT_3D('',#6403,#6404,#6405);
#6403 = CARTESIAN_POINT('',(21.,100.,2.));
#6404 = DIRECTION('',(0.,1.,-2.22044604925E-16));
#6405 = DIRECTION('',(-1.,0.,0.));
#6406 = ADVANCED_FACE('',(#6407),#6451,.T.);
#6407 = FACE_BOUND('',#6408,.T.);
#6408 = EDGE_LOOP('',(#6409,#6410,#6411,#6417,#6418,#6419,#6427,#6435,
    #6441,#6442,#6448,#6449,#6450));
#6409 = ORIENTED_EDGE('',*,*,#5726,.F.);
#6410 = ORIENTED_EDGE('',*,*,#3104,.F.);
#6411 = ORIENTED_EDGE('',*,*,#6412,.F.);
#6412 = EDGE_CURVE('',#4632,#3096,#6413,.T.);
#6413 = LINE('',#6414,#6415);
#6414 = CARTESIAN_POINT('',(-20.2,100.,2.));
#6415 = VECTOR('',#6416,1.);
#6416 = DIRECTION('',(0.,1.,-2.22044604925E-16));
#6417 = ORIENTED_EDGE('',*,*,#4631,.T.);
#6418 = ORIENTED_EDGE('',*,*,#4705,.T.);
#6419 = ORIENTED_EDGE('',*,*,#6420,.F.);
#6420 = EDGE_CURVE('',#6421,#4678,#6423,.T.);
#6421 = VERTEX_POINT('',#6422);
#6422 = CARTESIAN_POINT('',(-20.2,81.,2.));
#6423 = LINE('',#6424,#6425);
#6424 = CARTESIAN_POINT('',(-20.2,100.,2.));
#6425 = VECTOR('',#6426,1.);
#6426 = DIRECTION('',(0.,1.,-2.22044604925E-16));
#6427 = ORIENTED_EDGE('',*,*,#6428,.T.);
#6428 = EDGE_CURVE('',#6421,#6429,#6431,.T.);
#6429 = VERTEX_POINT('',#6430);
#6430 = CARTESIAN_POINT('',(-21.8,81.,2.));
#6431 = LINE('',#6432,#6433);
#6432 = CARTESIAN_POINT('',(-4.273250414186E-16,81.,2.));
#6433 = VECTOR('',#6434,1.);
#6434 = DIRECTION('',(-1.,0.,0.));
#6435 = ORIENTED_EDGE('',*,*,#6436,.F.);
#6436 = EDGE_CURVE('',#4669,#6429,#6437,.T.);
#6437 = LINE('',#6438,#6439);
#6438 = CARTESIAN_POINT('',(-21.8,100.,2.));
#6439 = VECTOR('',#6440,1.);
#6440 = DIRECTION('',(0.,-1.,2.22044604925E-16));
#6441 = ORIENTED_EDGE('',*,*,#4668,.T.);
#6442 = ORIENTED_EDGE('',*,*,#6443,.F.);
#6443 = EDGE_CURVE('',#3088,#4641,#6444,.T.);
#6444 = LINE('',#6445,#6446);
#6445 = CARTESIAN_POINT('',(-21.8,100.,2.));
#6446 = VECTOR('',#6447,1.);
#6447 = DIRECTION('',(0.,-1.,2.22044604925E-16));
#6448 = ORIENTED_EDGE('',*,*,#3087,.F.);
#6449 = ORIENTED_EDGE('',*,*,#5677,.T.);
#6450 = ORIENTED_EDGE('',*,*,#5700,.T.);
#6451 = PLANE('',#6452);
#6452 = AXIS2_PLACEMENT_3D('',#6453,#6454,#6455);
#6453 = CARTESIAN_POINT('',(0.,3.853791109207E-15,2.));
#6454 = DIRECTION('',(0.,0.,1.));
#6455 = DIRECTION('',(1.,0.,0.));
#6456 = ADVANCED_FACE('',(#6457),#6463,.F.);
#6457 = FACE_BOUND('',#6458,.F.);
#6458 = EDGE_LOOP('',(#6459,#6460,#6461,#6462));
#6459 = ORIENTED_EDGE('',*,*,#6443,.F.);
#6460 = ORIENTED_EDGE('',*,*,#3095,.F.);
#6461 = ORIENTED_EDGE('',*,*,#6412,.F.);
#6462 = ORIENTED_EDGE('',*,*,#4640,.T.);
#6463 = CYLINDRICAL_SURFACE('',#6464,0.8);
#6464 = AXIS2_PLACEMENT_3D('',#6465,#6466,#6467);
#6465 = CARTESIAN_POINT('',(-21.,100.,2.));
#6466 = DIRECTION('',(0.,1.,-2.22044604925E-16));
#6467 = DIRECTION('',(-1.,0.,0.));
#6468 = ADVANCED_FACE('',(#6469),#6481,.F.);
#6469 = FACE_BOUND('',#6470,.F.);
#6470 = EDGE_LOOP('',(#6471,#6472,#6473,#6474));
#6471 = ORIENTED_EDGE('',*,*,#6234,.F.);
#6472 = ORIENTED_EDGE('',*,*,#3410,.F.);
#6473 = ORIENTED_EDGE('',*,*,#6218,.F.);
#6474 = ORIENTED_EDGE('',*,*,#6475,.T.);
#6475 = EDGE_CURVE('',#6219,#6227,#6476,.T.);
#6476 = CIRCLE('',#6477,0.8);
#6477 = AXIS2_PLACEMENT_3D('',#6478,#6479,#6480);
#6478 = CARTESIAN_POINT('',(-24.,-81.,2.));
#6479 = DIRECTION('',(0.,-1.,2.22044604925E-16));
#6480 = DIRECTION('',(1.,0.,0.));
#6481 = CYLINDRICAL_SURFACE('',#6482,0.8);
#6482 = AXIS2_PLACEMENT_3D('',#6483,#6484,#6485);
#6483 = CARTESIAN_POINT('',(-24.,-100.,2.));
#6484 = DIRECTION('',(0.,-1.,2.22044604925E-16));
#6485 = DIRECTION('',(1.,0.,0.));
#6486 = ADVANCED_FACE('',(#6487),#6499,.F.);
#6487 = FACE_BOUND('',#6488,.F.);
#6488 = EDGE_LOOP('',(#6489,#6490,#6491,#6492));
#6489 = ORIENTED_EDGE('',*,*,#6296,.F.);
#6490 = ORIENTED_EDGE('',*,*,#3533,.F.);
#6491 = ORIENTED_EDGE('',*,*,#6280,.F.);
#6492 = ORIENTED_EDGE('',*,*,#6493,.T.);
#6493 = EDGE_CURVE('',#6281,#6289,#6494,.T.);
#6494 = CIRCLE('',#6495,0.8);
#6495 = AXIS2_PLACEMENT_3D('',#6496,#6497,#6498);
#6496 = CARTESIAN_POINT('',(24.,-81.,2.));
#6497 = DIRECTION('',(0.,-1.,2.22044604925E-16));
#6498 = DIRECTION('',(1.,0.,0.));
#6499 = CYLINDRICAL_SURFACE('',#6500,0.8);
#6500 = AXIS2_PLACEMENT_3D('',#6501,#6502,#6503);
#6501 = CARTESIAN_POINT('',(24.,-100.,2.));
#6502 = DIRECTION('',(0.,-1.,2.22044604925E-16));
#6503 = DIRECTION('',(1.,0.,0.));
#6504 = ADVANCED_FACE('',(#6505,#6513),#6516,.F.);
#6505 = FACE_BOUND('',#6506,.F.);
#6506 = EDGE_LOOP('',(#6507,#6508,#6509,#6510,#6511,#6512));
#6507 = ORIENTED_EDGE('',*,*,#3669,.F.);
#6508 = ORIENTED_EDGE('',*,*,#3621,.F.);
#6509 = ORIENTED_EDGE('',*,*,#3652,.F.);
#6510 = ORIENTED_EDGE('',*,*,#3700,.F.);
#6511 = ORIENTED_EDGE('',*,*,#3741,.F.);
#6512 = ORIENTED_EDGE('',*,*,#3717,.F.);
#6513 = FACE_BOUND('',#6514,.F.);
#6514 = EDGE_LOOP('',(#6515));
#6515 = ORIENTED_EDGE('',*,*,#5965,.F.);
#6516 = PLANE('',#6517);
#6517 = AXIS2_PLACEMENT_3D('',#6518,#6519,#6520);
#6518 = CARTESIAN_POINT('',(-10.86103948111,12.473054359767,1.6));
#6519 = DIRECTION('',(0.,0.,1.));
#6520 = DIRECTION('',(1.,0.,0.));
#6521 = ADVANCED_FACE('',(#6522,#6530),#6533,.F.);
#6522 = FACE_BOUND('',#6523,.F.);
#6523 = EDGE_LOOP('',(#6524,#6525,#6526,#6527,#6528,#6529));
#6524 = ORIENTED_EDGE('',*,*,#3949,.F.);
#6525 = ORIENTED_EDGE('',*,*,#3901,.F.);
#6526 = ORIENTED_EDGE('',*,*,#3932,.F.);
#6527 = ORIENTED_EDGE('',*,*,#3980,.F.);
#6528 = ORIENTED_EDGE('',*,*,#4021,.F.);
#6529 = ORIENTED_EDGE('',*,*,#3997,.F.);
#6530 = FACE_BOUND('',#6531,.F.);
#6531 = EDGE_LOOP('',(#6532));
#6532 = ORIENTED_EDGE('',*,*,#5990,.F.);
#6533 = PLANE('',#6534);
#6534 = AXIS2_PLACEMENT_3D('',#6535,#6536,#6537);
#6535 = CARTESIAN_POINT('',(-10.86103948111,12.473054359767,1.6));
#6536 = DIRECTION('',(0.,0.,1.));
#6537 = DIRECTION('',(1.,0.,0.));
#6538 = ADVANCED_FACE('',(#6539,#6547),#6550,.F.);
#6539 = FACE_BOUND('',#6540,.F.);
#6540 = EDGE_LOOP('',(#6541,#6542,#6543,#6544,#6545,#6546));
#6541 = ORIENTED_EDGE('',*,*,#4365,.F.);
#6542 = ORIENTED_EDGE('',*,*,#4317,.F.);
#6543 = ORIENTED_EDGE('',*,*,#4348,.F.);
#6544 = ORIENTED_EDGE('',*,*,#4396,.F.);
#6545 = ORIENTED_EDGE('',*,*,#4437,.F.);
#6546 = ORIENTED_EDGE('',*,*,#4413,.F.);
#6547 = FACE_BOUND('',#6548,.F.);
#6548 = EDGE_LOOP('',(#6549));
#6549 = ORIENTED_EDGE('',*,*,#6040,.F.);
#6550 = PLANE('',#6551);
#6551 = AXIS2_PLACEMENT_3D('',#6552,#6553,#6554);
#6552 = CARTESIAN_POINT('',(-10.86103948111,12.473054359767,1.6));
#6553 = DIRECTION('',(0.,0.,1.));
#6554 = DIRECTION('',(1.,0.,0.));
#6555 = ADVANCED_FACE('',(#6556,#6564),#6567,.F.);
#6556 = FACE_BOUND('',#6557,.F.);
#6557 = EDGE_LOOP('',(#6558,#6559,#6560,#6561,#6562,#6563));
#6558 = ORIENTED_EDGE('',*,*,#4533,.F.);
#6559 = ORIENTED_EDGE('',*,*,#4485,.F.);
#6560 = ORIENTED_EDGE('',*,*,#4516,.F.);
#6561 = ORIENTED_EDGE('',*,*,#4564,.F.);
#6562 = ORIENTED_EDGE('',*,*,#4605,.F.);
#6563 = ORIENTED_EDGE('',*,*,#4581,.F.);
#6564 = FACE_BOUND('',#6565,.F.);
#6565 = EDGE_LOOP('',(#6566));
#6566 = ORIENTED_EDGE('',*,*,#6107,.F.);
#6567 = PLANE('',#6568);
#6568 = AXIS2_PLACEMENT_3D('',#6569,#6570,#6571);
#6569 = CARTESIAN_POINT('',(-10.86103948111,12.473054359767,1.6));
#6570 = DIRECTION('',(0.,0.,1.));
#6571 = DIRECTION('',(1.,0.,0.));
#6572 = ADVANCED_FACE('',(#6573),#6585,.F.);
#6573 = FACE_BOUND('',#6574,.F.);
#6574 = EDGE_LOOP('',(#6575,#6576,#6577,#6578));
#6575 = ORIENTED_EDGE('',*,*,#6436,.F.);
#6576 = ORIENTED_EDGE('',*,*,#4677,.F.);
#6577 = ORIENTED_EDGE('',*,*,#6420,.F.);
#6578 = ORIENTED_EDGE('',*,*,#6579,.T.);
#6579 = EDGE_CURVE('',#6421,#6429,#6580,.T.);
#6580 = CIRCLE('',#6581,0.8);
#6581 = AXIS2_PLACEMENT_3D('',#6582,#6583,#6584);
#6582 = CARTESIAN_POINT('',(-21.,81.,2.));
#6583 = DIRECTION('',(0.,1.,-2.22044604925E-16));
#6584 = DIRECTION('',(-1.,0.,0.));
#6585 = CYLINDRICAL_SURFACE('',#6586,0.8);
#6586 = AXIS2_PLACEMENT_3D('',#6587,#6588,#6589);
#6587 = CARTESIAN_POINT('',(-21.,100.,2.));
#6588 = DIRECTION('',(0.,1.,-2.22044604925E-16));
#6589 = DIRECTION('',(-1.,0.,0.));
#6590 = ADVANCED_FACE('',(#6591,#6599),#6602,.F.);
#6591 = FACE_BOUND('',#6592,.F.);
#6592 = EDGE_LOOP('',(#6593,#6594,#6595,#6596,#6597,#6598));
#6593 = ORIENTED_EDGE('',*,*,#4912,.F.);
#6594 = ORIENTED_EDGE('',*,*,#4864,.F.);
#6595 = ORIENTED_EDGE('',*,*,#4895,.F.);
#6596 = ORIENTED_EDGE('',*,*,#4943,.F.);
#6597 = ORIENTED_EDGE('',*,*,#4984,.F.);
#6598 = ORIENTED_EDGE('',*,*,#4960,.F.);
#6599 = FACE_BOUND('',#6600,.F.);
#6600 = EDGE_LOOP('',(#6601));
#6601 = ORIENTED_EDGE('',*,*,#6132,.F.);
#6602 = PLANE('',#6603);
#6603 = AXIS2_PLACEMENT_3D('',#6604,#6605,#6606);
#6604 = CARTESIAN_POINT('',(-10.86103948111,12.473054359767,1.6));
#6605 = DIRECTION('',(0.,0.,1.));
#6606 = DIRECTION('',(1.,0.,0.));
#6607 = ADVANCED_FACE('',(#6608,#6616),#6619,.F.);
#6608 = FACE_BOUND('',#6609,.F.);
#6609 = EDGE_LOOP('',(#6610,#6611,#6612,#6613,#6614,#6615));
#6610 = ORIENTED_EDGE('',*,*,#5328,.F.);
#6611 = ORIENTED_EDGE('',*,*,#5280,.F.);
#6612 = ORIENTED_EDGE('',*,*,#5311,.F.);
#6613 = ORIENTED_EDGE('',*,*,#5359,.F.);
#6614 = ORIENTED_EDGE('',*,*,#5400,.F.);
#6615 = ORIENTED_EDGE('',*,*,#5376,.F.);
#6616 = FACE_BOUND('',#6617,.F.);
#6617 = EDGE_LOOP('',(#6618));
#6618 = ORIENTED_EDGE('',*,*,#6157,.F.);
#6619 = PLANE('',#6620);
#6620 = AXIS2_PLACEMENT_3D('',#6621,#6622,#6623);
#6621 = CARTESIAN_POINT('',(-10.86103948111,12.473054359767,1.6));
#6622 = DIRECTION('',(0.,0.,1.));
#6623 = DIRECTION('',(1.,0.,0.));
#6624 = ADVANCED_FACE('',(#6625),#6637,.F.);
#6625 = FACE_BOUND('',#6626,.F.);
#6626 = EDGE_LOOP('',(#6627,#6628,#6629,#6630));
#6627 = ORIENTED_EDGE('',*,*,#6374,.F.);
#6628 = ORIENTED_EDGE('',*,*,#5608,.F.);
#6629 = ORIENTED_EDGE('',*,*,#6358,.F.);
#6630 = ORIENTED_EDGE('',*,*,#6631,.T.);
#6631 = EDGE_CURVE('',#6359,#6367,#6632,.T.);
#6632 = CIRCLE('',#6633,0.8);
#6633 = AXIS2_PLACEMENT_3D('',#6634,#6635,#6636);
#6634 = CARTESIAN_POINT('',(21.,81.,2.));
#6635 = DIRECTION('',(0.,1.,-2.22044604925E-16));
#6636 = DIRECTION('',(-1.,0.,0.));
#6637 = CYLINDRICAL_SURFACE('',#6638,0.8);
#6638 = AXIS2_PLACEMENT_3D('',#6639,#6640,#6641);
#6639 = CARTESIAN_POINT('',(21.,100.,2.));
#6640 = DIRECTION('',(0.,1.,-2.22044604925E-16));
#6641 = DIRECTION('',(-1.,0.,0.));
#6642 = ADVANCED_FACE('',(#6643),#6647,.F.);
#6643 = FACE_BOUND('',#6644,.F.);
#6644 = EDGE_LOOP('',(#6645,#6646));
#6645 = ORIENTED_EDGE('',*,*,#6226,.F.);
#6646 = ORIENTED_EDGE('',*,*,#6475,.F.);
#6647 = PLANE('',#6648);
#6648 = AXIS2_PLACEMENT_3D('',#6649,#6650,#6651);
#6649 = CARTESIAN_POINT('',(8.546500828371E-16,-81.,2.));
#6650 = DIRECTION('',(0.,1.,0.));
#6651 = DIRECTION('',(0.,0.,1.));
#6652 = ADVANCED_FACE('',(#6653),#6657,.F.);
#6653 = FACE_BOUND('',#6654,.F.);
#6654 = EDGE_LOOP('',(#6655,#6656));
#6655 = ORIENTED_EDGE('',*,*,#6288,.F.);
#6656 = ORIENTED_EDGE('',*,*,#6493,.F.);
#6657 = PLANE('',#6658);
#6658 = AXIS2_PLACEMENT_3D('',#6659,#6660,#6661);
#6659 = CARTESIAN_POINT('',(8.546500828371E-16,-81.,2.));
#6660 = DIRECTION('',(0.,1.,0.));
#6661 = DIRECTION('',(0.,0.,1.));
#6662 = ADVANCED_FACE('',(#6663),#6667,.T.);
#6663 = FACE_BOUND('',#6664,.T.);
#6664 = EDGE_LOOP('',(#6665,#6666));
#6665 = ORIENTED_EDGE('',*,*,#6631,.T.);
#6666 = ORIENTED_EDGE('',*,*,#6366,.F.);
#6667 = PLANE('',#6668);
#6668 = AXIS2_PLACEMENT_3D('',#6669,#6670,#6671);
#6669 = CARTESIAN_POINT('',(-8.546500828371E-16,81.,2.));
#6670 = DIRECTION('',(0.,1.,0.));
#6671 = DIRECTION('',(0.,0.,1.));
#6672 = ADVANCED_FACE('',(#6673),#6677,.T.);
#6673 = FACE_BOUND('',#6674,.T.);
#6674 = EDGE_LOOP('',(#6675,#6676));
#6675 = ORIENTED_EDGE('',*,*,#6579,.T.);
#6676 = ORIENTED_EDGE('',*,*,#6428,.F.);
#6677 = PLANE('',#6678);
#6678 = AXIS2_PLACEMENT_3D('',#6679,#6680,#6681);
#6679 = CARTESIAN_POINT('',(-8.546500828371E-16,81.,2.));
#6680 = DIRECTION('',(0.,1.,0.));
#6681 = DIRECTION('',(0.,0.,1.));
#6682 = ( GEOMETRIC_REPRESENTATION_CONTEXT(3) 
GLOBAL_UNCERTAINTY_ASSIGNED_CONTEXT((#6686)) 
GLOBAL_UNIT_ASSIGNED_CONTEXT((#6683,#6684,#6685)) REPRESENTATION_CONTEXT
('Context #1','3D Context with UNIT and UNCERTAINTY') );
#6683 = ( LENGTH_UNIT() NAMED_UNIT(*) SI_UNIT(.MILLI.,.METRE.) );
#6684 = ( NAMED_UNIT(*) PLANE_ANGLE_UNIT() SI_UNIT($,.RADIAN.) );
#6685 = ( NAMED_UNIT(*) SI_UNIT($,.STERADIAN.) SOLID_ANGLE_UNIT() );
#6686 = UNCERTAINTY_MEASURE_WITH_UNIT(LENGTH_MEASURE(1.E-05),#6683,
  'distance_accuracy_value','confusion accuracy');
#6687 = PRODUCT_RELATED_PRODUCT_CATEGORY('part',$,(#7));
#6688 = MECHANICAL_DESIGN_GEOMETRIC_PRESENTATION_REPRESENTATION('',(
    #6689),#6682);
#6689 = STYLED_ITEM('color',(#6690),#15);
#6690 = PRESENTATION_STYLE_ASSIGNMENT((#6691,#6697));
#6691 = SURFACE_STYLE_USAGE(.BOTH.,#6692);
#6692 = SURFACE_SIDE_STYLE('',(#6693));
#6693 = SURFACE_STYLE_FILL_AREA(#6694);
#6694 = FILL_AREA_STYLE('',(#6695));
#6695 = FILL_AREA_STYLE_COLOUR('',#6696);
#6696 = COLOUR_RGB('',0.345098051753,0.172549024526,0.513725522276);
#6697 = CURVE_STYLE('',#6698,POSITIVE_LENGTH_MEASURE(0.1),#6699);
#6698 = DRAUGHTING_PRE_DEFINED_CURVE_FONT('continuous');
#6699 = COLOUR_RGB('',9.803921802644E-02,9.803921802644E-02,
  9.803921802644E-02);
ENDSEC;
END-ISO-10303-21;
